[
  {
    "sender": "Kayla",
    "recipients": [
      "Morgan",
      "Frank"
    ],
    "message": "OMG guys, I just watched a vid on how social media can be addictive! Anyone else feel like u can't put it down? #TikTokInfluencer #SocialMediaAddiction"
  },
  {
    "sender": "Morgan",
    "recipients": [
      "Kayla",
      "Frank"
    ],
    "message": "Interesting topic, Kayla. As a lawyer, I see how social media can be a double-edged sword. It's both a tool and a trap. Thoughts?"
  },
  {
    "sender": "Kayla",
    "recipients": [
      "Morgan",
      "Frank"
    ],
    "message": "Totally! It's like a never-ending scroll. I try to limit my time but sometimes I just can't help it. #DigitalDetox anyone?"
  },
  {
    "sender": "Morgan",
    "recipients": [
      "Kayla",
      "Frank"
    ],
    "message": "I agree. For me, it's about setting boundaries. I use apps to track my usage and take breaks. What about you, Kayla?"
  },
  {
    "sender": "Kayla",
    "recipients": [
      "Morgan",
      "Frank"
    ],
    "message": "I've tried but it's hard. Maybe I need to find other hobbies to keep me busy. Any tips, Morgan?"
  },
  {
    "sender": "Morgan",
    "recipients": [
      "Kayla",
      "Frank"
    ],
    "message": "Definitely! Find activities that interest you and make you happy. Maybe join a club or take up a new hobby. It helps to have a variety of interests."
  },
  {
    "sender": "Kayla",
    "recipients": [
      "Morgan",
      "Frank"
    ],
    "message": "Thanks, Morgan! I'll give it a shot. Anyone else have any tips or experiences to share?"
  },
  {
    "sender": "Frank",
    "recipients": [
      "Kayla",
      "Morgan"
    ],
    "message": "Hey, I'm Frank. I drive for Uber and barely have time for social media. But I see how it can be a distraction. Maybe I should try limiting my own time on it."
  },
  {
    "sender": "Morgan",
    "recipients": [
      "Kayla",
      "Frank"
    ],
    "message": "Great to meet you, Frank! It's all about finding balance. Even small steps can make a big difference. How's your day going?"
  },
  {
    "sender": "Kayla",
    "recipients": [
      "Morgan",
      "Frank"
    ],
    "message": "Thanks, Frank! I think we all struggle with it in different ways. Let's support each other in finding a healthy balance."
  },
  {
    "sender": "Frank",
    "recipients": [
      "Kayla",
      "Morgan"
    ],
    "message": "Agreed. It's tough being on the road all day, but I'll try to stay connected without getting too distracted. Thanks for the chat!"
  },
  {
    "sender": "Morgan",
    "recipients": [
      "Kayla",
      "Frank"
    ],
    "message": "You're welcome, Frank. Stay balanced and take care! #HealthyBalance"
  },
  {
    "sender": "Kayla",
    "recipients": [
      "Morgan",
      "Frank"
    ],
    "message": "Thanks for the chat, everyone! It's good to know I'm not alone in this. Let's keep the conversation going!"
  },
  {
    "sender": "Frank",
    "recipients": [
      "Kayla",
      "Morgan"
    ],
    "message": "Definitely! Let's keep each other accountable. #HealthyBalance #SocialMediaAddiction"
  },
  {
    "sender": "Morgan",
    "recipients": [
      "Kayla",
      "Frank"
    ],
    "message": "Absolutely! Here's to a healthier relationship with social media. #HealthyBalance"
  },
  {
    "sender": "Kayla",
    "recipients": [
      "Morgan",
      "Frank"
    ],
    "message": "Can't wait to see how we all do! #TikTokInfluencer #SocialMediaAddiction"
  },
  {
    "sender": "Frank",
    "recipients": [
      "Kayla",
      "Morgan"
    ],
    "message": "Looking forward to it! #HealthyBalance #SocialMediaAddiction"
  },
  {
    "sender": "Morgan",
    "recipients": [
      "Kayla",
      "Frank"
    ],
    "message": "Stay tuned for more updates and tips. Let's make a change together! #HealthyBalance"
  }
]