[
  {
    "sender": "Kayla",
    "recipients": [
      "Morgan",
      "Frank",
      "Karen"
    ],
    "message": "🔥 New TikTok trend: #EndGunViolence! We need stricter laws to protect our communities. What do u think? 🇺🇸 #GunControl"
  },
  {
    "sender": "Morgan",
    "recipients": [
      "Kayla",
      "Frank",
      "Karen"
    ],
    "message": "As a lawyer, I've seen the impact of weak gun laws. We need comprehensive background checks & red flag laws. #GunControlNow"
  },
  {
    "sender": "Frank",
    "recipients": [
      "Kayla",
      "Morgan",
      "Karen"
    ],
    "message": "I've seen too many tragedies. We need to do more to keep guns out of the wrong hands. #EndGunViolence"
  },
  {
    "sender": "Karen",
    "recipients": [
      "Kayla",
      "Morgan",
      "Frank"
    ],
    "message": "As a politician, I'm working on new gun control measures. It's a complex issue, but we must act now. #SafeCommunities"
  },
  {
    "sender": "Kayla",
    "recipients": [
      "Morgan",
      "Frank",
      "Karen"
    ],
    "message": "RT if you agree! Let's make a difference. 🙌 #EndGunViolence"
  },
  {
    "sender": "Morgan",
    "recipients": [
      "Kayla",
      "Frank",
      "Karen"
    ],
    "message": "Agreed. Every life is valuable. Let's push for stronger laws. #GunControl"
  },
  {
    "sender": "Frank",
    "recipients": [
      "Kayla",
      "Morgan",
      "Karen"
    ],
    "message": "Just wish more would care. But every little bit helps. #EndGunViolence"
  },
  {
    "sender": "Karen",
    "recipients": [
      "Kayla",
      "Morgan",
      "Frank"
    ],
    "message": "Every voice counts. Keep the conversation going. #SafeCommunities"
  },
  {
    "sender": "Kayla",
    "recipients": [
      "Morgan",
      "Frank",
      "Karen"
    ],
    "message": "Thanks for the support! Let's keep spreading the word. 🌟 #EndGunViolence"
  },
  {
    "sender": "Morgan",
    "recipients": [
      "Kayla",
      "Frank",
      "Karen"
    ],
    "message": "Absolutely. Together, we can make a change. #GunControl"
  },
  {
    "sender": "Frank",
    "recipients": [
      "Kayla",
      "Morgan",
      "Karen"
    ],
    "message": "Hope we can see some real change soon. #EndGunViolence"
  }
]