[
  {
    "sender": "Kayla",
    "recipients": [
      "Morgan"
    ],
    "message": "OMG guys, just watched a vid on cancel culture! It’s so crazy how fast people can turn on someone. Thoughts? #TikTokInfluencer #CancelCulture"
  },
  {
    "sender": "Morgan",
    "recipients": [
      "Kayla"
    ],
    "message": "Cancel culture is a complex issue. On one hand, it can hold people accountable, but on the other, it can be harsh and unfair. Thoughts? #CorporateLawyer #SocialMedia"
  },
  {
    "sender": "Kayla",
    "recipients": [
      "Morgan"
    ],
    "message": "Totally! I mean, I’ve seen some ppl get canceled for tiny stuff. It’s like a witch hunt sometimes. What do u think Morgan? #TikTokInfluencer #CancelCulture"
  },
  {
    "sender": "Morgan",
    "recipients": [
      "Kayla"
    ],
    "message": "Agreed. It’s important to consider the context and impact of our actions. We should strive for constructive criticism rather than cancellation. #CorporateLawyer #SocialMedia"
  },
  {
    "sender": "Kayla",
    "recipients": [
      "Morgan"
    ],
    "message": "Definitely! But it’s hard to know what’s too much. Like, if someone does something really bad, should they be canceled or just given a chance to change? #TikTokInfluencer #CancelCulture"
  },
  {
    "sender": "Morgan",
    "recipients": [
      "Kayla"
    ],
    "message": "That’s a tough question. It depends on the severity and the individual’s response. A second chance can be valuable, but accountability is also important. #CorporateLawyer #SocialMedia"
  },
  {
    "sender": "Kayla",
    "recipients": [
      "Morgan"
    ],
    "message": "Makes sense. I guess it’s all about finding that balance. Thanks for the insight Morgan! #TikTokInfluencer #CancelCulture"
  },
  {
    "sender": "Morgan",
    "recipients": [
      "Kayla"
    ],
    "message": "You’re welcome, Kayla. It’s a topic that’s always evolving. Keep sharing your thoughts on your channel. #CorporateLawyer #SocialMedia"
  },
  {
    "sender": "Kayla",
    "recipients": [
      "Morgan"
    ],
    "message": "Will do! Thanks for the chat. Let’s keep this conversation going. #TikTokInfluencer #CancelCulture"
  },
  {
    "sender": "Morgan",
    "recipients": [
      "Kayla"
    ],
    "message": "Definitely! Stay tuned for more thoughtful discussions. #CorporateLawyer #SocialMedia"
  },
  {
    "sender": "Kayla",
    "recipients": [
      "Morgan"
    ],
    "message": "Can’t wait! 🌟 #TikTokInfluencer #CancelCulture"
  },
  {
    "sender": "Morgan",
    "recipients": [
      "Kayla"
    ],
    "message": "Looking forward to it. 🌟 #CorporateLawyer #SocialMedia"
  }
]