[
  {
    "sender": "Kayla",
    "recipients": [
      "Morgan"
    ],
    "message": "Hey guys! Just watched a video on the gender pay gap. It's so frustrating how women still earn less. Thoughts? #GenderPayGap #Equality"
  },
  {
    "sender": "Morgan",
    "recipients": [
      "Kayla"
    ],
    "message": "Absolutely, Kayla. I've seen this firsthand in my corporate world. It's a complex issue, but we need to keep pushing for change. #GenderEquality"
  },
  {
    "sender": "Kayla",
    "recipients": [
      "Morgan"
    ],
    "message": "Totally agree! Maybe we can start by supporting women-owned businesses. Every little bit helps, right? #SupportWomen"
  },
  {
    "sender": "Morgan",
    "recipients": [
      "Kayla"
    ],
    "message": "Definitely. And advocating for equal pay policies in our workplaces. It's a step in the right direction. #EqualPay"
  },
  {
    "sender": "Kayla",
    "recipients": [
      "Morgan"
    ],
    "message": "I've been trying to use my platform to raise awareness. Any tips on how to do that effectively? #InfluencerTips"
  },
  {
    "sender": "Morgan",
    "recipients": [
      "Kayla"
    ],
    "message": "Great idea, Kayla! Share stories of women who've overcome pay gaps. Use data to back up your claims. And engage with your audience. #SocialMediaTips"
  },
  {
    "sender": "Kayla",
    "recipients": [
      "Morgan"
    ],
    "message": "Thanks, Morgan! I'll definitely work on that. Let's keep this conversation going. #KeepTheDiscussionAlive"
  },
  {
    "sender": "Morgan",
    "recipients": [
      "Kayla"
    ],
    "message": "Absolutely, Kayla. Together, we can make a difference. Keep up the great work! #TogetherWeCan"
  },
  {
    "sender": "Kayla",
    "recipients": [
      "Morgan"
    ],
    "message": "I'm excited to see what we can achieve. Thanks for the chat, Morgan! #Collaboration"
  },
  {
    "sender": "Morgan",
    "recipients": [
      "Kayla"
    ],
    "message": "Anytime, Kayla. Let's do this! #GenderPayGapAwareness"
  },
  {
    "sender": "Kayla",
    "recipients": [
      "Morgan"
    ],
    "message": "Just watched a new video on the topic. More stats and stories to share. Stay tuned! #StayInformed"
  },
  {
    "sender": "Morgan",
    "recipients": [
      "Kayla"
    ],
    "message": "Looking forward to it! Keep it coming. #KeepThePressureOn"
  },
  {
    "sender": "Kayla",
    "recipients": [
      "Morgan"
    ],
    "message": "Thanks, Morgan! I'll make sure to keep the momentum going. #GenderPayGap"
  },
  {
    "sender": "Morgan",
    "recipients": [
      "Kayla"
    ],
    "message": "Great! Let's keep pushing for change. #GenderEqualityNow"
  },
  {
    "sender": "Kayla",
    "recipients": [
      "Morgan"
    ],
    "message": "Absolutely! Every voice counts. Let's make a difference. #GenderPayGapAwareness"
  },
  {
    "sender": "Morgan",
    "recipients": [
      "Kayla"
    ],
    "message": "Agreed. Let's do this! #GenderEquality"
  },
  {
    "sender": "Kayla",
    "recipients": [
      "Morgan"
    ],
    "message": "Thanks for the chat, Morgan. You're a great inspiration! #Inspirational"
  },
  {
    "sender": "Morgan",
    "recipients": [
      "Kayla"
    ],
    "message": "Thanks, Kayla. You're doing amazing work too! #CollaborativeChange"
  },
  {
    "sender": "Kayla",
    "recipients": [
      "Morgan"
    ],
    "message": "Let's keep this conversation going and make a real impact. #GenderPayGap"
  },
  {
    "sender": "Morgan",
    "recipients": [
      "Kayla"
    ],
    "message": "Absolutely. Together, we can create change. #GenderEquality"
  }
]