[
  {
    "sender": "Kayla",
    "recipients": [
      "Morgan",
      "Frank",
      "Karen"
    ],
    "message": "Just watched a powerful TikTok on systemic racism. It’s real and it affects us all. #BlackLivesMatter"
  },
  {
    "sender": "Morgan",
    "recipients": [
      "Kayla",
      "Frank",
      "Karen"
    ],
    "message": "Systemic racism is a complex issue. We need to address it through education and policy changes. #JusticeForAll"
  },
  {
    "sender": "Frank",
    "recipients": [
      "Kayla",
      "Morgan",
      "Karen"
    ],
    "message": "I see racism everywhere, but it’s hard to change when you’re struggling just to make ends meet. #EndPovertyEndRacism"
  },
  {
    "sender": "Karen",
    "recipients": [
      "Kayla",
      "Morgan",
      "Frank"
    ],
    "message": "As a politician, I’m working to address systemic racism. It’s not easy, but it’s necessary for a fair society. #Progress"
  },
  {
    "sender": "Kayla",
    "recipients": [
      "Morgan",
      "Frank",
      "Karen"
    ],
    "message": "It’s great to see progress, but we need more action. Every voice counts in the fight against racism. #EveryVoiceMatters"
  },
  {
    "sender": "Morgan",
    "recipients": [
      "Kayla",
      "Frank",
      "Karen"
    ],
    "message": "Agreed. We must continue to educate ourselves and others. Knowledge is power in this fight. #EducationIsKey"
  },
  {
    "sender": "Frank",
    "recipients": [
      "Kayla",
      "Morgan",
      "Karen"
    ],
    "message": "I wish I could do more. Maybe if I had better opportunities, I could help more. #OpportunityEqualsJustice"
  },
  {
    "sender": "Karen",
    "recipients": [
      "Kayla",
      "Morgan",
      "Frank"
    ],
    "message": "Opportunities are key. We need to create more pathways for everyone to succeed. #EqualOpportunitiesForAll"
  },
  {
    "sender": "Kayla",
    "recipients": [
      "Morgan",
      "Frank",
      "Karen"
    ],
    "message": "Let’s keep sharing our stories and pushing for change. Every step counts. #TogetherWeCan"
  },
  {
    "sender": "Morgan",
    "recipients": [
      "Kayla",
      "Frank",
      "Karen"
    ],
    "message": "Absolutely. It’s a collective effort. Let’s keep the conversation going. #StayInformedStayInvolved"
  },
  {
    "sender": "Frank",
    "recipients": [
      "Kayla",
      "Morgan",
      "Karen"
    ],
    "message": "I’ll keep trying. Maybe one day I can make a bigger difference. #SmallStepsLeadToBigChanges"
  }
]