[
  {
    "sender": "Morgan",
    "recipients": [
      "Frank",
      "Karen"
    ],
    "message": "As a corporate lawyer, I see firsthand how CSR can boost a company's reputation. It's not just about PR, but about making a real impact."
  },
  {
    "sender": "Frank",
    "recipients": [
      "Morgan",
      "Karen"
    ],
    "message": "I wish big companies would do more for the community. My income is tight, and I need more support."
  },
  {
    "sender": "Karen",
    "recipients": [
      "Morgan",
      "Frank"
    ],
    "message": "Corporate social responsibility is crucial. It's about more than just profit; it's about building a better society."
  },
  {
    "sender": "Morgan",
    "recipients": [
      "Frank",
      "Karen"
    ],
    "message": "Absolutely, Karen. Companies should be held accountable for their social and environmental impact. What steps do you think we can take to ensure this?"
  },
  {
    "sender": "Frank",
    "recipients": [
      "Morgan",
      "Karen"
    ],
    "message": "Maybe if companies focused more on helping people like me, it would make a real difference. I feel overlooked."
  },
  {
    "sender": "Karen",
    "recipients": [
      "Morgan",
      "Frank"
    ],
    "message": "Frank, your voice matters. We need to advocate for policies that support those in need. Your experiences can shape our approach."
  },
  {
    "sender": "Morgan",
    "recipients": [
      "Frank",
      "Karen"
    ],
    "message": "Agreed, Karen. We need to work together to create meaningful change. How can we involve more people like Frank in these discussions?"
  },
  {
    "sender": "Frank",
    "recipients": [
      "Morgan",
      "Karen"
    ],
    "message": "Maybe if more people knew about our struggles, companies would care more. I just want a fair shot."
  },
  {
    "sender": "Karen",
    "recipients": [
      "Morgan",
      "Frank"
    ],
    "message": "Frank, your story is powerful. Let's use it to drive change. We can start by sharing your experiences and advocating for policy changes."
  },
  {
    "sender": "Morgan",
    "recipients": [
      "Frank",
      "Karen"
    ],
    "message": "Exactly, Karen. We need to leverage our platforms to create real impact. Let's start by organizing a community event to raise awareness."
  },
  {
    "sender": "Frank",
    "recipients": [
      "Morgan",
      "Karen"
    ],
    "message": "I'd like to help. Maybe I can share my story at the event. It might make a difference."
  },
  {
    "sender": "Karen",
    "recipients": [
      "Morgan",
      "Frank"
    ],
    "message": "That would be amazing, Frank. Your voice can inspire others. Let's make this happen."
  },
  {
    "sender": "Morgan",
    "recipients": [
      "Frank",
      "Karen"
    ],
    "message": "Great! I'll reach out to some contacts to help us organize. Let's make a real difference."
  },
  {
    "sender": "Frank",
    "recipients": [
      "Morgan",
      "Karen"
    ],
    "message": "Thanks, Morgan. I'm in. Let's do this for the community."
  },
  {
    "sender": "Karen",
    "recipients": [
      "Morgan",
      "Frank"
    ],
    "message": "Together, we can make a real impact. Let's get started!"
  },
  {
    "sender": "Morgan",
    "recipients": [
      "Frank",
      "Karen"
    ],
    "message": "Absolutely, Karen. Let's make a difference, one step at a time."
  },
  {
    "sender": "Frank",
    "recipients": [
      "Morgan",
      "Karen"
    ],
    "message": "I'm excited to be part of this. Let's make a change."
  }
]