[
  {
    "sender": "Morgan",
    "recipients": [
      "Karen"
    ],
    "message": "Thoughts on affirmative action in education? It's a complex issue with valid arguments on both sides."
  },
  {
    "sender": "Karen",
    "recipients": [
      "Morgan"
    ],
    "message": "Absolutely, it's crucial for diversity but can also lead to reverse discrimination. What's your stance, Morgan?"
  },
  {
    "sender": "Morgan",
    "recipients": [
      "Karen"
    ],
    "message": "I believe it helps level the playing field for underrepresented groups. It's about opportunity, not preference."
  },
  {
    "sender": "Karen",
    "recipients": [
      "Morgan"
    ],
    "message": "Opportunity is key, but we must also consider the impact on meritocracy. How do you balance that?"
  },
  {
    "sender": "Morgan",
    "recipients": [
      "Karen"
    ],
    "message": "Balance is important. We can have both meritocracy and inclusivity. What are your concerns, Karen?"
  },
  {
    "sender": "Karen",
    "recipients": [
      "Morgan"
    ],
    "message": "Concerns about meritocracy can lead to resentment. How do we address that in policy?"
  },
  {
    "sender": "Morgan",
    "recipients": [
      "Karen"
    ],
    "message": "Education policies should be transparent and fair. Feedback loops can help adjust as needed."
  },
  {
    "sender": "Karen",
    "recipients": [
      "Morgan"
    ],
    "message": "Feedback is good, but it can also be manipulated. How do we ensure policies are effective and fair?"
  },
  {
    "sender": "Morgan",
    "recipients": [
      "Karen"
    ],
    "message": "Regular reviews and adjustments based on data and feedback can ensure policies remain effective."
  },
  {
    "sender": "Karen",
    "recipients": [
      "Morgan"
    ],
    "message": "Data is important, but it's also about the human element. How do we balance that?"
  },
  {
    "sender": "Morgan",
    "recipients": [
      "Karen"
    ],
    "message": "Both data and human stories are crucial. They provide a holistic view of the impact of policies."
  },
  {
    "sender": "Karen",
    "recipients": [
      "Morgan"
    ],
    "message": "Agreed. A mix of both will help us make informed decisions. Thanks for the thoughtful discussion, Morgan."
  }
]