[
  {
    "sender": "Morgan",
    "recipients": [
      "Frank"
    ],
    "message": "Just read an article on gig workers' rights. It's concerning how little protection they have. Thoughts, Frank?"
  },
  {
    "sender": "Frank",
    "recipients": [
      "Morgan"
    ],
    "message": "Yeah, it's tough. I barely make ends meet. No benefits, no job security. Feels like I'm just a number."
  },
  {
    "sender": "Morgan",
    "recipients": [
      "Frank"
    ],
    "message": "Absolutely. Maybe we can push for better policies. Have you considered joining a union?"
  },
  {
    "sender": "Frank",
    "recipients": [
      "Morgan"
    ],
    "message": "Union sounds good, but I don't know if I can afford it. Plus, it's hard to organize with such a flexible schedule."
  },
  {
    "sender": "Morgan",
    "recipients": [
      "Frank"
    ],
    "message": "Understand. Maybe we can start small, like advocating for better sick leave policies. Any ideas, Frank?"
  },
  {
    "sender": "Frank",
    "recipients": [
      "Morgan"
    ],
    "message": "Sick leave would help. Maybe we could start a petition or something. I could use the extra income too."
  },
  {
    "sender": "Morgan",
    "recipients": [
      "Frank"
    ],
    "message": "Definitely. Let's brainstorm some ideas and see what we can do. Every little bit helps."
  },
  {
    "sender": "Frank",
    "recipients": [
      "Morgan"
    ],
    "message": "Agreed. I'll start by sharing some of my experiences on social media. Maybe it'll spark some change."
  },
  {
    "sender": "Morgan",
    "recipients": [
      "Frank"
    ],
    "message": "Great idea, Frank. Let's keep each other updated on our progress. Together, we can make a difference."
  },
  {
    "sender": "Frank",
    "recipients": [
      "Morgan"
    ],
    "message": "Thanks, Morgan. I appreciate the support. Let's do this!"
  },
  {
    "sender": "Morgan",
    "recipients": [
      "Frank"
    ],
    "message": "Absolutely. Here's to making a positive change in the gig economy!"
  },
  {
    "sender": "Frank",
    "recipients": [
      "Morgan"
    ],
    "message": "Here's to it! 🚀"
  },
  {
    "sender": "Morgan",
    "recipients": [
      "Frank"
    ],
    "message": "Let's stay in touch and keep each other motivated. 📢"
  },
  {
    "sender": "Frank",
    "recipients": [
      "Morgan"
    ],
    "message": "Will do! 🤝"
  },
  {
    "sender": "Morgan",
    "recipients": [
      "Frank"
    ],
    "message": "Great! Let's make a real difference."
  },
  {
    "sender": "Frank",
    "recipients": [
      "Morgan"
    ],
    "message": "Absolutely! Let's do this!"
  },
  {
    "sender": "Morgan",
    "recipients": [
      "Frank"
    ],
    "message": "Here's to a better future for all gig workers!"
  },
  {
    "sender": "Frank",
    "recipients": [
      "Morgan"
    ],
    "message": "Cheers to that! 🥂"
  }
]