[
  {
    "sender": "Morgan",
    "recipients": [
      "Frank",
      "Karen"
    ],
    "message": "Excited to see more companies investing in green tech! It's crucial for our future. #GreenEnergy #Sustainability"
  },
  {
    "sender": "Frank",
    "recipients": [
      "Morgan",
      "Karen"
    ],
    "message": "Still struggling to afford car maintenance. Green tech sounds good but it's hard when you barely make ends meet. #UberLife"
  },
  {
    "sender": "Karen",
    "recipients": [
      "Morgan",
      "Frank"
    ],
    "message": "Green energy is key to our economic future. We need to invest in it now to create jobs and reduce pollution. #GreenJobs #ClimateAction"
  },
  {
    "sender": "Morgan",
    "recipients": [
      "Frank",
      "Karen"
    ],
    "message": "Agreed, Karen. It's a win-win. Cleaner environment and more job opportunities. Let's push for it! #GreenFuture"
  },
  {
    "sender": "Frank",
    "recipients": [
      "Morgan",
      "Karen"
    ],
    "message": "Hope it doesn't just benefit the rich. Need policies that help everyone, not just corporations. #Fairness"
  },
  {
    "sender": "Karen",
    "recipients": [
      "Morgan",
      "Frank"
    ],
    "message": "Absolutely, Frank. We need to ensure it's accessible to all. Policies should support both businesses and individuals. #InclusiveGrowth"
  },
  {
    "sender": "Morgan",
    "recipients": [
      "Frank",
      "Karen"
    ],
    "message": "Couldn't agree more. Let's advocate for fair policies that benefit everyone. #JusticeForAll"
  },
  {
    "sender": "Frank",
    "recipients": [
      "Morgan",
      "Karen"
    ],
    "message": "Hope we can make a difference. Every little bit helps. #SmallSteps"
  },
  {
    "sender": "Karen",
    "recipients": [
      "Morgan",
      "Frank"
    ],
    "message": "Every voice counts, Frank. Together, we can drive real change. #PowerInUnity"
  },
  {
    "sender": "Morgan",
    "recipients": [
      "Frank",
      "Karen"
    ],
    "message": "Let's keep the conversation going and support each other. #GreenCommunity"
  },
  {
    "sender": "Frank",
    "recipients": [
      "Morgan",
      "Karen"
    ],
    "message": "Agreed. Small steps lead to big changes. Thanks for the chat, Morgan. #Grateful"
  },
  {
    "sender": "Karen",
    "recipients": [
      "Morgan",
      "Frank"
    ],
    "message": "Always happy to discuss these important issues. Let's keep pushing for a better future. #ForwardTogether"
  }
]