[
  {
    "sender": "Karen",
    "recipients": [
      "Leo"
    ],
    "message": "It's crucial to balance environmental concerns with economic realities. We can't ignore the needs of our constituents who struggle to make ends meet."
  },
  {
    "sender": "Leo",
    "recipients": [
      "Karen"
    ],
    "message": "Environmental protests are about survival, not luxury. We need to protect our planet for future generations, not just jobs."
  },
  {
    "sender": "Karen",
    "recipients": [
      "Leo"
    ],
    "message": "I understand your passion, Leo, but we must consider the economic impact. Shutting down industries could lead to massive job losses."
  },
  {
    "sender": "Leo",
    "recipients": [
      "Karen"
    ],
    "message": "Jobs are important, but they're not worth destroying the environment. We need sustainable solutions, not short-term fixes."
  },
  {
    "sender": "Karen",
    "recipients": [
      "Leo"
    ],
    "message": "I agree on the need for sustainability, but we need to find a way to support those affected by changes. Maybe we can invest in green jobs?"
  },
  {
    "sender": "Leo",
    "recipients": [
      "Karen"
    ],
    "message": "Green jobs are a step in the right direction, but they need to be accessible and well-paying. We can't leave anyone behind."
  },
  {
    "sender": "Karen",
    "recipients": [
      "Leo"
    ],
    "message": "Absolutely, Leo. We need a comprehensive plan that includes retraining programs and support for those transitioning to new industries."
  },
  {
    "sender": "Leo",
    "recipients": [
      "Karen"
    ],
    "message": "That's a start. We need to keep pushing for change and hold leaders accountable for implementing these solutions."
  },
  {
    "sender": "Karen",
    "recipients": [
      "Leo"
    ],
    "message": "Agreed. It's a complex issue, but I'm committed to finding a balanced approach that benefits everyone."
  },
  {
    "sender": "Leo",
    "recipients": [
      "Karen"
    ],
    "message": "Let's work together to make a real difference. Every voice counts in this fight."
  },
  {
    "sender": "Karen",
    "recipients": [
      "Leo"
    ],
    "message": "Absolutely, Leo. Together, we can create a better future for all."
  },
  {
    "sender": "Leo",
    "recipients": [
      "Karen"
    ],
    "message": "Here's to a greener tomorrow. Let's keep the conversation going."
  },
  {
    "sender": "Karen",
    "recipients": [
      "Leo"
    ],
    "message": "Let's do this. We have a lot of work to do, but I'm ready to take on the challenge."
  },
  {
    "sender": "Leo",
    "recipients": [
      "Karen"
    ],
    "message": "Count me in. We'll make a difference, one step at a time."
  }
]