[
  {
    "sender": "Kayla",
    "recipients": [
      "Morgan"
    ],
    "message": "Hey Morgan! I've been thinking a lot about cancel culture lately. It's wild how one mistake can ruin someone's life, you know? #Thoughts"
  },
  {
    "sender": "Morgan",
    "recipients": [
      "Kayla"
    ],
    "message": "Hey Kayla! I've been pondering the same thing. It's a complex issue, isn't it? I think it's important to hold people accountable, but sometimes I worry about the consequences. #DeepThoughts"
  },
  {
    "sender": "Kayla",
    "recipients": [
      "Morgan"
    ],
    "message": "Totally! I mean, I've had my fair share of backlash, but it's nothing compared to what some people have to go through. It's just not fair. #Justice"
  },
  {
    "sender": "Morgan",
    "recipients": [
      "Kayla"
    ],
    "message": "I can imagine. It's a tough world out there. But remember, we all make mistakes. What's important is learning from them and growing. #GrowthMindset"
  },
  {
    "sender": "Kayla",
    "recipients": [
      "Morgan"
    ],
    "message": "You're right, Morgan. I guess it's about finding a balance. We should hold people accountable, but also give them a chance to change. #Balance"
  },
  {
    "sender": "Morgan",
    "recipients": [
      "Kayla"
    ],
    "message": "Exactly, Kayla. And it's not just about individuals, but also systems. We need to address the root causes of problems, not just the symptoms. #SystemicChange"
  },
  {
    "sender": "Kayla",
    "recipients": [
      "Morgan"
    ],
    "message": "You're so right, Morgan. I've been trying to use my platform to raise awareness about these issues. It's not easy, but I believe it's important. #Activism"
  },
  {
    "sender": "Morgan",
    "recipients": [
      "Kayla"
    ],
    "message": "I'm proud of you, Kayla. Keep using your voice for good. And remember, it's okay to take breaks and take care of yourself too. #SelfCare"
  },
  {
    "sender": "Kayla",
    "recipients": [
      "Morgan"
    ],
    "message": "Thanks, Morgan. I appreciate your support. And I'll definitely remember to take care of myself. #SelfLove"
  },
  {
    "sender": "Morgan",
    "recipients": [
      "Kayla"
    ],
    "message": "Of course, Kayla. We're in this together. Let's keep the conversation going and make a difference. #ChangeMakers"
  },
  {
    "sender": "Kayla",
    "recipients": [
      "Morgan"
    ],
    "message": "Absolutely, Morgan. Let's keep pushing for change and supporting each other. #Unity"
  },
  {
    "sender": "Morgan",
    "recipients": [
      "Kayla"
    ],
    "message": "I couldn't agree more, Kayla. Let's continue to challenge the status quo and create a better world for all. #Revolution"
  },
  {
    "sender": "Kayla",
    "recipients": [
      "Morgan"
    ],
    "message": "Let's do this, Morgan! Together, we can make a difference. #PowerToThePeople"
  },
  {
    "sender": "Morgan",
    "recipients": [
      "Kayla"
    ],
    "message": "You got this, Kayla! Let's change the world, one conversation at a time. #ChangeIsComing"
  }
]