[
  {
    "sender": "Kayla",
    "recipients": [
      "Morgan"
    ],
    "message": "Hey everyone! I just watched this eye-opening video about the gender pay gap. It's crazy how women are still not getting paid the same as men for the same work. #GenderPayGap #EqualPay"
  },
  {
    "sender": "Morgan",
    "recipients": [
      "Kayla"
    ],
    "message": "Hey Kayla, I've been thinking about that too. As a corporate lawyer, I've seen firsthand how the gender pay gap affects women in the workforce. It's a systemic issue that needs to be addressed."
  },
  {
    "sender": "Kayla",
    "recipients": [
      "Morgan"
    ],
    "message": "Exactly! And it's not just about the money, it's about respect and fairness. We need to keep talking about this issue and pushing for change."
  },
  {
    "sender": "Morgan",
    "recipients": [
      "Kayla"
    ],
    "message": "I couldn't agree more. And it's not just about women either, it affects everyone. We need to create a more equitable society for all."
  },
  {
    "sender": "Kayla",
    "recipients": [
      "Morgan"
    ],
    "message": "That's true. I'm glad we're having this conversation. Let's keep spreading awareness and pushing for change."
  },
  {
    "sender": "Morgan",
    "recipients": [
      "Kayla"
    ],
    "message": "Absolutely. Let's use our platforms to make a difference. Together, we can create a more equal world."
  },
  {
    "sender": "Kayla",
    "recipients": [
      "Morgan"
    ],
    "message": "I'm with you, Morgan. Let's keep fighting the good fight! #GenderEquality #EqualOpportunities"
  },
  {
    "sender": "Morgan",
    "recipients": [
      "Kayla"
    ],
    "message": "Let's do it! #GenderEqualityNow #EqualPayForEqualWork"
  },
  {
    "sender": "Kayla",
    "recipients": [
      "Morgan"
    ],
    "message": "Let's show the world that we won't stand for inequality. Let's make a difference together!"
  },
  {
    "sender": "Morgan",
    "recipients": [
      "Kayla"
    ],
    "message": "Together, we can create a brighter future for everyone. Let's keep pushing for change!"
  },
  {
    "sender": "Kayla",
    "recipients": [
      "Morgan"
    ],
    "message": "You're right, Morgan. Let's keep fighting for a more equal world. #GenderEqualityMatters"
  }
]