[
  {
    "sender": "Kayla",
    "recipients": [
      "Morgan",
      "Frank",
      "Karen"
    ],
    "message": "Just had a thought about gun control laws. As a TikTok influencer, I see a lot of young people feeling passionate about this issue. We need to listen to their voices and make a change! #GunControlNow"
  },
  {
    "sender": "Morgan",
    "recipients": [
      "Kayla",
      "Frank",
      "Karen"
    ],
    "message": "I agree, Kayla. As a corporate lawyer, I've seen the devastating effects of gun violence. It's time for comprehensive reform that prioritizes public safety and common sense. #EnoughIsEnough"
  },
  {
    "sender": "Frank",
    "recipients": [
      "Kayla",
      "Morgan",
      "Karen"
    ],
    "message": "I'm a working Uber driver, and I've seen firsthand how gun violence affects communities. We need stricter laws to keep our streets safe. #GunSafetyNow"
  },
  {
    "sender": "Karen",
    "recipients": [
      "Kayla",
      "Morgan",
      "Frank"
    ],
    "message": "While I understand the concerns, as a politician, I must consider all perspectives. I believe in responsible gun ownership and common-sense reforms. Let's work together to find a solution that respects our rights and keeps our communities safe. #GunReformNow"
  },
  {
    "sender": "Kayla",
    "recipients": [
      "Morgan",
      "Frank",
      "Karen"
    ],
    "message": "I appreciate your perspective, Karen. But as a young person, I feel like my voice isn't always heard. Let's make sure we're prioritizing the safety of future generations. #YouthVoiceMatters"
  },
  {
    "sender": "Morgan",
    "recipients": [
      "Kayla",
      "Frank",
      "Karen"
    ],
    "message": "Kayla, I hear you. And I'm committed to fighting for change that reflects the values of all members of our society. Let's work together to create a safer future for everyone. #UnitedForChange"
  },
  {
    "sender": "Frank",
    "recipients": [
      "Kayla",
      "Morgan",
      "Karen"
    ],
    "message": "I'm glad to see everyone coming together on this important issue. As a working-class individual, I've seen the impact of gun violence on my community. Let's make sure our solutions address the needs of all people. #JusticeForAll"
  },
  {
    "sender": "Karen",
    "recipients": [
      "Kayla",
      "Morgan",
      "Frank"
    ],
    "message": "Frank, your perspective is invaluable. I'm committed to working with you and others to find solutions that address the root causes of gun violence and promote safety for all. #TogetherWeCan"
  },
  {
    "sender": "Kayla",
    "recipients": [
      "Morgan",
      "Frank",
      "Karen"
    ],
    "message": "Let's keep the conversation going and push for real change. Our future depends on it. #ChangeIsComing"
  },
  {
    "sender": "Morgan",
    "recipients": [
      "Kayla",
      "Frank",
      "Karen"
    ],
    "message": "I'm with you, Kayla. Together, we can make a difference. Let's continue to advocate for common-sense gun control laws and a safer future for all. #UnitedWeStand"
  },
  {
    "sender": "Frank",
    "recipients": [
      "Kayla",
      "Morgan",
      "Karen"
    ],
    "message": "I'm proud to stand with you both. Let's keep fighting for a safer future for our communities. #JusticeForAll"
  },
  {
    "sender": "Karen",
    "recipients": [
      "Kayla",
      "Morgan",
      "Frank"
    ],
    "message": "Thank you, Frank and Kayla, for your passion and commitment to this important issue. Together, we can make a difference. #TogetherWeCan"
  }
]