[
  {
    "sender": "Kayla",
    "recipients": [
      "Morgan",
      "Frank",
      "Karen"
    ],
    "message": "Hey guys, I've been thinking a lot about systemic racism lately. It's not right that some people have opportunities handed to them just because of the color of their skin. #EndRacism"
  },
  {
    "sender": "Morgan",
    "recipients": [
      "Kayla",
      "Frank",
      "Karen"
    ],
    "message": "I completely agree, Kayla. As a nonbinary person, I've faced my own share of discrimination. It's crucial that we work together to dismantle systemic racism and create a more equitable society for all. 🤝"
  },
  {
    "sender": "Frank",
    "recipients": [
      "Kayla",
      "Morgan",
      "Karen"
    ],
    "message": "Amen to that. I've seen firsthand how systemic racism affects people's lives. It's time for real change, not just empty promises. #JusticeForAll"
  },
  {
    "sender": "Karen",
    "recipients": [
      "Kayla",
      "Morgan",
      "Frank"
    ],
    "message": "I hear you all, but let's not forget that systemic racism is a complex issue that requires thoughtful solutions. As a politician, I'm committed to working towards a more just society for everyone. #ProgressNotPerfection"
  },
  {
    "sender": "Kayla",
    "recipients": [
      "Morgan",
      "Frank",
      "Karen"
    ],
    "message": "I appreciate your commitment, Karen. But actions speak louder than words. Let's see real change in policy and legislation that addresses systemic racism head-on. #TimeForAction"
  },
  {
    "sender": "Morgan",
    "recipients": [
      "Kayla",
      "Frank",
      "Karen"
    ],
    "message": "Absolutely, Kayla. It's important to hold our leaders accountable and push for meaningful change. Let's keep the conversation going and work together to make a difference. 💪"
  },
  {
    "sender": "Frank",
    "recipients": [
      "Kayla",
      "Morgan",
      "Karen"
    ],
    "message": "I couldn't agree more. It's time for real change, not just empty promises. Let's keep pushing for a better future for all. #ChangeIsComing"
  },
  {
    "sender": "Karen",
    "recipients": [
      "Kayla",
      "Morgan",
      "Frank"
    ],
    "message": "I'm with you all the way. Let's continue to work together to create a more just and equitable society for everyone. #UnitedWeStand"
  },
  {
    "sender": "Kayla",
    "recipients": [
      "Morgan",
      "Frank",
      "Karen"
    ],
    "message": "Thank you, Karen. Let's keep the conversation going and push for real change. Together, we can make a difference. #ChangeIsPossible"
  },
  {
    "sender": "Morgan",
    "recipients": [
      "Kayla",
      "Frank",
      "Karen"
    ],
    "message": "Let's do this, Kayla. Together, we can create a world where everyone has equal opportunities and is treated with dignity and respect. #EqualityForAll"
  },
  {
    "sender": "Frank",
    "recipients": [
      "Kayla",
      "Morgan",
      "Karen"
    ],
    "message": "Amen to that. Let's keep fighting for a better future. #JusticeForAll"
  },
  {
    "sender": "Karen",
    "recipients": [
      "Kayla",
      "Morgan",
      "Frank"
    ],
    "message": "Let's keep the conversation going and work towards a more just and equitable society. Together, we can make a difference. #UnitedWeStand"
  }
]