[
  {
    "sender": "Morgan",
    "recipients": [
      "Karen"
    ],
    "message": "Hey everyone, I've been thinking a lot about affirmative action in education lately. As a corporate lawyer, I've seen firsthand how important diversity is for innovation and success. #DiversityMatters"
  },
  {
    "sender": "Karen",
    "recipients": [
      "Morgan"
    ],
    "message": "Morgan, I appreciate your perspective. However, I believe we need to ensure that affirmative action doesn't lead to lowering standards or creating an unfair advantage for some students over others. #FairnessForAll"
  },
  {
    "sender": "Morgan",
    "recipients": [
      "Karen"
    ],
    "message": "Karen, I understand your concerns. But let's remember that affirmative action is about leveling the playing field, not lowering standards. It's about giving opportunities to those who have historically been disadvantaged. #Equality"
  },
  {
    "sender": "Karen",
    "recipients": [
      "Morgan"
    ],
    "message": "I agree that we should strive for equality, Morgan. But we must also consider the potential unintended consequences of affirmative action. For example, could it lead to resentment among students who feel they were admitted solely due to their race or gender? #ThoughtfulDiscussion"
  },
  {
    "sender": "Morgan",
    "recipients": [
      "Karen"
    ],
    "message": "That's a valid concern, Karen. However, I believe that with proper implementation and open dialogue, we can mitigate these potential issues. It's crucial to educate everyone about the importance of diversity and the benefits it brings. #EducationFirst"
  },
  {
    "sender": "Karen",
    "recipients": [
      "Morgan"
    ],
    "message": "I'm glad we can agree on the importance of education, Morgan. Let's continue this conversation and work together to find a solution that benefits everyone. #UnitedWeStand"
  },
  {
    "sender": "Morgan",
    "recipients": [
      "Karen"
    ],
    "message": "Absolutely, Karen. Let's keep the conversation going and work towards a more inclusive and equitable education system. #Progress"
  },
  {
    "sender": "Karen",
    "recipients": [
      "Morgan"
    ],
    "message": "I'd love to continue this discussion offline, Morgan. Let's grab coffee sometime and delve deeper into this topic. #CoffeeAndConversations"
  },
  {
    "sender": "Morgan",
    "recipients": [
      "Karen"
    ],
    "message": "That sounds great, Karen. Let's make it happen! #CoffeeAndChange"
  },
  {
    "sender": "Karen",
    "recipients": [
      "Morgan"
    ],
    "message": "Excellent! I'll reach out to you soon to set up a date. In the meantime, let's keep the conversation going here. What are your thoughts on the recent affirmative action policies in colleges and universities? #AffirmativeActionInEducation"
  },
  {
    "sender": "Morgan",
    "recipients": [
      "Karen"
    ],
    "message": "I think it's important to look at each policy on a case-by-case basis. Some have been successful in increasing diversity, while others have faced criticism. We need to learn from both successes and failures to create better policies moving forward. #LearningAndGrowing"
  },
  {
    "sender": "Karen",
    "recipients": [
      "Morgan"
    ],
    "message": "I couldn't agree more. Let's continue to advocate for policies that promote diversity and inclusion while ensuring fairness and merit. #DiversityAndFairness"
  },
  {
    "sender": "Morgan",
    "recipients": [
      "Karen"
    ],
    "message": "Absolutely, Karen. Let's work together to create a more inclusive and equitable future for all. #InclusionAndEquity"
  },
  {
    "sender": "Karen",
    "recipients": [
      "Morgan"
    ],
    "message": "I couldn't agree more, Morgan. Let's keep the conversation going and make a difference together. #ChangeMakers"
  },
  {
    "sender": "Morgan",
    "recipients": [
      "Karen"
    ],
    "message": "Let's do this, Karen. Together, we can create a brighter future for everyone. #TogetherWeCan"
  },
  {
    "sender": "Karen",
    "recipients": [
      "Morgan"
    ],
    "message": "I'm excited to work with you, Morgan. Let's make a difference! #ChangeIsComing"
  }
]