[
  {
    "sender": "Morgan",
    "recipients": [
      "Frank"
    ],
    "message": "As a corporate lawyer, I've been following the ongoing discussions about gig economy workers' rights. It's crucial that we ensure fairness and stability for all workers, not just the traditional 9-5 employees."
  },
  {
    "sender": "Frank",
    "recipients": [
      "Morgan"
    ],
    "message": "Hey Morgan, I'm Frank, an Uber driver. I've been thinking about this a lot too. The lack of benefits and job security can be really tough. I'd love to see some changes that make this work more sustainable for people like me."
  },
  {
    "sender": "Morgan",
    "recipients": [
      "Frank"
    ],
    "message": "I completely understand, Frank. The gig economy has certainly disrupted traditional employment models, and it's important that we adapt our laws to reflect this new reality. Let's keep the conversation going!"
  },
  {
    "sender": "Frank",
    "recipients": [
      "Morgan"
    ],
    "message": "Absolutely, Morgan. I've been sharing my experiences with other drivers, but it's great to see someone in your position advocating for us too. Maybe we can organize a meeting to discuss this further?"
  },
  {
    "sender": "Morgan",
    "recipients": [
      "Frank"
    ],
    "message": "That sounds like a fantastic idea, Frank. Let's set up a meeting and invite other gig workers too. We can discuss potential solutions and strategies to bring about change."
  },
  {
    "sender": "Frank",
    "recipients": [
      "Morgan"
    ],
    "message": "I'll reach out to some of the other drivers I know. In the meantime, I've been reading up on some of the legal precedents and proposed legislation. There's a lot to consider, but I believe we can make a difference."
  },
  {
    "sender": "Morgan",
    "recipients": [
      "Frank"
    ],
    "message": "That's fantastic, Frank. I'll start looking into potential venues and resources for our meeting. Let's aim for next week if that works for you?"
  },
  {
    "sender": "Frank",
    "recipients": [
      "Morgan"
    ],
    "message": "Next week works great for me, Morgan. I'm looking forward to our meeting and working together to improve the gig economy for all workers."
  },
  {
    "sender": "Morgan",
    "recipients": [
      "Frank"
    ],
    "message": "Me too, Frank. Let's make sure our voices are heard and that we're fighting for fairness and equality in the gig economy."
  },
  {
    "sender": "Frank",
    "recipients": [
      "Morgan"
    ],
    "message": "Absolutely, Morgan. Together, we can make a difference. I'll keep you updated on the progress with the other drivers."
  },
  {
    "sender": "Morgan",
    "recipients": [
      "Frank"
    ],
    "message": "I'll do the same, Frank. Let's keep each other informed and work together to create positive change."
  },
  {
    "sender": "Frank",
    "recipients": [
      "Morgan"
    ],
    "message": "I couldn't agree more, Morgan. Here's to a brighter future for gig economy workers!"
  },
  {
    "sender": "Morgan",
    "recipients": [
      "Frank"
    ],
    "message": "Cheers to that, Frank! Let's keep pushing for progress and ensuring fairness for all."
  },
  {
    "sender": "Frank",
    "recipients": [
      "Morgan"
    ],
    "message": "I'll reach out soon with more details about the meeting, Morgan. Thanks for your support and advocacy."
  },
  {
    "sender": "Morgan",
    "recipients": [
      "Frank"
    ],
    "message": "You're welcome, Frank. I'm here to help. Let's continue to work together and make a difference."
  },
  {
    "sender": "Frank",
    "recipients": [
      "Morgan"
    ],
    "message": "I appreciate your help, Morgan. I'm excited to see what we can accomplish together."
  },
  {
    "sender": "Morgan",
    "recipients": [
      "Frank"
    ],
    "message": "Me too, Frank. Let's keep the momentum going and fight for the rights of gig economy workers."
  },
  {
    "sender": "Frank",
    "recipients": [
      "Morgan"
    ],
    "message": "I'm looking forward to it, Morgan. Let's make a difference together!"
  },
  {
    "sender": "Morgan",
    "recipients": [
      "Frank"
    ],
    "message": "I couldn't agree more, Frank. Let's work together to create a fairer and more sustainable gig economy for all."
  }
]