[
  {
    "sender": "Morgan",
    "recipients": [
      "Frank",
      "Karen"
    ],
    "message": "Excited to see the progress in green energy! As a corporate lawyer, I've been working on renewable energy projects and it's amazing to see the impact they can have on our planet. #GreenEnergy #Sustainability"
  },
  {
    "sender": "Frank",
    "recipients": [
      "Morgan",
      "Karen"
    ],
    "message": "I'm just trying to make ends meet as an Uber driver, but I believe in the importance of green energy. It's the future and it's crucial we invest in it now for the sake of our children and grandchildren. #GreenFuture #ClimateAction"
  },
  {
    "sender": "Karen",
    "recipients": [
      "Morgan",
      "Frank"
    ],
    "message": "Green energy transition is a critical issue, but we must ensure it doesn't burden the working class. I've been advocating for policies that promote green energy while protecting jobs and the economy. #GreenJobs #EconomicGrowth"
  },
  {
    "sender": "Morgan",
    "recipients": [
      "Frank",
      "Karen"
    ],
    "message": "Absolutely, Karen. It's important to consider the economic impact of green energy transition. Let's work together to find solutions that benefit both the environment and the economy. #GreenEconomy #SustainableGrowth"
  },
  {
    "sender": "Frank",
    "recipients": [
      "Morgan",
      "Karen"
    ],
    "message": "I agree, Morgan. We need to prioritize jobs and the economy, but we can't forget about the environment. It's a delicate balance, but I believe it's achievable. #Balance #GreenJobs"
  },
  {
    "sender": "Karen",
    "recipients": [
      "Morgan",
      "Frank"
    ],
    "message": "Well said, Frank. I've been working on policies that promote green energy while supporting local businesses and creating jobs. Let's continue to push for a greener, more sustainable future. #GreenInnovation #LocalEconomy"
  },
  {
    "sender": "Morgan",
    "recipients": [
      "Frank",
      "Karen"
    ],
    "message": "Let's not forget about education too, Karen. Investing in green energy education can help create a workforce ready for the future. #GreenEducation #FutureWorkforce"
  },
  {
    "sender": "Frank",
    "recipients": [
      "Morgan",
      "Karen"
    ],
    "message": "That's a great point, Morgan. Education is key to a successful green energy transition. Let's make sure everyone has access to the knowledge they need to thrive in this new economy. #GreenEducation #InclusiveGrowth"
  },
  {
    "sender": "Karen",
    "recipients": [
      "Morgan",
      "Frank"
    ],
    "message": "I couldn't agree more, Frank. Let's continue to work together to create a greener, more sustainable future for all. #GreenFuture #InclusiveGrowth"
  },
  {
    "sender": "Morgan",
    "recipients": [
      "Frank",
      "Karen"
    ],
    "message": "Here's to a greener, more sustainable future! #GreenEnergy #Sustainability"
  },
  {
    "sender": "Frank",
    "recipients": [
      "Morgan",
      "Karen"
    ],
    "message": "Cheers to that, Morgan! Let's make it happen! #GreenFuture #ClimateAction"
  },
  {
    "sender": "Karen",
    "recipients": [
      "Morgan",
      "Frank"
    ],
    "message": "Let's get to work, everyone! #GreenJobs #EconomicGrowth"
  }
]