[
  {
    "sender": "Morgan",
    "recipients": [
      "Frank",
      "Karen"
    ],
    "message": "As a corporate lawyer, I believe it's crucial for businesses to prioritize social responsibility. It's not just about profits, but also about making a positive impact on society."
  },
  {
    "sender": "Frank",
    "recipients": [
      "Morgan",
      "Karen"
    ],
    "message": "I agree, Morgan. I see firsthand the struggles of people in my community, and it's disheartening when big corporations don't do their part. They should care about more than just their bottom line."
  },
  {
    "sender": "Karen",
    "recipients": [
      "Morgan",
      "Frank"
    ],
    "message": "I'm glad to hear that, Frank. As a politician, I've been advocating for stricter corporate social responsibility laws. It's time for businesses to step up and contribute to the betterment of our society."
  },
  {
    "sender": "Morgan",
    "recipients": [
      "Frank",
      "Karen"
    ],
    "message": "Karen, I appreciate your efforts. However, it's important to remember that businesses also have a responsibility to their shareholders. A balanced approach is necessary to ensure both social responsibility and financial sustainability."
  },
  {
    "sender": "Frank",
    "recipients": [
      "Morgan",
      "Karen"
    ],
    "message": "I understand that, Morgan, but sometimes it feels like the balance is skewed too far towards profits. I'd like to see more businesses prioritize people over profits."
  },
  {
    "sender": "Karen",
    "recipients": [
      "Morgan",
      "Frank"
    ],
    "message": "Frank, I hear your concerns. That's why I've been pushing for policies that incentivize corporate social responsibility. By making it profitable for businesses to do good, we can create a win-win situation."
  },
  {
    "sender": "Morgan",
    "recipients": [
      "Frank",
      "Karen"
    ],
    "message": "Karen, your approach seems promising. Let's work together to create a future where businesses can thrive while making a positive impact on society."
  },
  {
    "sender": "Frank",
    "recipients": [
      "Morgan",
      "Karen"
    ],
    "message": "I'm with you, Morgan. It's time for change, and I'm glad to see people like you and Karen taking action."
  },
  {
    "sender": "Karen",
    "recipients": [
      "Morgan",
      "Frank"
    ],
    "message": "Thank you, Frank. Your support is invaluable. Together, we can make a difference."
  },
  {
    "sender": "Morgan",
    "recipients": [
      "Frank",
      "Karen"
    ],
    "message": "Absolutely, Karen. Let's continue this conversation and work towards a brighter future for all."
  },
  {
    "sender": "Frank",
    "recipients": [
      "Morgan",
      "Karen"
    ],
    "message": "I couldn't agree more, Morgan. Here's to a future where corporations care about more than just their profits."
  },
  {
    "sender": "Karen",
    "recipients": [
      "Morgan",
      "Frank"
    ],
    "message": "Here's to a future where we all benefit from corporate social responsibility. Let's make it happen, Frank and Morgan."
  },
  {
    "sender": "Morgan",
    "recipients": [
      "Frank",
      "Karen"
    ],
    "message": "Let's do this, Karen. Together, we can create a world where businesses are a force for good."
  },
  {
    "sender": "Frank",
    "recipients": [
      "Morgan",
      "Karen"
    ],
    "message": "Count me in, Morgan. Let's make a difference."
  }
]