[
  {
    "sender": "Karen",
    "recipients": [
      "Leo"
    ],
    "message": "Hey everyone, I've been hearing about these environmental protests causing disruptions in our city. As a politician, I believe we need to balance the need for a clean environment with the economic well-being of our citizens."
  },
  {
    "sender": "Leo",
    "recipients": [
      "Karen"
    ],
    "message": "Hi Karen, I understand your concerns, but we can't ignore the fact that our current economic practices are harming the environment. We need to prioritize long-term sustainability over short-term gains."
  },
  {
    "sender": "Karen",
    "recipients": [
      "Leo"
    ],
    "message": "I agree, Leo, and that's why I've been working on policies that promote green energy and sustainable development. But we also need to consider the impact on our middle-class constituents who may struggle with the transition."
  },
  {
    "sender": "Leo",
    "recipients": [
      "Karen"
    ],
    "message": "Of course, and that's why I'm advocating for programs that provide support for those affected during the transition. We can't let economic hardship stand in the way of a sustainable future."
  },
  {
    "sender": "Karen",
    "recipients": [
      "Leo"
    ],
    "message": "That's a valid point, Leo. I'll look into those programs and see how we can incorporate them into our policies. Let's work together to find a solution that benefits everyone."
  },
  {
    "sender": "Leo",
    "recipients": [
      "Karen"
    ],
    "message": "I'm glad to hear that, Karen. Let's continue this conversation and find ways to make our city a leader in sustainability while ensuring economic security for all."
  },
  {
    "sender": "Karen",
    "recipients": [
      "Leo"
    ],
    "message": "Absolutely, Leo. I'm looking forward to our continued collaboration. Let's keep the conversation going and find solutions that work for everyone."
  },
  {
    "sender": "Leo",
    "recipients": [
      "Karen"
    ],
    "message": "I couldn't agree more, Karen. Together, we can make a difference."
  },
  {
    "sender": "Karen",
    "recipients": [
      "Leo"
    ],
    "message": "Let's start by organizing a town hall meeting to discuss these issues and hear from our constituents. What do you think?"
  },
  {
    "sender": "Leo",
    "recipients": [
      "Karen"
    ],
    "message": "That sounds like a great idea, Karen. I'll help spread the word and make sure we have a strong turnout."
  },
  {
    "sender": "Karen",
    "recipients": [
      "Leo"
    ],
    "message": "Great, let's make it happen. I'll start planning the details and we'll work together to ensure a productive and informative event."
  },
  {
    "sender": "Leo",
    "recipients": [
      "Karen"
    ],
    "message": "I'm excited to see what we can accomplish together, Karen. Let's work hard to make this town hall meeting a success."
  },
  {
    "sender": "Karen",
    "recipients": [
      "Leo"
    ],
    "message": "Me too, Leo. Let's show our city and the world that we can balance environmental concerns with economic needs."
  },
  {
    "sender": "Leo",
    "recipients": [
      "Karen"
    ],
    "message": "Absolutely, Karen. Let's lead by example and pave the way for a sustainable future."
  },
  {
    "sender": "Karen",
    "recipients": [
      "Leo"
    ],
    "message": "I couldn't agree more, Leo. Let's get to work and make our city a beacon of hope for the environment and the economy."
  },
  {
    "sender": "Leo",
    "recipients": [
      "Karen"
    ],
    "message": "Let's do this, Karen. Together, we can create a better future for our city and the world."
  },
  {
    "sender": "Karen",
    "recipients": [
      "Leo"
    ],
    "message": "Together, we can and we will, Leo. Let's keep the momentum going and make a difference."
  },
  {
    "sender": "Leo",
    "recipients": [
      "Karen"
    ],
    "message": "I'm looking forward to working with you, Karen. Let's make history."
  },
  {
    "sender": "Karen",
    "recipients": [
      "Leo"
    ],
    "message": "Me too, Leo. Let's get started and make a difference."
  }
]