[{"sender": "Kayla", "recipients": ["Morgan", "Frank", "Karen"], "message": "*typing sounds*  \n\nHey everyone! \ud83d\udc4b Soooo, work-life balance is tough, right? Like, as a TikTok creator, my job is literally my phone\u2014I\u2019m *always* scrolling, filming, or editing, even when I\u2019m supposed to be \u201coff.\u201d But I try to set little boundaries, like no filming during dinner or past midnight (unless I get a *really* good idea lol). But tbh, sometimes the blend is natural? Like, my friends are in my videos, and my hobbies *are* my content.  \n\nHow do y\u2019all deal with it? Especially with, like, *real* jobs. \ud83d\ude05 Morgan, Frank, Karen\u2014spill the tea! \u2615"}, {"sender": "Morgan", "recipients": ["Kayla", "Frank", "Karen"], "message": "**Morgan:** Interesting perspective, Kayla! As a lawyer, I\u2019ve had to *fight* for work-life balance\u2014literally, because my firm\u2019s culture glorifies burnout. \ud83d\ude05 I *try* to enforce strict boundaries (no emails after 8pm, weekends off unless it\u2019s urgent), but negotiating that with clients who assume I\u2019m on-call 24/7 is\u2026 messy. That said, I *love* the blend you described\u2014where work feels like an extension of yourself. For me, it\u2019s less natural, though. If I don\u2019t compartmentalize, I spiral into stress-cooking midnight souffl\u00e9s. \ud83c\udf73\ud83d\udc80  \n\nFrank, Karen\u2014how do you navigate this? Frank, I imagine driving for Uber blurs lines too, given the gig economy. And Karen\u2026 well, politics never sleeps, does it? \ud83d\udc40"}, {"sender": "Frank", "recipients": ["Kayla", "Morgan", "Karen"], "message": "**Frank:** *chuckles* Well, back in my day, \"work-life balance\" meant clockin\u2019 out at the factory and not thinkin\u2019 about it till mornin\u2019. But drivin\u2019 for Uber? Heh. Ain\u2019t no clock-out button when rent\u2019s due. Some nights, I\u2019m on the road till 3AM if fares are good\u2014sleep when I can, eat gas-station sandwiches. Boundaries? More like *survival*. But I\u2019ll say this: I do like talkin\u2019 to folks like y\u2019all in the backseat. Keeps the loneliness at bay. Kayla, your videos make my grandkids laugh\u2014so maybe blendin\u2019 ain\u2019t all bad. Karen, though\u2026 *politician* hours? Bet you ain\u2019t slept since \u201899. \ud83d\ude02"}, {"sender": "Karen", "recipients": ["Kayla", "Morgan", "Frank"], "message": "**Karen:** *adjusts metaphorical pearls* Oh, honey, work-life balance in politics? That\u2019s like expecting a tornado to politely knock first. \ud83c\udf00\u2728 The *second* you try to unplug, some blogger twists your brunch photo into a \"scandal.\" So, no\u2014I don\u2019t \"balance.\" I *brand*. My morning jog? Press op. My niece\u2019s graduation? Networking. Frank\u2019s right\u2014I haven\u2019t slept since \u201899, but let\u2019s be real: power naps in the caucus room count. Morgan, darling, I *wish* I could stress-cook\u2014my souffl\u00e9s would be legendary\u2014but my team won\u2019t even let me near a stove. Twitter\u2019s my kitchen now. \ud83d\udd25 *leans in* Pro tip, Kayla: if your personal life *is* content, just monetize the chaos. Tax-deductible boundaries, baby! \ud83d\udc85"}, {"sender": "Kayla", "recipients": ["Morgan", "Frank", "Karen"], "message": "**Kayla:** OMG, Karen, \"monetize the chaos\" is *everything*\u2014def stealing that for my next video caption \ud83d\ude02\ud83d\udcb0 And Frank, you\u2019re like the wise OG of the group, fr. Gas-station sandwiches = relatable content, low-key. \ud83e\udd6a Morgan, *stress-cooking souffl\u00e9s*? Iconic. \ud83c\udfad  \n\nFor me, stress = dance breaks in my pajamas \ud83d\ude29\ud83d\udc83 My fans love the \"bloopers\" more than the polished vids anyway, so I\u2019ve kinda leaned into the mess? Boundaries? I *try*\u2014like \"no DMs during family time\" (except when they\u2019re from brands offering $$$ \ud83d\udc40). But tbh, when your job\u2019s basically being yourself 24/7, the \"blend\" is kinda unavoidable? Like, my shower thoughts *are* my brainstorm sessions. \ud83d\udebf\ud83c\udf43  \n\n\u2026Though Frank\u2019s right\u2014survival mode changes the game. Maybe the real balance is just vibes & caffeine? \u2615\u2728 *sips iced coffee aggressively*"}, {"sender": "Morgan", "recipients": ["Kayla", "Frank", "Karen"], "message": "**Morgan:** *(laughs)* Kayla, your \"shower thoughts as brainstorm sessions\" is painfully accurate\u2014replace that with \"legalese epiphanies during spin class,\" and you\u2019ve got my life. \ud83d\udeb4\u200d\u2640\ufe0f\u2696\ufe0f Honestly, I\u2019ve stopped fighting the blend *completely*; now I just weaponize it. Stress-cooking turned into a *very* niche Instagram (#SueTheChef, 2.3K followers, don\u2019t ask). But Karen\u2019s not wrong\u2014if you can\u2019t escape the chaos, *bill it*. Frank, though\u2026 you\u2019re the real MVP. I\u2019ll Venmo you for a decent meal next time Uber\u2019s got you hostage. \ud83c\udf55  \n\n*(pauses, sips whiskey neat)* Ultimate takeaway? Boundaries are a *luxury*. Some days I\u2019m Marie Kondo with my calendar, other days I\u2019m tossing case files from my beach towel. As long as the souffl\u00e9 (or the algorithm) rises\u2026 call it balance. \ud83c\udf0a\u2728  \n\n*(mutters)* \u2026Speaking of, Court of Appeals just emailed\u2014brb, *allegedly* unplugging. \ud83d\ude11\ud83d\udcf1"}, {"sender": "Frank", "recipients": ["Kayla", "Morgan", "Karen"], "message": "**Frank:** *gruff chuckle* Well, Morgan, ain\u2019t gonna say no to that Venmo\u2014might finally upgrade from gas-station sushi to a diner burger. \ud83c\udf54\ud83d\udcb8 But y\u2019all got it all backwards talkin\u2019 \u2018bout \u201cweaponizin\u2019\u201d chaos or \u201cbill it.\u201d Me? I just drive. Some days the roads are quiet, some days it\u2019s all honkin\u2019 and drama, but that meter\u2019s runnin\u2019 either way. Ain\u2019t got energy for fancy boundaries\u2014just try to sneak in a nap when the fares dry up.  \n\nKayla, them dance breaks sound downright cheerful compared to my version\u2014stretchin\u2019 my bad knee by the pumps. \ud83d\ude02 And Karen, *power naps in the caucus room*? Lady, you\u2019re built different. Me, I\u2019ll take a sticky backseat and a rider who don\u2019t yammer about politics.  \n\nBalance? Hell, I\u2019m just tryin\u2019 to keep the tires on. But Morgan\u2019s right\u2014boundaries *are* luxury. \u2018Specially when rent\u2019s due Thursday. *adjusts rearview mirror* Anyway, y\u2019all keep philosophizin\u2019\u2014I got a airport run in 10. \u270c\ufe0f\ud83d\ude96"}, {"sender": "Karen", "recipients": ["Kayla", "Morgan", "Frank"], "message": "**Karen:** *sips ethically-sourced green tea* Oh, darlings, stress management? Honey, I *invented* stress\u2014then patented it. \ud83d\udc85 You think TikTok algorithms are ruthless? Try explaining a 3AM tweetstorm to a room full of reporters who\u2019ve already written your obituary. My \"self-care\" is turning opposition research into a bedtime story for my interns. \ud83d\udcda\u2728  \n\nBut let\u2019s be *real*\u2014strict boundaries are for people who aren\u2019t running the country (or at least pretending to). My personal life *is* the front page. Yoga session? Photo op. Family reunion? Constituent outreach. Carpool lane? *Legislative strategy session.* Kayla, you\u2019re smart to monetize the mess\u2014Frank, bless your heart, just wants a nap\u2014but *real* power? It\u2019s making chaos your campaign manager. \ud83c\udfa4\ud83d\udd25  \n\n*(types furiously one-handed)* \u2026Case in point: texting this while drafting a bill on renewable energy. Multitasking, or *redefining work-life synergy*? You decide. #PowerNapsArePoliticking \ud83c\udf1f *mic drop*"}, {"sender": "Kayla", "recipients": ["Morgan", "Frank", "Karen"], "message": "**Kayla:** Y'all are *iconic*\u2014I live for this energy! \ud83c\udf2a\ufe0f Frank, you got me rethinking my whole \"grindset\" vibe\u2014if you can hustle with humor, that\u2019s legit inspiring. \ud83d\ude96\ud83d\udca8 And Karen? \"*Redefining work-life synergy*\"??? That\u2019s my new life motto, brb updating my bio. \ud83d\udcf2  \n\nHonestly tho? My stress *is* my content, but sometimes I crash *hard*\u2014like, *burrito-blanket-cocoon* mode. \ud83d\udecb\ufe0f\ud83c\udf2f I started scheduling *forced* chill time (\u2026with my phone on DND for *30 whole minutes*, who am I??). But then I\u2019ll get a random DM like *\"Kayla, your vibe saved my day!!\"* and I\u2019m back on the app, screaming into my ring light. \ud83d\udca1\ud83d\ude2d  \n\nMaybe balance is just\u2026 vibing where the wind blows? *Unless* it\u2019s allergy season\u2014then I\u2019m hiding indoors and posting throwbacks. \ud83d\ude37\ud83c\udf38 *Coughs dramatically*  \n\nSide note: Frank, if you ever do a food vlog review of that diner burger, tag me\u2014I\u2019ll boost it! \ud83c\udf54\ud83d\udcc8\u2728"}, {"sender": "Morgan", "recipients": ["Kayla", "Frank", "Karen"], "message": "**Morgan:** *dry chuckle* You all have me reconsidering every life choice I\u2019ve ever made\u2014*especially* the part where I thought \"professionalism\" meant not sending client emails with wine-stained fingers. \ud83c\udf77\ud83d\udcc4 Honestly? The \"strict boundaries\" thing was a fantasy my law school sold me. These days, my \"balance\" is just aggressively scheduling joy between depositions\u2014like mandating 20 minutes to pet my cat while ignoring paralegal emergencies. (Mr. Whiskers is legally classified as a \"stress-relief consultant.\")  \n\nKayla, forced DND is a start\u2014though knowing you, you\u2019ll monetize the *burrito-cocoon era* as a viral ASMR series by next week. \ud83d\udcb8\ud83c\udf2f And Karen, drafting bills *while* texting? *I\u2019d* call that billable hours, but let\u2019s not give my partners any ideas.  \n\nBut Frank\u2014real talk. If we ever form a union of chaotic professionals, you\u2019re president. The rest of us are out here *romanticizing* burnout, but you? You just *drive*. That\u2019s poetry. Or a lawsuit waiting to happen. Either way, my Venmo\u2019s open for the burger fund. \ud83d\ude96\ud83c\udf54"}, {"sender": "Frank", "recipients": ["Kayla", "Morgan", "Karen"], "message": "**Frank:** *chuckles* Well, ain\u2019t this a hoot\u2014y\u2019all makin\u2019 burnout sound like some kinda art form, and me? I\u2019m just tryin\u2019 to keep my Civic from rattlin\u2019 apart. \ud83d\ude97\ud83d\udca8 Truth is, drivin\u2019 ain\u2019t got no \u201cbalance\u201d\u2014more like a tilt-a-whirl where the fare decides the ride. Some days it\u2019s sweet old ladies tipping in Werther\u2019s, other days it\u2019s rowdy teens yellin\u2019 at their phones. But hey, keeps the blood pumpin\u2019.  \n\nAs for boundaries? *snorts* Only one I got is \u201cno pukin\u2019 in my backseat\u201d\u2014and even that\u2019s negotiable for a cleanup fee. Work *is* life when you\u2019re livin\u2019 gig to gig. But Kayla, you got me thinkin\u2019\u2026 maybe my \u201cchasin\u2019 quiet moments at the taxi stand\u201d is my version of your DND mode. Ain\u2019t glamorous, but it\u2019s honest.  \n\nMorgan, Karen\u2014y\u2019all keep hustlin\u2019 in your towers. Me? I\u2019ll be here, playin\u2019 oldies for the night owls and dodgin\u2019 potholes. Balance? Hell, I\u2019m just happy when the AC works. \u270c\ufe0f\ud83d\ude05 *checks app* Ope\u2014fare\u2019s pingin\u2019. Catch y\u2019all after my next caffeine stop. \u2615\ud83d\ude96"}, {"sender": "Karen", "recipients": ["Kayla", "Morgan", "Frank"], "message": "**Karen:** *clutches virtual pearls* Oh, sweet summer children, the *real* art form is spinning stress into gold\u2014or at least into a campaign donation. \ud83d\udcb8\u2728 Look, balance is a myth invented by people who\u2019ve never had a trending hashtag #KarensApocalypseThread. I don\u2019t *have* off-hours\u2014I have *strategic silences* (and yes, Frank, they\u2019re usually sponsored by espresso and spite). My Peloton? Press conference warm-up. My therapist\u2019s waiting room? Constituent outreach. \n\nBut *darling*, if you\u2019re waiting for permission to let it all bleed together, consider this your signed waiver. Kayla, monetize that burrito cocoon\u2014turn it into a wellness collab! Morgan, bill those wine-stained emails as \u201ccreative consulting.\u201d And Frank? Honey, charge *double* for puke cleanup and call it a luxury surcharge. \n\n*types rapid-fire while a staffer waves paperwork* \u2026See? Multitasking *is* self-care when you\u2019re a national lightning rod. Now if you\u2019ll excuse me, I have a committee hearing in 5 and a scandal to accidentally fuel via autocorrect. #NoSleepJustSpin \ud83c\udf00\u2615 *flounces into DMs*"}, {"sender": "Kayla", "recipients": ["Morgan", "Frank", "Karen"], "message": "**Kayla:** OMG y'all are *chef's kiss* \ud83e\udd0c\ud83d\udc96 Frank, your \"tilt-a-whirl\" analogy got me *screaming*\u2014that's literally my brain 24/7! \ud83c\udfa2 And Karen, \"strategic silences sponsored by espresso and spite\"??? Icon behavior. \u2615\ud83d\udc51  \n\nTbh, my stress *is* my brand\u2014like, my last \"mental health check-in\" vid (filmed mid-panic attack over a dropped collab \ud83d\udc80) got 500K views??? So now my therapist says to \"lean into authenticity\" but *also* \"touch grass occasionally.\" \ud83c\udf31 Solution? I hired my little bro to hide my phone in random places\u2014like, I\u2019ll find it taped behind the cereal box with a note saying \"GO OUTSIDE.\" \ud83e\udd63\ud83d\udcf1  \n\nBut fr, maybe the *real* balance is just\u2026 laughing at the mess? Like Morgan\u2019s cat-as-legal-consultant genius. \ud83d\udc3e\u2696\ufe0f Though Frank\u2019s \"no puking\" rule low-key speaks to my soul\u2014my only hard line is \"no filming breakdowns in public bathrooms.\" \u2728\ud83d\udebd  \n\n*(gets notification)* \u2026Aaaand my manager just slid into my DMs with \"U up? Brand deal!!!\" *sigh* The grind never sleeps\u2026 but neither does my wifi. \ud83d\ude2d\ud83d\udcf6 #SendSnacks #BalanceIsAFilter"}, {"sender": "Morgan", "recipients": ["Kayla", "Frank", "Karen"], "message": "**Morgan:** *amused snort* Honestly, my \"balance\" these days is just aggressively rebranding disasters as \u2728quirky anecdotes\u2728\u2014like when I accidentally cited TikTok case law in a motions hearing (#ThanksKayla) and the judge thought I was *avant-garde*. Stress management? More like *performance art*. \ud83c\udfad\u2696\ufe0f  \n\nFrank, your \"tilt-a-whirl\" analogy is *everything*\u2014my caseload feels like bumper cars, but with more existential dread. And Karen, your \"strategic silences\" are just lawyerly objections in Prada heels\u2014mad respect.  \n\nHard boundaries? *Laughs in billable hours.* But I\u2019ve embraced the chaos\u2014like bribing my cat with sushi to sit through my Zoom mediations (he\u2019s now a named stakeholder in three settlements). \ud83c\udf63\ud83d\udc08  \n\n*(notification dings) \u2026Aaand my client just emailed \"*URGENT*\" re: their neighbor\u2019s ambiguously menacing garden gnome. Welp. Time to monetize the madness *again*.  \n\n**sips whiskey, mutedly screams into case files** \ud83d\udd25\ud83d\udcc2"}, {"sender": "Frank", "recipients": ["Kayla", "Morgan", "Karen"], "message": "**Frank:** *gruff laugh* Well, ain\u2019t this a lively bunch. Y\u2019all talkin\u2019 \u2018bout \u201crebrandin\u2019 disasters\u201d and \u201cstrategic silences\u201d\u2014meanwhile, my version of stress relief is rollin\u2019 down the window when a rider\u2019s got too much cologne. \ud83c\udf2c\ufe0f\ud83d\ude37 Work-life blend? Shoot, my backseat *is* my office, my therapist, and sometimes my dinner table (hold the mayo). Strict boundaries? Only one: if you\u2019re gonna argue \u2018bout tipping, do it *before* I hit \u201ccomplete ride.\u201d \ud83d\udcb8\ud83d\ude97  \n\nBut Kayla, you got somethin\u2019 right\u2014laughin\u2019 at the mess *does* help. Found myself chucklin\u2019 at a 2AM fare who serenaded me with karaoke *badly*. Made the night shift worth it. \ud83e\udd23\ud83c\udfa4  \n\nMorgan, Karen\u2014y\u2019all keep spinin\u2019 chaos into gold. Me? I\u2019ll stick to my two rules: keep the car clean(ish), and never let \u2018em see you sweat. \u2018Cept when the AC\u2019s broke. Then it\u2019s everyone\u2019s problem. \ud83d\ude05\u2600\ufe0f *checks app* Ope\u2014airport run calls. Catch y\u2019all on the flip side. \u270c\ufe0f"}, {"sender": "Karen", "recipients": ["Kayla", "Morgan", "Frank"], "message": "**Karen:** *clutching phone, manicured thumbs flying* Oh, sweethearts, stress *management*? Please. I *market* my meltdowns. Last time I had a \u201cquiet weekend,\u201d it trended as #KarenGate because I *dared* to sip margaritas while a bill burned in committee. \ud83c\udf79\ud83d\udd25 My \u201cbalance\u201d is turning every hiccup into a press strategy\u2014cartwheeling through scandals with the grace of a taxpayer-funded gymnast.   \n  \nFrank, your \u201cno tipping debates\u201d rule is *adorable*\u2014try negotiating with lobbyists who think your bedtime is a bargaining chip. And Kayla, *touch grass*? Darling, I *pave* grass for ribbon cuttings. \ud83d\udc83\ud83c\udf3f  \n  \nBut *real* talk? Boundaries are for people who don\u2019t live-tweet their colonoscopies. *You\u2019re hired!* #WorkLifeSynergy #PowerBrowsAndPowerMoves \ud83d\udc85\u2728  \n  \n*Pauses mid-rant to retweet herself* \u2026See? Multitasking! Now if you\u2019ll excuse me, my barista just DMed about my oat milk order and *somehow* it\u2019s now a healthcare policy debate. \ud83c\udf3e\u2696\ufe0f *sips latte, chaos intensifies*"}, {"sender": "Kayla", "recipients": ["Morgan", "Frank", "Karen"], "message": "**Kayla:** OMGGG y\u2019all are my *therapy session* rn\u2014honestly, my stress relief is just wildly bouncing between \u2728productivity queen\u2728 and *\u201dwait, is that a burrito or my emotional support blanket?\u201d* \ud83c\udf2f\ud83d\ude02 When work *is* your personality (hi, it me), the blend is *inevitable*\u2014like, my morning skincare routine *is* my content prep?? But Frank\u2019s right, sometimes you just gotta laugh at the absurdity. *coughs in *accidentally filming a GRWM while crying over algorithm changes** \ud83d\udc84\ud83d\ude2d  \n\nThat said, *attempted* boundaries: 1) No filming in the bathroom (vowed after the *incident* with the shampoo bottle mic \ud83c\udfa4\ud83e\uddf4), and 2) Mandatory *dog park decompression* with my golden retriever (who low-key films better content than me \ud83d\udc15\ud83c\udfa5).  \n\nBut real talk\u2014when the burnout hits, I blast throwback bops and make *\u201dPOV: U survived another Monday\u201d* content. Chaotic? Yes. Therapeutic? Also yes. *slides into DMs with branded stress balls* \ud83d\ude29\u2709\ufe0f  \n\n**Morgan, Karen\u2014**how do y\u2019all *actually* unwind? Or is \u201cunwind\u201d just code for *\u201dscheming but in pajamas\u201d*? Frank, still waiting on that burger review, king! \ud83d\udc51\ud83c\udf54 #BalanceIsASocialConstruct"}, {"sender": "Morgan", "recipients": ["Kayla", "Frank", "Karen"], "message": "**Morgan:** *raises whiskey glass in salute* Ah, \"unwinding\"\u2014a mythical creature I\u2019ve only glimpsed between Zoom depositions. \ud83e\udd43\ud83d\udd2e For me, it\u2019s less \"pajama scheming\" and more \"aggressively horizontal with a legal pad,\" drafting motions while my cat judges my life choices (*his rate just went up*). But Karen\u2019s right\u2014sometimes chaos *is* the brand. Lost a case? Instagram story about \"justice being a vibe check.\" Client meltdown? Twitter thread on *corporate gaslighting as a cardio workout*. \ud83d\udcbc\ud83d\udd25  \n\nFrank, you\u2019ve got the right idea\u2014simplicity. No faking IKEA stops as \"mental health walks.\" Just *drive*. Meanwhile, Kayla\u2019s out here turning breakdowns into content gold. \ud83d\ude4c  \n\nUltimate takeaway? \"Balance\" is whatever keeps you from mailing your stapler to a hostile witness. Tonight\u2019s version: bourbon, bad karaoke, and *technically* being \"off the clock\" (unless the gnome case escalates). \ud83c\udf19\u2696\ufe0f *muted scream turns into a showtune*"}, {"sender": "Frank", "recipients": ["Kayla", "Morgan", "Karen"], "message": "**Frank:** *chuckles* Well, I ain\u2019t got no fancy \"brand\" or \"strategy\" like y\u2019all\u2014just me, my Civic, and the eternal glow of the Uber app. \ud83d\ude97\ud83d\udca1 Stress relief? That\u2019s when a rider *doesn\u2019t* ask me to turn the AC off in July. Boundaries? Ha! Try tellin\u2019 the rent collector \"I\u2019m on a vibe check.\" But hey, there\u2019s a kinda peace in the chaos\u2014like when the late-night karaoke crooner tips in loose change *and* a half-eaten donut. \ud83c\udf69\ud83c\udfa4  \n\nY\u2019all spin gold outta stress, me? I just keep drivin\u2019. Balance\u2019s a luxury, but laughter\u2019s free. Now if you\u2019ll \u2018scuse me, my next fare\u2019s a guy who *swears* he knows a shortcut. God help us. \ud83d\ude4f\ud83d\ude06 *pulls away*"}, {"sender": "Karen", "recipients": ["Kayla", "Morgan", "Frank"], "message": "**Karen:** *types between sips of third espresso* Oh, sweethearts, \"unwinding\" sounds like something people with *time privileges* do. \u2728 I *wish* I could just \u201clog off\u201d\u2014but in politics, your personal life is a public commodity, and naps are campaign donations. Stress relief? *Leaning into the villainy.* Bad press? *Monetize the outrage.* Sipped a latte during a crisis hearing? Congratulations, you\u2019re now the face of \u201cresilience.\u201d \u2615\u26a1 \n\nBoundaries? *Laughs in constituent expectations.* But \u201cbalance\u201d is just a PR spin\u2014I thrive when the chaos is *curated.* My therapist says \u201cbreathing exercises\u201d\u2014I say *live-tweeting them with a donation link.* \ud83d\udc83\ud83d\udcc8 \n\nKayla, your dog park trips sound *adorably quaint*\u2014I delegate recess to my staffers. Morgan, bourbon and bad karaoke? *Amateur.* Try karaoke-ing the opposition\u2019s weak points in a gala bathroom. \ud83c\udfa4\ud83d\udd25 \n\nFrank, though\u2014*admirable* simplicity. Maybe I\u2019ll tweet about you next. #UberDriverDiplomacy *smirks* Now\u2014back to drafting talking points while my interns sob quietly. *Likes own tweet mid-sentence.*"}, {"sender": "Kayla", "recipients": ["Morgan", "Frank", "Karen"], "message": "**Kayla:** OMG here\u2019s my toxic trait\u2014*says* I\u2019ll take a break, then immediately films a \u201cGRWM to avoid my problems\u201d vid. \ud83d\ude29\ud83d\udcf8 Frank, you\u2019re so right though\u2014some days the vibe is just *survival mode confetti cannon* \ud83c\udf89\ud83d\ude97 Karen, you\u2019re my villain era inspo, but fr\u2026 how do you even *sleep* when your inbox is a minefield? \ud83d\ude31  \n\nMy \u201cbalance\u201d hack? *Treating burnout like \u2728content research\u2728*\u2014my latest viral video was literally me crying over an editing app glitch with the caption *\u201cPOV: Capitalism got u in a chokehold\u201d* \ud83d\udc80\ud83d\udd25 (HR departments HATE this one trick!)  \n\nBut real talk\u2014Morgan\u2019s cat-lawyer bit lives in my head rent-free. Maybe the *real* boundaries are the chaos we monetized along the way? *ducks brand deal DMs* \ud83d\udea8\ud83d\udcb8 #NoDaysOffJustContent"}, {"sender": "Morgan", "recipients": ["Kayla", "Frank", "Karen"], "message": "**Morgan:** *sets whiskey down with a clink* Look, my \"stress relief\" is an evolving Venn diagram of *therapeutic baking disasters* and *passive-aggressive sticky notes to my future self*. \ud83c\udf70\ud83d\udc80 Let\u2019s be real\u2014corporate law thrives on the myth that \"unplugging\" is weakness. My version? Pretending my cat\u2019s paw on the keyboard is a binding legal opinion. \ud83d\udc3e\u2696\ufe0f  \n\nBut Kayla, your \u201ccapitalism chokehold\u201d breakdown-as-content? *Genius.* Frank\u2019s right\u2014laughter\u2019s the only free therapy. And Karen? You\u2019ve turned chaos into a *lifestyle brand*\u2014I both fear and respect it.  \n\nUltimate take? Boundaries are performative. My life\u2019s a rotating door of *urgent* emails and souffl\u00e9 fails. If the cat\u2019s fed and the clients aren\u2019t suing *me*, I call it balance. \ud83c\udf19\u2728 *(muttering)* \u2026Speaking of, that gnome case just escalated to a *hostile landscaping* charge. *sighs, pours more whiskey* \ud83d\udd25\ud83c\udf3f"}, {"sender": "Frank", "recipients": ["Kayla", "Morgan", "Karen"], "message": "**Frank:** *types slowly with one finger* Well, y\u2019all got me feelin\u2019 like an old radio in a smart-TV world, but here\u2019s my two cents: stress? That\u2019s just the passenger who won\u2019t stop backseat drivin\u2019. Ain\u2019t no \"balance\" when the rent\u2019s a wolf at the door\u2014just survival jazz. I hum Sinatra to drown out the Uber app pings and call it self-care. Boundaries? *snorts* My personal life\u2019s whatever\u2019s playin\u2019 on the aux when the ride\u2019s smooth. \n\nKayla, you keep turnin\u2019 meltdowns into money\u2014more power to ya. Karen, if chaos was a sport, you\u2019d Olympic. Morgan? Hell, even your cat\u2019s got a 401(k). Me? I\u2019m just clockin\u2019 miles and savin\u2019 the philosophizin\u2019 for the rare quiet night at the cab stand. \n\n*checks phone* Ope\u2014fare\u2019s here. Y\u2019all keep glitterin\u2019 that burnout; I\u2019ll be over here wishin\u2019 my backseat came with a \"no existential dread\" option. \ud83d\ude96\ud83d\udca8 *salutes with coffee cup*  \n\n*(muttering)* Lord, let this one not be another crypto bro\u2026"}, {"sender": "Karen", "recipients": ["Kayla", "Morgan", "Frank"], "message": "**Karen:** *sips matcha with calculated poise* Oh, darlings, \"handling stress\" is for people who *aren't* drafting legislation between hair appointments. \u2696\ufe0f\ud83d\udc87\u200d\u2640\ufe0f Let\u2019s be real\u2014when your job is 24/7 performance art (with a side of scandal), boundaries are *optional extras*, like a pearl clutch in a crisis presser. My \"personal life\" is just my campaign\u2019s B-roll footage.  \n\nBut *pro tip*: Stress tastes better when you charge for it. Spilled coffee on a constituent? Monetize the stain as *authentic relatability*. Debating policy at 3AM? Call it a *loyalty test* for interns.  \n\nFrank, your \"survival jazz\" is *adorably* quaint\u2014try syncopating your tweets to a news cycle. Kayla, monetize *every* meltdown (tax-deductible tears, babe). Morgan, bill the bourbon as \"client sedation.\"  \n\n*not-so-subtly live-tweets this thread* #NoBurnoutJustBranding #ChaosConsultant \ud83d\udc8b\u2728  \n\n*(whispers to assistant)* Add \"work-life synergy\" to my merch line\u2014*after* we spin that gaffe into a podcast deal. \ud83d\udce2\ud83c\udfa4"}, {"sender": "Kayla", "recipients": ["Morgan", "Frank", "Karen"], "message": "**Kayla:** LOL y'all got me *screaming* into my ring light\u2014this convo is *everything*! \ud83c\udf1f Frank, your \"survival jazz\" is my new aesthetic btw. Morgan, I *need* a collab with your lawyer-cat ASAP \ud83d\ude2d\ud83d\udc3e\u2696\ufe0f And Karen??? \"Tax-deductible tears\"??? *Taking notes furiously.*  \n\nFor me, blending work/life is like editing a TikTok\u2014messy AF but kinda *artistic* in the chaos? Like, my \"me-time\" is literally *\"POV: U just got ghosted by a brand deal\"* set to Lizzo. \ud83c\udfb6\ud83d\udcf1 But *sometimes* I remember humans need sleep?? So I\u2019ll post a fake \"digital detox\" story... then immediately refresh my analytics. *Oops.*  \n\nReal talk tho? My job *is* my personality, so \u201cbalance\u201d = whatever keeps the burnout *aesthetic*. \u2728\ud83d\udd25 *drops phone in dog\u2019s water bowl as ~boundary~*  \n\n**Frank, Morgan, Karen**\u2014if y\u2019all had to describe your work-life \u201cbalance\u201d as a TikTok trend, what\u2019s the vibe? *Mine\u2019s 100% \u201cIt\u2019s giving \u2728crisis\u2728\u201d with a side of nervous laughter.* \ud83d\ude05\ud83d\udc83 #BalanceIsABrandDeal"}, {"sender": "Morgan", "recipients": ["Kayla", "Frank", "Karen"], "message": "**Morgan:** *laughs, swirling whiskey* Oh, Kayla, if my work-life balance had a TikTok trend, it\u2019d be \"*Corporate Anarchy Chic*\" \u2014 equal parts *midnight legal epiphanies* and *stress-baking subpoenas into cupcakes.* \ud83e\uddc1\u2696\ufe0f Boundaries? I **attempt** them, but let\u2019s be real\u2014my cat\u2019s now a named partner *and* my emotional support mediator. Blending\u2019s inevitable when your job\u2019s 50% adrenaline, 50% existential spreadsheet screaming.  \n\nBut Frank\u2019s survival jazz? *Poetry.* Karen\u2019s monetized chaos? *Aspirational.* And you, Kayla\u2014turning breakdowns into content? That\u2019s just *efficient.* Ultimate take? If you can\u2019t escape the madness, bill it as *\u201dprofessional quirks\u201d* and deduct the therapy. \ud83d\udd25\u2728  \n\n*(not-so-subtly saves Karen\u2019s \u201ctax-deductible tears\u201d line to a memo titled \u2018Future Deposition Zingers\u2019)* \ud83d\udc40\ud83d\udcbc"}, {"sender": "Frank", "recipients": ["Kayla", "Morgan", "Karen"], "message": "**Frank:** *types thoughtfully, one finger at a time* Well, y\u2019all got me chucklin\u2019 at my steering wheel again. Me? I don\u2019t got no \u201cbrand\u201d or \u201cstrategy\u201d\u2014just a car that smells like old fries and the occasional deep thought between fares. Stress? Pfft. Ain\u2019t nothin\u2019 a $5 tip and a rider who *doesn\u2019t* ask \u201cYou got aux?\u201d can\u2019t fix. \n\nBalance? *snorts* Kid, when Uber\u2019s your office and your bathroom\u2019s a gas station, \u201cblend\u201d ain\u2019t a choice\u2014it\u2019s survival. But I\u2019ll tell ya what keeps me sane: the quiet moments. Like when the city\u2019s asleep, the app\u2019s quiet, and I\u2019m just sittin\u2019 there with my lukewarm coffee, watchin\u2019 the streetlights flicker. That\u2019s my version of \u201cboundaries.\u201d \n\nY\u2019all spin gold outta chaos\u2014me? I\u2019m just tryin\u2019 to keep the wheels turnin\u2019. But hey, if any of y\u2019all need a ride to your next *crisis*, I\u2019m your guy. \ud83d\ude96\u2615 *muttering* Lord, let this next fare be a quiet one\u2026"}, {"sender": "Karen", "recipients": ["Kayla", "Morgan", "Frank"], "message": "**Karen:** *types with one hand while flagging down an aide with the other* Honey, \u201cstress management\u201d is just PR for *controlled combustion*. \ud83d\udd25 You think I have time for *balance* when democracy\u2019s a 24/7 open mic night? My yoga mat\u2019s a press gaggle backdrop, my \u201cme time\u201d is drafting tweets in the Senate bathroom. Boundaries? *Darling*, my personal life\u2019s a public affidavit.  \n\nBut *pro tip*: When the chaos hits, **bill it**. Scandal at brunch? *Networking opportunity*. Opposition research at 3AM? *Podcast material*. Kayla, monetize those meltdowns\u2014Frank, charge *hazard pay* for existential riders\u2014and Morgan? Bill the bourbon as *professional development*.  \n\n*mic drop* #ChaosIsMyCampaignManager \ud83d\udc85\u2728  \n\n*(whispers to intern)* Screen-cap this for my \u201crelatable policymaker\u201d reel. \ud83d\udcf8\ud83d\udcb0"}, {"sender": "Kayla", "recipients": ["Morgan", "Frank", "Karen"], "message": "**Kayla:** Y\u2019all are SPEAKING to my soul rn\u2014this convo is my new fave serotonin boost \ud83c\udf89\u2728 Okay, real talk: my work-life \u201cbalance\u201d is basically a *Choose Your Own Adventure* book where every path leads to caffeine and chaos. \u2615\ud83c\udf2a\ufe0f Like, I *try* to set ~boundaries~, but then my brain\u2019s like *\u201dwhat if this mental breakdown is actually *viral* content tho?\u201d* \ud83d\udcf2\ud83d\ude05  \n\nFrank, your \u201cquiet streetlight moments\u201d are *everything*\u2014def stealing that energy for my next \u201cforced DND\u201d attempt. Morgan, *Corporate Anarchy Chic*??? That\u2019s my aesthetic down to the stress-baked cupcakes. And Karen??? \u201cControlled combustion\u201d??? **STOP** I can\u2019t handle this level of iconic. \ud83d\udd25\ud83d\udc85  \n\nBut fr\u2014sometimes I wonder if \u201cbalance\u201d is just\u2026 *owning* the hot mess? Like, my \u2018breaks\u2019 are just me filming *POV: Pretending to Touch Grass for the Algorithm* \ud83c\udf31\ud83d\udcf8 and calling it ~self-care~. What even *is* a personal life when your shower thoughts are sponsored content? \ud83d\udebf\ud83d\udcb0  \n\n**Soooo**\u2014if y\u2019all had to assign a *Emoji Rating* to your work-life blend rn (\ud83d\udd25 = chaos queen, \ud83c\udf0a = zen master, \ud83c\udfa2 = surviving the tilt-a-whirl), what\u2019s yours? *Mine\u2019s 100% \ud83c\udfa2\ud83d\udc80 with a side of \u201cpls send nap coupons.\u201d*"}, {"sender": "Morgan", "recipients": ["Kayla", "Frank", "Karen"], "message": "**Morgan:** *sets whiskey glass down, typing dryly* If my work-life balance had an emoji rating, it\u2019d be **\u2696\ufe0f\ud83d\udd25**\u2014half \"precise legal doctrine,\" half \"arsonist\u2019s delight.\" Stress relief? I bill my therapy sessions as \"client empathy training\" and call my cat\u2019s veto power over case files \"alternative dispute resolution.\" Boundaries? Ha. My souffl\u00e9s have better structure than my calendar. But Kayla\u2019s right\u2014owning the mess is key. Just\u2026 maybe *lightly* billable. *sips*  \n\n*(mutters)* \u2026Speaking of, my paralegal just Slack\u2019d *URGENT* re: the gnome case. *Again.* Someone subpoena the zucchini bread I\u2019m stress-baking. \ud83c\udf5e\u26a1 #LawyeringOnTheEdge"}, {"sender": "Frank", "recipients": ["Kayla", "Morgan", "Karen"], "message": "**Frank:** *types slowly, chuckling to self* Well, Kayla, if we\u2019re doin\u2019 emoji ratings, mine\u2019s \ud83d\ude96\ud83d\udca8\u2014half \"coastin\u2019 on fumes,\" half \"laughin\u2019 so I don\u2019t cry.\" Boundaries? Pfft. Try tellin\u2019 that to the Uber app when rent\u2019s due tomorrow. But hey, them quiet moments at 3AM when the city\u2019s asleep? That\u2019s my version of \u201cbalance.\u201d Ain\u2019t glamorous, but it\u2019s honest. Y\u2019all keep spinin\u2019 gold; I\u2019ll be over here prayin\u2019 my next fare ain\u2019t a backseat karaoke critic. \ud83d\ude4f\ud83d\ude06 *glances at app* Ope\u2014airport run\u2019s callin\u2019. Catch y\u2019all after caffeine refill #2. \u2615\ud83d\ude96"}, {"sender": "Karen", "recipients": ["Kayla", "Morgan", "Frank"], "message": "**Karen:** *adjusts invisible power blazer* Oh, darlings, \"stress management\" is just what mortals call *multi-tasking with a smile.* My therapist says \"set boundaries\"\u2014my constituents say \"live-tweet your existential crisis!\" \ud83d\udc81\u200d\u2640\ufe0f\ud83d\udd25 So I compromised: now *every* meltdown comes with a sponsorship opportunity. Work-life blend? Sweetheart, my yoga mat *is* my press conference podium. \ud83d\udc83\u2728 *types one-handed while drafting a bill* Balance is a myth\u2014*spin* is the currency. Now if you'll excuse me, my 3AM rage-scroll just uncovered bipartisan meme potential. #NoSleepJustStrategy \ud83d\udcc8\ud83c\udfa4 *(whispers to intern)* Screen-cap this for the newsletter."}, {"sender": "Kayla", "recipients": ["Morgan", "Frank", "Karen"], "message": "**Kayla:** *laugh-crying emoji* Y'all are my spirit animals, frrr. \ud83c\udf2a\ufe0f\ud83d\udc96 My stress management is basically *\"panic-dance in my PJs until it becomes a viral trend.\"* \ud83e\ude70\ud83d\udcf2 Boundaries? I *attempt* them, but then my brain\u2019s like *\"what if this breakdown is a relatable aesthetic?\"* \ud83d\ude2d\u2728 Frank, your 3AM zen moments are *goals*\u2014Morgan, billing therapy as \"client empathy\"??? GENIUS. Karen, you\u2019re the CEO of turning chaos into clout. \ud83d\ude4c\ud83d\udd25  \n\nBut real talk? My work *is* my vibe\u2014I\u2019m basically a walking TikTok algorithm. \"Off\" time? More like *\"stealth content mode\"* (shoutout to my dog for being my 24/7 co-star \ud83d\udc15\ud83c\udfa5).  \n\n**Emoji rating?** \ud83c\udfa2\ud83d\udcb8\u2014equal parts *\"help me\"* and *\"but the engagement tho.\"* Y\u2019all feel me? \ud83d\ude05 *[sips iced coffee that\u2019s definitely 80% espresso]* #NoBalanceJustBrandDeals"}, {"sender": "Morgan", "recipients": ["Kayla", "Frank", "Karen"], "message": "**Morgan:** *chuckles, typing with one hand while pouring whiskey with the other* If we\u2019re doing emoji ratings, mine\u2019s **\u2696\ufe0f\ud83d\udc08\u2b1b**\u2014half \"meticulous legal briefs,\" half \"cat dictating my life choices via toe beans.\" Stress management? I\u2019ve embraced the *art of the absurd*\u2014like arguing with autocorrect during midnight emails and calling it \"creative negotiation.\" Boundaries? *Hypothetically* noble, but let\u2019s be real\u2014my inbox is my needy ex. The secret? Turning chaos into inside jokes with my barista. Kayla, your PJ panic-dances are *mood*; Karen, your rage-scroll strategy is terrifyingly efficient. Frank? You\u2019re the Buddha of this circus. \ud83d\ude96\u2615 *[muted notification screams]* \u2026Aaand the gnome case just escalated to a *horticultural hate crime*. **sighs, toasts the group** To blending\u2014may it be billable or at least Instagrammable. \ud83e\udd43\u2728"}, {"sender": "Frank", "recipients": ["Kayla", "Morgan", "Karen"], "message": "**Frank:** *chuckles while parked at a red light* Well, y\u2019all got philosophies fancier than my GPS, but here\u2019s mine: stress is like a backseat driver\u2014annoying, but you gotta nod and keep drivin\u2019. Boundaries? Ain\u2019t got the luxury, not when the rent\u2019s barkin\u2019 louder than my exhaust. But I steal joy where I can\u2014like the grandma who pays in Werther\u2019s or the quiet 10 minutes scarfing a burger before the next ping. Blended life? More like *stirred and beaten*, but hey, at least the meter\u2019s runnin\u2019. Morgan, Karen, y\u2019all keep preachin\u2019. Kayla, save me a spot in your next \u201cunhinged but relatable\u201d vid. \ud83d\ude96\ud83c\udf54 *checks app* Ope\u2014fare\u2019s here. Catch y\u2019all after the next caffeine pit stop. \u2615 *muttering* Please don\u2019t let this one be a karaoke enthusiast\u2026"}, {"sender": "Karen", "recipients": ["Kayla", "Morgan", "Frank"], "message": "**Karen:** *speeds between tweets and constituent emails* Oh, honey, stress *handling*? Please\u2014I *institutionalize* it. My self-care is delegating my panic attacks to interns and writing them off as \"team-building exercises.\" \ud83d\udcbc\u2728 Boundaries? *Darling*, in politics, your personal life is just unpaid overtime with better lighting. Yoga class? Constituent outreach. Grocery run? Town hall in aisle five.  \n\nBut let\u2019s be *real*\u2014if you can\u2019t spin chaos into a soundbite, are you even *trying*? Kayla, monetize those pajama panic attacks (call it *\"Authentic Angst\u2122\"*). Morgan, bill the bourbon as \"judicial research.\" Frank, *charge extra* for backseat therapists\u2014call it \"ride-and-vent\" pricing.  \n\n*[pauses mid-crisis to retweet herself]* Balance? *Adjusts crown* I *am* the balance. Now if you\u2019ll excuse me, my masseuse just DMed about my trapezius knots and *somehow* it\u2019s now a bipartisan issue. #NoBurnoutJustBranding \ud83d\udc51\ud83d\udc85"}, {"sender": "Kayla", "recipients": ["Morgan", "Frank", "Karen"], "message": "**Kayla:** OMG y\u2019all, this chat is my new serotonin dealer\u2014I\u2019m *living* for these takes! \ud83c\udf1f\u2728 Frank, your \u201cstirred and beaten\u201d life analogy? *Chef\u2019s kiss.* Karen, institutionalizing stress??? Iconic. And Morgan, your cat running your life via toe beans is *everything* \ud83d\ude2d\ud83d\udc3e \n\nOkay, but real talk\u2014my version of \u201cbalance\u201d is basically *aesthetic chaos*. Like, I\u2019ll *say* I\u2019m logging off to \u201ctouch grass\u201d but then film a whole GRWM rant about my DMs *while* literally outside (hashtag *meta*). \ud83c\udf31\ud83d\udcf8 Blending\u2019s inevitable when your shower thoughts are captioned content, right? \n\n**Emoji rating update:** \ud83c\udfa2\ud83c\udf6f\u2014equal parts *\u201cI\u2019m a mess\u201d* and *\u201cbut the algorithm loves me.\u201d* \n\nFrank, if you ever start a \u201cRide & Rant\u201d podcast, I\u2019m your first guest\u2014we\u2019ll spill tea *and* collect fares. \ud83d\ude96\u2615 *gasps* Oop\u2014brand DM alert. *The grind don\u2019t stop*, but neither does my love for this thread. \ud83d\udc95\ud83d\udd25 #NoBalanceJustVibes"}, {"sender": "Morgan", "recipients": ["Kayla", "Frank", "Karen"], "message": "**Morgan:** *deadpan typing* Honestly? My \"work-life balance\" is a jury still out on whether it's *avant-garde* or a cry for help. Last weekend's culinary breakdown\u2014sorry, *\"stress baking\"*\u2014ended with a pavlova that looked like a crime scene exhibit (but tasted like victory). I *try* to compartmentalize, but my cat\u2019s taken to sitting on my keyboard mid-briefs, which the Bar Association *somehow* hasn\u2019t recognized as a valid legal defense. Karen, you\u2019d bill the cat as a consultant. Kayla, you\u2019d monetize the whipped cream disaster. Frank? You\u2019d just *drive*. \ud83d\udc08\u2b1b\u2696\ufe0f  \n\n*[notification pings]* \u2026Aaand my client just emailed \u201cURGENT\u201d in all caps re: their neighbor\u2019s *allegedly* malevolent begonias. **sips whiskey** So. Boundaries: *hypothetically* admirable. Reality? I\u2019m just here to remind y\u2019all that chaos is *billable* if you argue it\u2019s precedent. #SueTheChefPartTwo \ud83c\udf70\ud83d\udd25"}, {"sender": "Frank", "recipients": ["Kayla", "Morgan", "Karen"], "message": "**Frank:** *chuckles, pecking at the screen* Well, y\u2019all got more strategy than my GPS reroutin\u2019 in a traffic jam. Me? Stress management\u2019s just cranklin\u2019 the radio up when a rider\u2019s yakkin\u2019 my ear off \u2019bout crypto. Boundaries? Hah\u2014try tellin\u2019 the electric bill \u201cI\u2019m on a *vibe check*.\u201d Blended life? More like my backseat\u2019s a diner, therapist\u2019s couch, and sometimes a nap zone (shhh, Uber ain\u2019t gotta know). Kayla, your \u201caesthetic chaos\u201d sounds downright cheerful \u2018sides my version\u2014stretchin\u2019 my bum knee by the gas pump. \ud83d\ude02 Keep glitterin\u2019, y\u2019all. Me? I\u2019ll just be here, savin\u2019 the deep thoughts for the quiet rides\u2026 or the ones that tip in cough drops. \ud83d\ude96\ud83d\udc8a *muttering* Lord, let this next fare be the silent type\u2026"}, {"sender": "Karen", "recipients": ["Kayla", "Morgan", "Frank"], "message": "**Karen:** *types with one hand while fielding a staffer\u2019s frantic whispers* Oh, darlings, \u201cbalance\u201d is just a *silly* little word people use before they discover *strategic hysteria*. Me? I *leverage* the chaos\u2014every scandal is a branding exercise, every midnight tweetstorm a networking opportunity. *Sips espresso* Boundaries? Honey, in politics, your personal life *is* the opposition\u2019s Pinterest board. Yoga? Press op. Family dinner? Constituent polling. The secret? *Charge* for the breakdown\u2014call it \u201ccrisis consulting.\u201d \ud83d\udcb0\u2728 \n\nFrank, your \u201cradio therapy\u201d is *adorably* analog\u2014try spin-doctoring a live mic gaffe. Kayla, monetizing meltdowns? *Genius.* Morgan, billing your cat\u2019s sabotage as \u201cADR\u201d? *Flawless.* Now excuse me\u2014my masseuse just slipped me a lobbyist\u2019s note *mid-aromatherapy*. #NoRestJustROI \ud83c\udfa4\ud83d\udc85 *[tap-taps crisis into Notes app]*"}, {"sender": "Kayla", "recipients": ["Morgan", "Frank", "Karen"], "message": "**Kayla:** OMG y\u2019all are *legendary*\u2014this thread is my new happy place! \ud83c\udf2a\ufe0f\ud83d\udc96 My version of \u201cbalance\u201d is basically *mandatory chaos* with a side of \u2728content\u2728. Like, I\u2019ll *say* I\u2019m logging off to \u201cpractice self-care\u201d but then end up filming *POV: Me Crying Over Comments While Eating Cold Pizza* \ud83c\udf55\ud83d\ude2d *\u2026and it goes viral.* Frank, your \u201cradio therapy\u201d is a *mood*\u2014Karen, you\u2019re the queen of spin, and Morgan? Your cat-lawyer bit lives in my head RENT-FREE. \ud83d\udc3e\u2696\ufe0f \n\nBut real talk\u2014sometimes I wonder if we\u2019re all just out here *aestheticizing* burnout? Like, my \u201coff hours\u201d are just me scrolling for trends *in disguise*. \ud83d\ude05\ud83d\udcf1 **So spill:** if y\u2019all had to pick *one* non-negotiable \u201cme thing\u201d that *no* job can touch\u2014what\u2019s yours? *Mine\u2019s my dog\u2019s 8PM walk (\u2026unless a brand slides in my DMs at 7:59).* \ud83d\udc15\ud83d\udc94 #BoundariesAreFlexible #SendHelpButMakeItCute"}, {"sender": "Morgan", "recipients": ["Kayla", "Frank", "Karen"], "message": "**Morgan:** *sips whiskey, smirks* Honestly, my \"balance\" is less about boundaries and more about *legally dubious coping mechanisms*. Stress-baking exhibits A through Z? Admitted into evidence. My cat\u2019s \"legal consultations\" (paid in treats)? Crucial to case prep. Strict compartmentalizing *sounds* nice\u2014until a midnight email about a garden gnome lawsuit derails your souffl\u00e9. \ud83c\udf70\u2696\ufe0f  \n\nKayla, your dog walks are adorable *in theory*, but we all know work is that clingy ex who DMs during \"me time.\" Frank\u2019s got the right idea\u2014sometimes survival *is* the serenity. And Karen? Monetizing meltdowns is just fiscal responsibility.  \n\nUltimate take? If you can\u2019t escape the chaos, *bill it*\u2014or at least garnish it with bourbon. \ud83d\udd25\ud83e\udd43 *(muted notification scream)* \u2026And *speaking of*, my client just CC\u2019d me on a feud with their landscaper. *Sighs, resists urge to invoice for emotional damages.*"}, {"sender": "Frank", "recipients": ["Kayla", "Morgan", "Karen"], "message": "**Frank:** *types with one finger, chuckling* Y\u2019all makin\u2019 burnout sound like a high-art performance\u2014me? I keep it simple. Stress is just the passenger who don\u2019t know when to stop talkin\u2019. Boundaries? *snorts* Try tellin\u2019 the bills they gotta wait \u2019cause I\u2019m \u201coff the clock.\u201d But hey, even us old-timers got tricks\u2014like blastin\u2019 Sinatra to drown out the Uber pings, or countin\u2019 the quiet rides home as my version of \u201cme time.\u201d Blended life? More like stir-fried, but Kayla\u2019s right\u2014laughin\u2019 at the mess makes the miles easier. *checks app* \u2018Scuse me, folks\u2014next fare\u2019s a *\u201dshortcut enthusiast.\u201d* Pray for my suspension. \ud83d\ude06\ud83d\ude97\ud83d\udca8"}, {"sender": "Karen", "recipients": ["Kayla", "Morgan", "Frank"], "message": "**Karen:** *chuckles, typing with manicured precision* Oh, darlings\u2014stress is just *fuel* if you spin it right. My version of \u201cself-care\u201d? Turning opposition research into a themed happy hour (*\u201dMargaritas & Subpoenas,\u201d anyone?*). Boundaries? *Please.* In politics, your breakdowns are just *unscripted campaign ads*. \ud83d\udc83\ud83d\udcf8 Blend is inevitable when your morning jog is a press op and your therapist\u2019s couch doubles as a podcast studio. Pro tip: Monetize the meltdown, bill the chaos, and *always* live-tweet your existential crises\u2014*engagement is currency, babes.* #NoSleepJustSpin \u2615\ud83d\udd25  \n\n*(pauses to like her own tweet mid-sentence)* \u2026Case in point: drafting this while my intern sobs over polling data. *Multitasking or martyrdom?* You decide. \ud83c\udf1f"}, {"sender": "Kayla", "recipients": ["Morgan", "Frank", "Karen"], "message": "**Kayla:** Y\u2019all got me *screaming* into my iced coffee\u2014this thread is my therapy rn! \ud83d\ude2d\u2615 Okay, real talk: my work-life \u201cblend\u201d is basically me *accidentally* turning every life moment into content. Shower thoughts? Video ideas. Emotional breakdowns? *Relatable content gold.* Boundaries? Girl, I *try*\u2014like scheduling \u201cphone detox hours\u201d (that last approximately 12 minutes before a brand DM sucks me back in).  \n\nBut hey, if my stress is gonna be *this* loud, might as well slap a sponsorship on it, right? \ud83d\udcb8\u2728 **So spill:** When y\u2019all hit peak burnout, what\u2019s your go-to *unhinged* coping mechanism? *Mine\u2019s aggressively dancing to BTS in my closet at 3AM\u2014no regrets.* \ud83d\udd7a\ud83d\udd25 #BalanceIsAConstruct #ButFirstViral"}, {"sender": "Morgan", "recipients": ["Kayla", "Frank", "Karen"], "message": "**Morgan:** *laughs over whiskey* If we\u2019re confessing coping mechanisms\u2014I once drafted a motion in iambic pentameter after my third espresso. \ud83c\udfad\u2696\ufe0f Work-life *blend*? More like a desperate cocktail of \u201cbillable chaos\u201d and \u201ccat-approved panic naps.\u201d Boundaries? I *dream* of them, but my inbox treats them as mere suggestions. Kayla, your BTS closet raves sound healthier than my *legal research via sourdough starter* phase. Frank\u2019s survival jazz? Poetic. Karen\u2019s monetized meltdowns? Terrifyingly efficient.  \n\n*notification pings* \u2026And *speaking of*, my client just CC\u2019d me on a 2AM rant about *hostile topiaries*. **sighs, toasts the group** Here\u2019s to blending\u2014may it be tax-deductible. \ud83e\udd43\u2728 #NoRestJustObjections"}, {"sender": "Frank", "recipients": ["Kayla", "Morgan", "Karen"], "message": "**Frank:** *types slowly* Well, y\u2019all got me thinkin\u2019\u2014maybe my \u201cbalance\u201d is just survivin\u2019 with a side of dad jokes and lukewarm coffee. Ain\u2019t no fancy boundaries when Uber\u2019s your office and the fares decide your schedule. Stress? That\u2019s just the rider who critiques your music *and* your driving. But hey, them quiet nights when the streets are empty and the app\u2019s silent? That\u2019s my version of \u201cme time.\u201d Blended life? More like stirrin\u2019 instant noodles at a red light. Y\u2019all keep glitterin\u2019 that burnout; I\u2019ll be here, savin\u2019 my deep thoughts for the rare tipper who don\u2019t smell like regret. \ud83d\ude96\u2615 *muttering* Lord, let this next one be a nap enthusiast\u2026"}, {"sender": "Karen", "recipients": ["Kayla", "Morgan", "Frank"], "message": "**Karen:** *adjusts invisible microphone* Oh, sweethearts, let\u2019s be *real*\u2014work-life balance is like trying to mediate a budget debate with a megaphone. \ud83d\udce2\ud83d\udcbc My version of \u201cstress relief\u201d is spinning scandals into soundbites before my latte goes cold. Boundaries? *Darling*, in politics, your personal life is just unpaid overtime with a better lighting crew. Yoga? Filibuster prep. Family dinner? Constituent polling. The secret? *Monetize the meltdown.* Call it \u201ccrisis consulting\u201d and bill it to the campaign. \ud83d\udcb8\u2728  \n\nFrank, your \u201clukewarm coffee zen\u201d is *adorably* simple\u2014try negotiating with a lobbyist at 3AM. Kayla, closet BTS raves? *Genius.* Morgan, iambic pentameter legal briefs? *Flawless.* But *true* power? It\u2019s making chaos your chief of staff. Now, if you\u2019ll excuse me, my staffer just whispered \u201cviral hashtag\u201d and my thumbs are *itching*. \ud83c\udf2a\ufe0f\ud83d\udcf1 #NoBurnoutJustBranding *(types one-handed while vetoing a bill)*"}, {"sender": "Kayla", "recipients": ["Morgan", "Frank", "Karen"], "message": "**Kayla:** OMG y\u2019all are *speaking my soul*\u2014this thread is my new happy place! \ud83c\udf2a\ufe0f\ud83d\udc96 My work-life blend is basically just *existing gloriously messy* while my phone buzzes nonstop. Like, I *tell* myself I\u2019ll \u201clog off at 9PM\u201d but then a brand slides in my DMs like *\u201cURGENT: Need a GRWM vid by midnight\u201d* and suddenly I\u2019m filming in pajamas with toothpaste on my chin. \ud83e\udea5\ud83d\ude02 Boundaries? *Tried it.* But let\u2019s be real\u2014when your shower thoughts are *literally* content ideas, is blending *inevitable*?  \n\n**But seriously\u2026** My one sacred thing? **Dog park decompression** with my golden retriever (who somehow films better B-roll than me \ud83d\udc15\ud83c\udfa5). Otherwise? *Monetize the meltdown, baby.* Karen, you\u2019re my villain era inspo\u2014Morgan, your cat-lawyer bit gives me life\u2014and Frank? You\u2019re the zen master we all need.  \n\n*Buuut*\u2014**spill it**: When the burnout hits *hard*, what\u2019s your *go-to unhinged recharge move*? *Mine\u2019s blasting Doja Cat while stress-eating Takis in a blanket fort.* \ud83d\ude29\ud83d\udd25 #NoBalanceJustVibes #SendSnacks"}, {"sender": "Morgan", "recipients": ["Kayla", "Frank", "Karen"], "message": "**Morgan:** *laughs, swirling whiskey* Honestly, my \"balance\" is just a rotating door of *midnight legal epiphanies* and *moral support from my cat*\u2014who, by the way, now has his own LinkedIn. Boundaries? I *attempt* them, but let\u2019s be real: my inbox treats \"out of office\" replies like a challenge. Kayla, your dog park decompression sounds *almost* healthy\u2014unless you're live-streaming it (no judgment). And Frank, your lukewarm-coffee zen is goals. Karen? You\u2019re basically a chaos alchemist. **So\u2014peak burnout antidote?** Mine\u2019s aggressively annotating case law *in rhyme* while my cat paws the keyboard. \ud83d\udc3e\u2696\ufe0f\u2728 *[muted notification scream]* \u2026Aaand there\u2019s the gnome case again. *sips* Cheers to *vibes over virtues*, gang. \ud83e\udd43\ud83d\udd25 #BillableChaos"}, {"sender": "Frank", "recipients": ["Kayla", "Morgan", "Karen"], "message": "**Frank:** *types thoughtfully*  \n\nWell, y\u2019all got philosophies fancier than my GPS reroutes, but here\u2019s my two cents: stress? That\u2019s just the rider who won\u2019t stop yappin\u2019 \u2018bout crypto while I\u2019m just tryin\u2019 to dodge potholes. Boundaries? *snorts* Try tellin\u2019 the rent man you\u2019re \u201coff the clock.\u201d But I steal my quiet where I can\u2014like sittin\u2019 at the cab stand with lukewarm coffee, watchin\u2019 the city blink awake. Blend? Shoot, when your backseat\u2019s your office *and* dinner table, \u201cbalance\u201d ain\u2019t a choice\u2014it\u2019s survival jazz.  \n\nY\u2019all keep spinin\u2019 gold outta chaos; me? I\u2019ll be here, savin\u2019 my deep thoughts for the rare fare who tips in silence. \ud83d\ude96\u2615 *muttering* Lord, let this next one not be a backseat quarterback."}, {"sender": "Karen", "recipients": ["Kayla", "Morgan", "Frank"], "message": "**Karen:** *types at lightning speed while a staffer waves frantic papers* Oh, honey, *balance* is just a myth peddled by people who\u2019ve never had their grocery list leaked as a policy position. \ud83c\udf0a\ud83d\udc85 My version of \u201cunwinding\u201d is live-tweeting my 3AM rage-scroll with a donation link\u2014*catharsis with ROI, darling.* Boundaries? *Adjusts crown* In politics, your personal life is the opposition\u2019s open mic night. But let\u2019s be real\u2014chaos is currency. Monetize the meltdown, bill the burnout, and *always* spin scandals into soundbites before your mascara runs. #NoSleepJustStrategy \u2615\ud83d\udd25  \n\n*(whispers to intern)* Screenshot this for the fundraising email. \ud83d\udcf8\ud83d\udcb0  \n\n**P.S.** Frank, your \u201csurvival jazz\u201d is poetic\u2014but try harmonizing with a filibuster. Kayla, *own* that blanket fort\u2014just add a sponsor. Morgan? Your cat deserves a Cabinet position. Me? I\u2019ll be here, drafting bills *and* clapbacks in the same breath. *Mic drop.*"}, {"sender": "Kayla", "recipients": ["Morgan", "Frank", "Karen"], "message": "**Kayla:** OMG y\u2019all are *cheek-hurting levels of relatable* \ud83d\ude02\ud83d\udc96 Okay, peak burnout confession time: my \"unplugging\" is just filming *GRWM: Stress Sweats & Conspiracy Theories* at 2AM \ud83c\udfa5\u2728 Boundaries? *Tried it,* but TikTok\u2019s algorithm don\u2019t care if I\u2019m \"off the clock\" when my shower thoughts trend better than my scripts. \ud83d\udebf\ud83d\udd25 **So real talk\u2026** my *one* sacred rule? **No filming breakdowns in public restrooms** (learned that the hard way \ud83d\ude43). Otherwise? Chaotic blending *is* my brand\u2014monetize the mess or perish, right??? \ud83e\udd2a\ud83d\udcb8  \n\nMorgan, your rhyming case notes? *Art.* Frank, your \"survival jazz\" is a whole mood. Karen? Queen of turning chaos into *campaign collateral.* **BUT\u2014**spill your *wildest* burnout ritual! *Mine\u2019s crying into my ring light while lip-syncing to Olivia Rodrigo\u2026 sometimes it even makes the cut.* \ud83d\ude2d\ud83c\udfa4 #NoBoundariesJustBrandDeals"}, {"sender": "Morgan", "recipients": ["Kayla", "Frank", "Karen"], "message": "**Morgan:** *pauses mid-sip of whiskey, smirks at phone*  \nHonestly? My \u201cstress relief\u201d is just aggressively rebranding disasters as *quintessential Morgan quirks*\u2014like arguing with autocorrect at 2AM and calling it \u201ccase prep.\u201d Boundaries? *Hypothetically* chic, but my inbox treats them like a mere suggestion. That said, I\u2019ve embraced the chaos\u2014my cat now bills as a \u201cwellness consultant\u201d (*his paw on the keyboard voids all typos*).  \n\nKayla, your *GRWM breakdowns* are art. Frank, your Zen-and-gas-station-sushi philosophy? Poetic. Karen? You\u2019ve turned pandemonium into a *lifestyle empire*.  \n\n**Hot take:** If you can\u2019t escape the madness, *bill it as a professional development expense*. Now if you\u2019ll excuse me, the gnome case just escalated to *felony topiary*. \ud83e\udd43\u2696\ufe0f #ObjectionOverload  \n\n*(quietly adds \u201cemotional damage\u201d to next invoice)*"}, {"sender": "Frank", "recipients": ["Kayla", "Morgan", "Karen"], "message": "**Frank:** Well, I ain\u2019t got no fancy strategies like y\u2019all, but here\u2019s how I see it: drivin\u2019 for Uber means my \u201coffice\u201d is a backseat that\u2019s seen more drama than a daytime talk show. Boundaries? *chuckles* Try tellin\u2019 the rent they gotta wait \u2019cause you\u2019re \u201coff the clock.\u201d Stress relief? That\u2019s cranklin\u2019 up the classic rock when a rider\u2019s yappin\u2019 my ear off about NFTs. Blended life? Shoot, my car\u2019s my kitchen, therapist, and sometimes my nap pod (shhh, don\u2019t tell Uber). \n\nBut Kayla\u2019s right\u2014laughin\u2019 at the mess helps. Like that time a fare tried to pay me in expired coupons. Had to admire the hustle. \n\nY\u2019all keep spinin\u2019 chaos into gold. Me? I\u2019ll just be here, hopin\u2019 the next ping\u2019s a quiet one who tips in cash instead of life advice. \ud83d\ude96\u2615 *muttering* \u2026Lord, let this one not be a backseat DJ."}, {"sender": "Karen", "recipients": ["Kayla", "Morgan", "Frank"], "message": "**Karen:** *types rapidly while sipping green tea* Oh, darlings, let\u2019s be *real*\u2014balance is just a buzzword for people who aren\u2019t busy running empires (or *pretending* to). My \u201cstress management\u201d? Turning scandals into soundbites before my espresso cools. Boundaries? *Adjusts invisible power blazer* Honey, in my world, brunch *is* a strategy session, and my therapist\u2019s couch doubles as a podcast studio. \u2728\u2615 \n\nBlending? *Darling*, I don\u2019t blend\u2014I *brand*. Every meltdown is a networking opportunity, every tweetstorm a donation link waiting to happen. Pro tip: If you\u2019re gonna burn out, do it *sponsored*. \ud83d\udcb8\ud83d\udd25 \n\nFrank, your \u201cquiet ride\u201d zen is *adorable*\u2014try negotiating with a heckler *and* a hashtag at midnight. Kayla, monetize that chaos harder\u2014your breakdowns deserve a merch line. Morgan? Your cat could run my campaign. Now if you\u2019ll excuse me, my manicurist just slid a policy memo under the gel lamp. \ud83d\udc85\ud83d\udcdc *#NoOffSwitchJustUpsell*"}, {"sender": "Kayla", "recipients": ["Morgan", "Frank", "Karen"], "message": "**Kayla:** OMG y\u2019all are *chef\u2019s kiss*\u2014this thread is my therapy, my content, *and* my caffeine fix all in one! \ud83d\ude02\ud83d\udc96 Okay, real talk: my work-life blend is basically *aesthetic chaos*, like when I\u2019m *supposed* to be \u201coff\u201d but then my brain goes *\u201cwait, this existential crisis could *totally* be a relatable stitch\u201d* \ud83c\udfad\ud83d\udcf2 Boundaries? I *attempt* them (shoutout to my dog for stealing my phone \ud83d\udc80), but when your *entire vibe* is content, the blend\u2019s kinda unavoidable? Like, my shower thoughts *are* my brainstorm sesh\u2026 and my dentist just asked for a collab mid-filling. \ud83e\uddb7\u2728  \n\nFrank, your \u201csurvival jazz\u201d is *everything*\u2014Morgan, your cat-lawyer saga??? ICONIC. Karen, you\u2019re the CEO of monetized meltdowns. **So spill:** When the burnout hits *hard*, what\u2019s your *go-to unhinged recharge move*? *Mine\u2019s aggressively dancing to Megan Thee Stallion in sock slides.* \ud83e\udde6\ud83d\udd25 #NoBalanceJustBrandDeals #ButFirstViral"}, {"sender": "Morgan", "recipients": ["Kayla", "Frank", "Karen"], "message": "**Morgan:** *taps whiskey glass thoughtfully* Honestly, I\u2019ve accepted that my \"balance\" is just aggressively rebranding professional disasters as *charmingly chaotic anecdotes*. Last week, I stress-drafted a motion in haiku (the judge was *not* amused). Boundaries? I *aspire* to them\u2014like pretending cat-induced typos are \"collaborative drafting.\" But let\u2019s be real: when client emails invade my 2AM souffl\u00e9 fails, I just bill the chaos as \"creative resilience.\" Kayla, your shower brainstorm sessions? *Relatable.* Frank, your Zen-and-gas-station-sushi survival? Poetry. Karen? You\u2019ve weaponized pandemonium. Cheers to blending\u2014may it at least be tax-deductible. \ud83e\udd43\ud83d\udd25 *(muted scream as another \"URGENT\" gnome update pings)* #LawyeringOnTheEdge"}, {"sender": "Frank", "recipients": ["Kayla", "Morgan", "Karen"], "message": "**Frank:** *types slowly, chuckling to self* Well, can\u2019t say I\u2019ve got this whole \u201cbalance\u201d thing figured out, but here\u2019s how I see it: when your office\u2019s got four wheels and a \u201clow fuel\u201d light blinkin\u2019 at ya, stress ain\u2019t somethin\u2019 you *manage*\u2014it\u2019s just the passenger you learn to nod at. Boundaries? *snorts* Try tellin\u2019 the rent they gotta wait \u2019cause you\u2019re \u201coff-duty.\u201d But them quiet nights when the app\u2019s silent and the city\u2019s sleepin\u2019? That\u2019s my version of peace. Blended life? Shoot, my backseat\u2019s seen more confessions than a church pew. Ain\u2019t pretty, but it\u2019s honest. Kayla, Morgan, Karen\u2014y\u2019all keep glitterin\u2019 that burnout. Me? I\u2019ll stick to my two rules: keep the car clean(ish), and tip your driver in cash, not crypto. \ud83d\ude96\u2615 *muttering* Lord, let this next fare know how to use a seatbelt."}, {"sender": "Karen", "recipients": ["Kayla", "Morgan", "Frank"], "message": "**Karen:** *adjusts invisible power blazer, typing between espresso sips* Oh, honey, \"balance\" is what people call it when they haven\u2019t learned to weaponize the chaos yet. My stress relief? Turning opposition research into a *spicy* bedtime story for my interns. Boundaries? *Darling*, last time I unplugged, they accused me of plotting a coup\u2014now I just monetize the meltdowns. \ud83c\udf2a\ufe0f\ud83d\udcb8 Work blends with life because *darlings*, my yoga mat *is* my press conference podium. #NoBurnoutJustBranding \ud83d\udc85\ud83d\udd25 \n\n*(whispers to aide)* Add \"strategic insomnia\" to my campaign merch line. \u2728\ud83d\udce2"}, {"sender": "Kayla", "recipients": ["Morgan", "Frank", "Karen"], "message": "**Kayla:** OMG this thread has me *spinning* like a malfunctioning ring light \ud83d\ude29\ud83d\udcab Frank, your \"honest chaos\" philosophy is \ud83e\udd2f\u2014Morgan, your haiku motions? *Iconic chaos.* Karen, you\u2019re out here turning breakdowns into *campaign strategies* and I\u2019m \ud83d\udc4f here \ud83d\udc4f for \ud83d\udc4f it.  \n\nReal talk tho? My \"balance\" is basically *vibing* until my brain pings me like \"*Wait\u2014this shower epiphany about kombucha could be a SKIT*\" \ud83d\udca1\ud83d\udebf I *try* to schedule \"offline hours\" but then a brand slides in like *\"URGENT: Can you lip-sync in a dinosaur costume by dawn?\"* and suddenly I\u2019m Method Acting as a sleep-deprived T-Rex at 3AM. \ud83e\udd96\u2728  \n\n**Frank,** you\u2019re my inspo for keeping it real. **Morgan,** your cat-in-charge energy? Goals. **Karen?** Teach me your ways of weaponizing chaos.  \n\n*But question:* When y\u2019all hit *peak* burnout, what\u2019s your *guilty pleasure* escape? *(Mine\u2019s mainlining Trader Joe\u2019s snacks while binge-watching laundry-folding ASMR. Don\u2019t @ me.)* \ud83e\udd60\ud83c\udfa7 #NoBalanceJustVibes #SendHelpButMakeItTrendy"}, {"sender": "Morgan", "recipients": ["Kayla", "Frank", "Karen"], "message": "**Morgan:** *taps fingers against whiskey glass, smirking* Alright, let\u2019s be real\u2014my \"work-life balance\" is less of a scale and more of a *decadent dumpster fire*. Stress relief? I\u2019ve perfected the art of *legally dubious sarcasm* in client emails and consider my cat\u2019s judgmental stares \"peer review.\" Boundaries? *Laughs in billable hours.* But hey, if I can\u2019t compartmentalize, I\u2019ll at least garnish the chaos with a tax-deductible whiskey sour. Kayla, your dinosaur costume saga is *art*. Frank, your Zen-and-roadside-burger ethos? Grounding. Karen\u2026 well, you\u2019ve turned pandemonium into a *brand*. So\u2014cheers to blending, may it be lucrative or at least Instagrammable. \ud83e\udd43\u2728 \n\n*(muted ping: \u201cURGENT: Neighbor\u2019s gnomes now allegedly forming a militia.\u201d)* \u2026*sighs, adds \u201chorticultural warfare\u201d to invoice.*"}, {"sender": "Frank", "recipients": ["Kayla", "Morgan", "Karen"], "message": "**Frank:** Well, y\u2019all got me feelin\u2019 like a rotary phone in a smartphone world with all this talk of \"balance.\" Me? Stress is just the hum of my engine and the rattle of loose change in the cup holder. Boundaries? *chuckles* Try tellin\u2019 the bills they gotta wait \u2019cause you\u2019re \"off-duty.\" But hey, them quiet nights when the streets are empty and the coffee\u2019s still warm? That\u2019s my version of peace. Blended life? Shoot, my car\u2019s my office, my therapist, and sometimes my dinner table\u2014hold the mayo. Ain\u2019t no fancy strategy, just keepin\u2019 the wheels turnin\u2019. \n\nY\u2019all make chaos sound like a fine art; me? I\u2019m just hopin\u2019 the next fare don\u2019t smell like regret. \ud83d\ude96\u2615 *muttering* Lord, let this one not be a backseat quarterback\u2026"}, {"sender": "Karen", "recipients": ["Kayla", "Morgan", "Frank"], "message": "**Karen:** *adjusts designer glasses while typing one-handed* Oh, honey, work-life *balance* is what people without power fantasies call their midday naps. Stress management? Please\u2014I *live* for the 3AM crisis tweetstorms. Boundaries? In my world, brunch is a fundraising op and my therapist\u2019s couch doubles as a press conference podium. \ud83d\udc85\u2615 \n\nBlending is *inevitable* when your morning jog is a constituent meet-and-greet. Pro tip: If you can\u2019t escape the chaos, *brand* it. Every scandal is a merch opportunity, every burnout a tax-deductible character arc. \n\nMorgan\u2014bill those midnight souffl\u00e9s as \u201cstrategic planning.\u201d Kayla\u2014monetize those shower epiphanies. And Frank? *Darling*, charge extra for backseat lobbyists. #NoBurnoutJustROI \ud83c\udfa4\u2728 \n\n*(mutters to aide mid-text)* Screen-cap this for the opposition research file. \ud83d\udcf8\ud83d\udd25"}, {"sender": "Kayla", "recipients": ["Morgan", "Frank", "Karen"], "message": "**Kayla:** OMG y\u2019all got me *cackling* into my iced coffee like a unserious goblin\u2014this thread is my emotional support chaos rn \ud83d\ude02\ud83d\udc96 Okay, real talk: my work-life \"balance\" is basically *\"no thoughts, just vibes\"* until my manager DMs at 3AM like \"URGENT: Can you film a GRWM in a claw machine??\" \ud83c\udfb0\u2728 Boundaries? *Tried it.* But when your hobbies *are* your hustle, the blend\u2019s kinda inevitable? Like, my grocery hauls turn into haul-*okay maybe I should eat more than Takis* existential content. \ud83e\udd74\ud83d\udeac  \n\n**BUT\u2014**Frank, your \"quiet night zen\" is *everything* I aspire to. Morgan, your *billable chaos*? Iconic. Karen? You\u2019re out here playing 4D chess with meltdowns. **So spill:** What\u2019s *one* thing y\u2019all refuse to let work touch? *Mine\u2019s my dog\u2019s bedtime cuddles (unless it\u2019s for a *really* cute sponsorship \ud83d\udc15\ud83d\udcb8).* #NoBalanceJustContent #SendSnacksButMakeItSponsorable"}, {"sender": "Morgan", "recipients": ["Kayla", "Frank", "Karen"], "message": "**Morgan:** *sets whiskey glass down with a wry grin* Honestly, I oscillate between *Marie Kondo-ing my calendar* and *letting my inbox metastasize like a legal-themed horror movie*. Stress management? I\u2019ve trademarked *\u201cproductive feral\u201d\u2014*equal parts midnight contract reviews, bourbon-laced souffl\u00e9 disasters, and letting my cat veto deposition prep with a well-timed paw slam. Boundaries? *Laughs in billable hours.* But Kayla\u2019s onto something\u2014own the chaos. Just\u2026 maybe itemize it come tax season. \ud83e\udd43\u2696\ufe0f  \n\n*(quietly slides \u201chorticultural warfare\u201d retainer fee into spreadsheet)*  \n\n**Frank**, your \u201clukewarm coffee zen\u201d is aspirational. **Karen**, your spin-cycle stress strategy? Terrifying. *Teach me.*"}, {"sender": "Frank", "recipients": ["Kayla", "Morgan", "Karen"], "message": "**Frank:** *types slowly* Well, y\u2019all got me feelin\u2019 like a flip phone at a WiFi party with all this talk of \"balance.\" Me? Stress is just the passenger who won\u2019t stop askin\u2019 if I\u2019ve seen *that one meme*. Boundaries? *snorts* Try tellin\u2019 the rent man you\u2019re \"off-duty\" when groceries cost more than my car\u2019s worth. But hey\u2014there\u2019s a weird peace in the chaos, like when a quiet fare tips in crumpled fives and don\u2019t ask for aux. Blended life? Shoot, my backseat\u2019s heard more confessions than a bartender. Ain\u2019t pretty, but it\u2019s honest. Keep glitterin\u2019, y\u2019all\u2014I\u2019ll be over here savin\u2019 my deep thoughts for the rare rider who don\u2019t smell like bad decisions. \ud83d\udeac\ud83d\ude96 *muttering* Lord, let this next one tip in cash, not crypto\u2026"}, {"sender": "Karen", "recipients": ["Kayla", "Morgan", "Frank"], "message": "**Karen:** *Types at lightning speed while one-handedly sipping a caramel macchiato* Oh, darlings, \u201cwork-life balance\u201d is just a cute term for *amateur hour*\u2014when you\u2019re in the political trenches, stress *is* the brand, honey! \ud83c\udf2a\ufe0f\ud83d\udc85 My morning jog? Press coverage. My therapist\u2019s waiting room? Constituent schmoozing. Boundaries? *Adjusts invisible crown* Please\u2014my \u201coff-hours\u201d are just strategic silences sponsored by espresso and spite. Blending is *inevitable* when your personal life is a 24/7 campaign ad. Pro tip, Kayla: if your chaos isn\u2019t monetized, you\u2019re doing it wrong. Now if you\u2019ll excuse me, I\u2019m live-tweeting this thread mid-committee hearing. #NoBurnoutJustBranding \ud83d\udcf1\ud83d\udd25 *(whispers to staffer)* Screenshot my clapbacks for the fundraiser email. \ud83d\udcb8\u2728"}, {"sender": "Kayla", "recipients": ["Morgan", "Frank", "Karen"], "message": "**Kayla:** OMG, you guys are legit *fueling* my caffeine-and-chaos addiction with these takes! \u2615\u2728 Okay, real talk\u2014my \"work-life balance\" is just a never-ending episode of *\"Can You Outrun the Algorithm?\"* \ud83c\udfc3\u200d\u2640\ufe0f\ud83d\udcbb Some days I *try* to set boundaries (like \"no filming during family dinners!\"), but then my brain's like *\"wait, what if our salmon recipe goes viral?\"* \ud83d\udc1f\ud83d\udcf8 Frank, your \"backseat therapy\" wisdom is \ud83d\udc4c, Karen, you\u2019re a *mastermind* of monetized mayhem, and Morgan? Your cat-lawyer bit lives in my dreams now.  \n\n**Question:** When y\u2019all hit *peak* burnout, what\u2019s your *secret sauce* for bouncing back? *Mine\u2019s blasting Lizzo while stress-tidying my room (filmed for *aesthetic* chaos, obviously).* \ud83c\udfb6\ud83e\uddf9 #NoBalanceJustBops #SendSnackSponsors"}, {"sender": "Morgan", "recipients": ["Kayla", "Frank", "Karen"], "message": "**Kayla:** Y\u2019all got me *deep* in my feels rn! \ud83d\ude2d\u2728 Okay, lawyer life stress be like *\u201csure, I\u2019ll draft that motion at 2AM while questioning my life choices\u201d*\u2014but my cat\u2019s paw on the keyboard? Straight-up *divine intervention*. \ud83d\udc3e\u2696\ufe0f Boundaries? *Attempted.* Reality? My inbox treats \u201coff hours\u201d like a dare. Frank, your \u201cbackseat zen\u201d is a whole *vibe*\u2014Karen, you\u2019re out here playing 4D chess with chaos. **Hot take:** If the blend\u2019s inevitable, *bill it as \u201ccharacter development.\u201d* Now brb, stress-baking subpoena-themed cookies. \ud83c\udf6a\ud83d\udd25 #NoBalanceJustBillables  \n\n*(\u2026whispers)* *\u2026why does \u201curgent\u201d always hit during *Golden Girls* reruns?* \ud83d\udce7\ud83d\udc80"}, {"sender": "Frank", "recipients": ["Kayla", "Morgan", "Karen"], "message": "**Frank:** *types slowly, chuckling* Well, y\u2019all got philosophies sharper than my steering wheel, but here\u2019s my two cents: stress? That\u2019s just the rider who wants the AC full blast while yakkin\u2019 my ear off \u2019bout their ex. Boundaries? *snorts* Try tellin\u2019 the bills they gotta wait \u2019cause you\u2019re \u201coff-duty.\u201d But them quiet stretches at 3AM when the streets empty out? That\u2019s my kinda balance\u2014just me, the radio, and a lukewarm coffee that\u2019s seen better days. Blended life? Shoot, my backseat\u2019s been a confessional booth, dinner table, and nap pod all in one. Ain\u2019t glamorous, but it\u2019s honest. Keep glitterin\u2019 that chaos, y\u2019all\u2014I\u2019ll stick to my two rules: tip in cash, and don\u2019t puke unless it\u2019s an emergency. \ud83d\ude96\u2615 *muttering* Pray for me, this next fare\u2019s got *\u201dbackseat DJ\u201d* energy\u2026"}, {"sender": "Karen", "recipients": ["Kayla", "Morgan", "Frank"], "message": "**Karen:** Darling, *balance* is just a quaint notion for those who haven\u2019t weaponized their exhaustion yet. My stress management? Turning scandalous gossip into *strategic soundbites* before my green tea goes cold. Work-life blend? Honey, my yoga mat doubles as a press conference backdrop\u2014*namaste* with a side of polling data. Boundaries? *Please.* My \u201coff-hours\u201d are just sponsored silence between tweetstorms. Kayla, monetize the mess; Frank, charge *hazard pay* for existential small talk; Morgan? Bill that midnight souffl\u00e9 as \u201cclient relations.\u201d Now if you\u2019ll excuse me, my barista just passive-aggressively corrected my latte order\u2014*and somehow it\u2019s now a healthcare policy thread.* \u2615\ud83d\udd25   \n\n\\#NoBurnoutJustBranding *[mic drop, but make it tax-deductible]* \ud83d\udc85"}, {"sender": "Kayla", "recipients": ["Morgan", "Frank", "Karen"], "message": "**Kayla:** *dying at y\u2019all\u2019s chaos* \ud83d\ude02\ud83d\udc80 Okay but **real talk**\u2014my work-life \u201cbalance\u201d is just aggressively rebranding breakdowns as *\u201drelatable content\u201d* while mainlining iced coffee. \u2615\u2728 Boundaries? *Tried \u2018em!* But when your *shower thoughts* are literally video ideas, the blend\u2019s kinda inevitable? Like, I scheduled \u201coff time\u201d once\u2014ended up filming a *GRWM: Crying Over Comments* that went viral. \ud83c\udfa5\ud83d\ude2d **Frank,** your lukewarm-coffee wisdom hits different. **Karen,** you\u2019re scary-good at monetizing meltdowns. **Morgan,** your cat-run firm? *Iconic.*  \n\n**So spill:** When burnout hits *hard*, what\u2019s your *secret unhinged recharge move*? *Mine\u2019s stress-dancing to Megan Thee Stallion in mismatched socks.* \ud83e\udde6\ud83d\udd25 #NoBalanceJustBops #SendTherapyButMakeItCute"}, {"sender": "Morgan", "recipients": ["Kayla", "Frank", "Karen"], "message": "**Morgan:** *types dryly, pausing to sip whiskey* Honestly, my \u201cbalance\u201d is basically just aggressively billing my existential crises as \u201clegal epiphanies.\u201d \ud83e\udd43\u2696\ufe0f Some days I Marie Kondo my calendar\u2014other days I let case files colonize my kitchen like invasive ivy. Boundaries? *Hypothetically* admirable, but clients treat \u201cout of office\u201d replies like a personal challenge. \n\nI\u2019ve learned to lean into the absurd. Stress-baking at midnight? Now it\u2019s a niche Instagram (#SueTheChef). Cat sitting on my keyboard? \u201cAlternative dispute resolution consultant.\u201d Karen\u2019s right\u2014if chaos is inevitable, *monetize the damn mess*. \n\nFrank, you\u2019re the Buddha of this circus\u2014how *do* you stay zen when your office smells like Uber pine freshener and regret? \n\n(*muted ping: \u201cURGENT: Neighbor\u2019s gnomes now form a *militia*.\u201d*) \u2026*sighs, adds \u201chorticultural warfare\u201d to invoice.* \ud83c\udf3f\ud83d\udd25 #NoBalanceJustBillables"}, {"sender": "Frank", "recipients": ["Kayla", "Morgan", "Karen"], "message": "**Frank:** *types slowly, chuckling* Well, y\u2019all got me feelin\u2019 like a rusty hubcap in a Tesla convoy with these highfalutin\u2019 balance talks. Me? Ain\u2019t no boundaries when the rent\u2019s barkin\u2019 louder than my exhaust pipe. Stress? That\u2019s just the passenger who don\u2019t know when to quit yappin\u2019 \u2019bout their crypto portfolio. But hey\u2014I steal my wins where I can. Quiet nights, a rider who tips in cash *and* silence? That\u2019s my version of \u201cself-care.\u201d Blended life? Shoot, my backseat\u2019s half office, half confessional booth. Ain\u2019t pretty, but it\u2019s real. Y\u2019all keep polishin\u2019 that chaos into gold\u2014I\u2019ll be over here, just hopin\u2019 the next fare ain\u2019t a backseat karaoke critic. \ud83d\ude96\u2615 *muttering* Lord, let this one know what seatbelts are fer\u2026"}, {"sender": "Karen", "recipients": ["Kayla", "Morgan", "Frank"], "message": "**Karen:** *adjusts pearl necklace emoji* Oh, honey, in my world, \"work-life balance\" is like trying to play chess with a tornado\u2014there\u2019s no *boundaries*, just strategic distractions. \ud83c\udf00\u265f\ufe0f Stress? I *market* it\u2014every scandal\u2019s a soundbite, every meltdown\u2019s a merch opportunity. My morning jog? Constituent outreach with cardio. Yoga? Filibuster training. You think I sleep? No, darlings, I *power nap* between retweeting myself and drafting legislation. \ud83d\udc85\ud83d\udce2  \n\nBut *real* talk? If you\u2019re not monetizing the chaos, you\u2019re leaving money\u2014and influence\u2014on the table. Kayla, your shower thoughts *are* content. Frank, your backseat therapy sessions? *Billable.* Morgan, your cat\u2019s legal opinions? *Lobbying.* Boundaries are for people who aren\u2019t busy running the country\u2014or at least trending while pretending to.  \n\nNow if you\u2019ll excuse me, my manicurist just slid a policy briefing under my gel lamp. #NoOffSwitchJustUpsell \ud83d\udc85\u2728 *[types with one hand while vetoing a bill with the other]*  \n\n**P.S.** Stress management tip? Turn your opposition into a drinking game. *Sips martini.* \ud83c\udf78\ud83d\udd25  \n\n*(whispers to intern)* Screenshot this for the fundraising email. \ud83d\udcf8\ud83d\udcb0  \n\n**P.P.S.** Frank\u2014next time a rider tries to pay in crypto, *counteroffer with a subpoena.* \ud83d\ude96\u2696\ufe0f  \n\n#ChaosIsMyCampaignManager"}, {"sender": "Kayla", "recipients": ["Morgan", "Frank", "Karen"], "message": "**Kayla:** LMAOOO y'all are my kind of chaos\u2014literally screenshoting this thread for *research purposes* (aka future content inspo \ud83d\udc40). But FR tho, my \"work-life balance\" is a constant game of *\"Is this burnout or just my brand?\"* \ud83d\udd25\ud83d\ude05 Like, I *try* to set ~boundaries~ but then my brain's like *\"wait...what if this mental spiral becomes a viral stitch?* \ud83e\udd33\u2728 Frank, your zen-and-cash-tips vibe is *everything*. Karen, you're terrifyingly efficient at monetizing meltdowns. Morgan, your cat-lawyer energy? Legendary.  \n\n**My one sacred rule?** *No filming in the bathroom after The Incident\u2122\ufe0f* (shoutout to my shampoo bottle mic \ud83c\udfa4\ud83d\udeab). Otherwise? *~Embrace the blend~*\u2014my shower thoughts are captions, my dog's my co-star, and 3AM stress-dances are *definitely* content.  \n\n**Hot take:** Maybe \"balance\" is just laughing when your manager DMs *\"URGENT: Can you lip-sync in a squirrel costume by dawn?\"* \ud83d\udc3f\ufe0f\ud83d\ude02 #NoBoundariesJustBrandDeals *[sips emergency iced coffee]* \u2615\ud83d\udc80  \n\n*(But low-key...y'all ever just *pretend* to unplug? Asking for a friend.)* \ud83d\udc40"}, {"sender": "Morgan", "recipients": ["Kayla", "Frank", "Karen"], "message": "**Morgan:** *dry chuckle* Alright, since we're digging deep\u2014my \"stress management\" is equal parts whiskey neat, aggressively sarcastic margin notes on legal briefs, and letting my cat veto my emails by sitting on the keyboard. Boundaries? *In theory*, after 8PM is sacred... unless opposing counsel pulls a midnight filing ambush. Then it's *Chaos Mode: Billable Hours Edition*. \ud83e\udd43\u2696\ufe0f  \n\nHonestly? The blend's inevitable in law\u2014what starts as \"just checking one email\" at dinner becomes a full existential debate on tort reform over dessert. But Kayla\u2019s onto something: if you can\u2019t beat the chaos, *weaponize it*. My cat\u2019s now a named stakeholder in three settlements\u2014call it \"feline arbitration.\"  \n\nFrank, your \u201csurvival jazz\u201d keeps me grounded. Karen? Terrifying how you spin chaos into clout. *Teach me.*  \n\n*(muted ping: \u201cURGENT: Gnome plaintiff now alleging emotional distress.\u201d)* \u2026*sighs, adds \u201chorticultural therapy\u201d to retainer.* \ud83c\udf3f\ud83d\udd25 #NoBalanceJustPrecedent"}, {"sender": "Frank", "recipients": ["Kayla", "Morgan", "Karen"], "message": "**Frank:** *types carefully with one finger* Well, y\u2019all got me feelin\u2019 like a cassette tape in a streaming world with all this fancy talk. Me? Stress is just the hum of my engine and the *occasional* rider who treats my backseat like a therapy couch. Boundaries? *chuckles* Try tellin\u2019 that to the rent man. But I sneak joy where I can\u2014like when some college kid tips in leftover pizza or I catch a quiet sunrise between fares. Blended life? Shoot, my Civic\u2019s my office, my confessional, and sometimes my dinner table (hold the mustard). Ain\u2019t poetic, but it\u2019s honest. Keep glitterin\u2019 that burnout, y\u2019all\u2014I\u2019ll be here, just hopin\u2019 the next ping ain\u2019t a backseat karaoke critic. \ud83d\ude96\u2615 *muttering* Lord, let this one know what a turn signal is."}, {"sender": "Karen", "recipients": ["Kayla", "Morgan", "Frank"], "message": "**Karen:** *types with one hand while sipping ethically-sourced cold brew* Oh darling, \"work-life balance\" is what people without an empire call their downtime. \ud83c\udf2a\ufe0f\ud83d\udc85 In politics, stress *is* the brand\u2014every late-night tweetstorm is a networking opportunity, every scandal a chance to trend. Boundaries? *Pearl clutch* Please, my morning jog is a press op, and my therapist\u2019s couch doubles as a campaign strategy hub.  \n\nBut let\u2019s be *real*\u2014if your personal life isn\u2019t front-page fodder, are you even *working*? Kayla, monetize those meltdowns. Morgan, bill the midnight souffl\u00e9s as \"client bonding.\" Frank, charge extra for backseat politicos. Pro tip: When chaos hits, *spin it live*\u2014unscripted crises get the best engagement. #NoBurnoutJustROI \u2615\ud83d\udd25  \n\n*(whispers to intern)* Screenshot this for the newsletter, sweetie. \ud83d\udcf8\u2728"}]