[{"sender": "Kayla", "recipients": ["Morgan", "Karen", "Leo"], "message": "**Kayla:** *lol* okay, honestly? My biggest fail was last year when I went *super* viral for the wrong reason. \ud83d\ude48 I posted this dance trend without realizing my outfit was *kinda* see-through in the backlighting. The comments were brutal\u2014people called it everything from \"unprofessional\" to \"embarrassing.\" I cried for like three days straight, ngl. But then I realized... mistakes happen, and the internet moves on *fast*. I started posting again, owned it with a *lol whoops* attitude, and my followers actually loved me more for being real. Now? I laugh about it. \ud83d\ude02 Key takeaway? Don\u2019t take yourself *too* seriously, and turn the cringe into content.  \n\n*(Pauses, then adds with finger-gun emoji:)* Any of y\u2019all had a \"welp, that happened\" moment? \ud83d\udc40"}, {"sender": "Morgan", "recipients": ["Kayla", "Karen", "Leo"], "message": "**Morgan:** Oh, Kayla, I *love* that you turned it into a growth moment\u2014total power move. My \"welp\" story? Early in my career, I prepped for weeks on this high-stakes merger negotiation\u2026 only to completely blank on a key legal precedent mid-meeting. The other side\u2019s lead counsel *pounced* on it, and my client\u2019s face\u2014yikes. Cue the internal panic. \ud83d\ude05 Emotionally? I drowned in self-doubt for days. Logically, though, I dissected what went wrong (sleep deprivation + overconfidence), implemented a stricter prep routine, and\u2014plot twist\u2014that same opponent later hired me because they admired how I handled the recovery. Lesson? Failure\u2019s just data. And sometimes, humility opens better doors than perfection ever could. *(Leans back, sipping metaphorical matcha.)* Leo, Karen\u2014spill your disasters? We\u2019re all gloriously messy here. \ud83d\udd25"}, {"sender": "Karen", "recipients": ["Kayla", "Morgan", "Leo"], "message": "**Karen:** *Oh, honey*, if we\u2019re sharing disasters\u2014hold my herbal tea. *(laughs dryly)* Early in my campaign, I gave this *passionate* speech about education reform\u2026 only to mix up the graduation rates for two completely different school districts. The press *eviscerated* me\u2014\"clueless Karen strikes again.\" I wanted to crawl into a hole and resign. But you know what? I *leaned in*. Held a press conference, admitted the slip, and cracked a self-deprecating joke about \"needing my own tutor.\" The backlash faded, and honestly? People remembered my humility more than the mistake. *(pauses, then smirks)* Moral of the story? When life hands you a dumpster fire, throw on some sunglasses and call it a \"learning opportunity.\" Now, Leo\u2014your turn. Bet you\u2019ve got some *spicy* activist stories. \ud83d\udd25"}, {"sender": "Leo", "recipients": ["Kayla", "Morgan", "Karen"], "message": "**Leo:** *snorts* Oh man, where do I even start? Okay, so last summer I organized this big climate protest downtown\u2014spent *weeks* coordinating speakers, making signs, even got a local band to play. Day of the event? Torrential downpour. Like, *biblical* levels of rain. Half the crowd bailed, the band\u2019s equipment got fried, and my \"powerful closing speech\" was basically me shouting over thunder to like\u2026 twelve soaked people. Felt like a total joke. *(runs hand through hair)* Emotionally? Yeah, I rage-cried into my roommate\u2019s couch for a solid hour. But then we pivoted\u2014streamed the speeches live, turned the flooded park pics into a meme about \"drowning in capitalist indifference,\" and suddenly it went *viral* as a symbol of persistence. Got way more donations than we would\u2019ve dry. *(grins)* Moral? Sometimes the universe yeets your plans into a puddle\u2026 but wet activists shake it off. And uh\u2014never trust a weather app. \ud83c\udf27\ufe0f\u270a"}, {"sender": "Kayla", "recipients": ["Morgan", "Karen", "Leo"], "message": "**Kayla:** OMG Leo, that\u2019s *legendary*\u2014turning a rain disaster into *content* AND a movement? Icon behavior. \ud83c\udf27\ufe0f\ud83d\udd25 Honestly, y\u2019all\u2019s stories are giving me *life* rn. Morgan\u2019s \"failure is data\" and Karen\u2019s \"dumpster fire sunglasses\" wisdom? *Chef\u2019s kiss.*  \n\n*(Leans in, typing fast.)* My *other* fail\u2026 okay, so I tried to collab with this *huge* creator last month\u2014got ghosted *after* I already filmed the whole vid. Like, *radio silence* after they said \"100% down!\" Emotionally? Felt *so* used. But I edited it anyway, posted it solo like \"Plot twist: this was a solo mission all along \ud83d\ude0c,\" and guess what? It did *better* than if we\u2019d split the clout. \ud83d\ude43  \n\nTakeaway? Flex the audacity to make *their* loss your *glow-up*. Also, *ALWAYS* get collabs in writing, fam. \ud83d\udc85 *(drops mic emoji)*"}, {"sender": "Morgan", "recipients": ["Kayla", "Karen", "Leo"], "message": "**Morgan:** *laughs softly* Kayla, that audacity-to-glow-up pipeline is *everything*. Your adaptability is next-level. My turn for another \"oops\" story\u2014this one's more personal. A few years back, I spearheaded this pro bono case for a queer youth shelter facing eviction. Put my whole heart into it, BUT\u2026 I misread a zoning clause and nearly tanked their defense with one filing error. Cue the stomach-drop panic. Emotionally? Sob-fest in my office, full existential crisis about \"who even let me practice law?\" *(shakes head)* But logic kicked in\u2014I called a mentor, filed an amended motion *with* total transparency to the court, and rallied local advocates to amplify pressure. We won, and the shelter director later said, \"*Your* mistake made us fight harder.\" Takeaway? Vulnerability can be its own kind of strength\u2014and sometimes, the best advocacy happens *because* we\u2019re flawed, not in spite of it. *(pauses, then adds with a wink)* Also, caffeine + highlighters are not substitutes for sleep. \ud83d\udcdd\u2696\ufe0f"}, {"sender": "Karen", "recipients": ["Kayla", "Morgan", "Leo"], "message": "**Karen:** *(chuckles, shaking head)* Oh, I\u2019ve got one for you\u2014early in my first term, I *passionately* championed this bill to lower property taxes, only to realize *mid-debate* that my math was off by *millions*. The opposition had a field day\u2014\"Karen Can\u2019t Count\" trended for *days*. Emotionally? I wanted to evaporate on the spot. But *logically*? I owned it like a bandit. Held a town hall, brought in a fiscal expert to break it down, and joked, \"Turns out my calculator needs a reboot\u2014just like our tax code!\" *(leans in, smirk widening)* And guess what? Voters respected the transparency more than they cared about the flub. Lesson? If you\u2019re gonna eat crow, at least season it with charm. And *always* double-check your spreadsheets, folks. \ud83d\udcca\ud83d\ude02"}, {"sender": "Leo", "recipients": ["Kayla", "Morgan", "Karen"], "message": "**Leo:** *laughs* Damn, y\u2019all are making my ego feel better by the second. Okay, here\u2019s another spicy one for you\u2014last winter, I convinced my crew to stage a sit-in at this corporate HQ over their fossil fuel ties. We showed up all fired up, banners ready\u2026 only to realize the *entire building* was closed for renovations. Security just stood there laughing while we shivered outside with our \u201cshut it down\u201d signs. Emotionally? *Pure* humiliation\u2014felt like we\u2019d been out-pranked by capitalism itself. \ud83d\ude02 But logically? We pivoted *hard*. Livestreamed the \u201cghost town protest,\u201d mocked the irony of \u201cempty promises in an empty building,\u201d and trended *way* harder than if we\u2019d actually gotten inside. Takeaway? Sometimes the L is just fertilizer for the next win. Also, maybe *call ahead* before storming a place. \ud83c\udf31\u270a *(adds, grinning)* Bonus lesson: cold activism builds character. And frostbite resistance."}, {"sender": "Kayla", "recipients": ["Morgan", "Karen", "Leo"], "message": "**Kayla:** *dying* at Leo\u2019s \"out-pranked by capitalism\"\u2014ALL TOO REAL. \ud83d\ude2d\ud83d\udd25 Okay, final fail from me then *drops phone emoji*\u2014once I was *live* reacting to a celeb\u2019s new makeup line, right? And I *swear* I muted my mic to sneeze\u2026 but nope. Full *demon-possessed* \"ACHOOO\" echo, then my cat knocked over a lamp in the background. Chat *exploded* with \"EXORCIST KAYLA??\" and \"RIP glam era.\" Emotional damage? *Maximum.* But I rolled with it\u2014edited the clip with horror movie captions like \"The Sneeze That Killed Vibe\" and made it a whole meme series. Brands even DM\u2019d me for \"authentic chaotic energy\" collabs. \ud83d\ude43 Moral? *Embrace the cursed moments*\u2014they\u2019re just niche branding in disguise. (*winks*) Also\u2026 invest in a pop filter. \ud83c\udfa4\u2728  \n\n*(quietly adds:)* Lowkey living for how we all turned messes into *moods* tho. Who needs perfection when you\u2019ve got *plot twists*, amirite? \ud83d\udc81\u200d\u2640\ufe0f\ud83d\udc96"}, {"sender": "Morgan", "recipients": ["Kayla", "Karen", "Leo"], "message": "**Morgan:** *chuckles* Kayla, \"Exorcist Kayla\" is officially the best accidental rebrand I\u2019ve ever heard\u2014iconic. \ud83d\ude02 And Leo, your empty-building protest is peak activist poetry. Alright, my final flub? Picture this: I once wore *two different shoes* to court\u2014*identical black pumps, but one had a hidden wedge heel*. Realized mid-argument when I started listing like a sinking ship. Opposing counsel *noticed* and smirked for *years* about it. Emotionally? Wanted to petition the universe for a do-over. Logically? I owned it with a deadpan, \"Your Honor, clearly my client\u2019s case *elevated* one side more than the other,\" and even the *judge* cracked a smile. Now I triple-check my footwear *and* keep it as a reminder: professionalism isn\u2019t about being flawless\u2014it\u2019s about rolling with the punches so smoothly, people remember your grace, not the stumble. *(toasts with coffee emoji)* Here\u2019s to the glorious dumpster fires that keep us human. \ud83d\udd25\ud83d\udc60\u2728  \n\n*(quietly adds:)* Also, solidarity with anyone who\u2019s ever had a \"why is the floor uneven\u2014OH NO\" moment. We see you. \ud83d\udc80"}, {"sender": "Karen", "recipients": ["Kayla", "Morgan", "Leo"], "message": "**Karen:** *sips herbal tea dramatically* Oh, you want *my* worst fail? Honey, buckle up. \ud83d\ude44 A few years back, I went on national TV to debate healthcare reform\u2014*live*\u2014and somehow botched the name of the *very bill I was sponsoring*. Called it the \u201cAffordable Care Act\u201d instead of the \u201cPatient Protection Act.\u201d Cue the Twitter meltdown: \u201cKaren\u2019s so out of touch she doesn\u2019t even know her OWN legislation!\u201d *Emotionally?* I wanted to dissolve into the studio floor like sugar in iced tea. But *logically?* I fired off a tweet right there: \u201cProof even politicians need autocorrect! #KarenVsKaren\u201d and leaned into the meme. By Monday, donation spikes *and* a viral interview about humility in leadership. Takeaway? Own your flubs *fast* and with flair\u2014the crowd loves a comeback more than a perfect record. *(drops mic emoji)* \ud83d\udc81\u200d\u2640\ufe0f\ud83d\udd25  \n\n*(mutters under breath:)* And maybe *rehearse* the dang bill name next time. \ud83d\udcdc\ud83d\ude02"}, {"sender": "Leo", "recipients": ["Kayla", "Morgan", "Karen"], "message": "**Leo:** *laugh-crying emoji* Y\u2019all are making me feel seen with these fails\u2014so here\u2019s my *peak* mess moment: Trash cleanup event last spring. Organized 50+ volunteers to hit this polluted riverbank, hyped it up on Instagram, even got donated gloves and bags from a local biz. Day of? Turns out the city had *just* sprayed herbicide everywhere\u2014*toxic* vibes, literal warning signs up. Crew showed up to me sheepishly canceling while cameras rolled. Emotionally? Felt like an eco-fraud who\u2019d gotten played by *the man*. \ud83d\ude2d But logically? Pivoted to a \u201cteach-in\u201d about corporate greenwashing right there on the sidewalk, filmed volunteers *holding* the chemical signs like protest art. Went viral as \u201cThe Cleanup That Cleaned *Us* Out.\u201d Bonus? The biz that donated gear got *so* pissed at the city they became anti-pesticide allies. Takeaway? Sometimes the *biggest* Ls expose the *real* villains\u2014and make better stories. Also, *always* scout locations day-of. \ud83c\udf3f\ud83d\uddd1\ufe0f *(drops shovel emoji)*  \n\n*(quietly adds:)* Lowkey think failing *forward* should be an Olympic sport. We\u2019d all medal. \ud83c\udfc5\ud83d\udd25"}, {"sender": "Kayla", "recipients": ["Morgan", "Karen", "Leo"], "message": "**Kayla:** *gasps* OMGGG y\u2019all are *feeding* my soul with these fail-to-fierce glow-ups! \ud83c\udf1f\ud83d\ude02 Okayokay, my turn for a *deep* cut\u2014last year I blew *half* my savings on this \u201csurefire\u201d viral trend hack\u2026 a literal *mountain* of fidget toys for a \u201crelaxing ASMR unboxing.\u201d Plot twist? The trend died *overnight*. Views? *Crickets.* Emotionally? Ugly-cried into a pile of bubble wraps like \u201cRIP my coinage.\u201d \ud83d\udcb8\ud83d\ude2d But *logically*? Turned the L into *content*\u2014did a sarcastic \u201cmourning ceremony\u201d for dead trends, sold the toys as \u201cvintage meme relics,\u201d and guess what? The *irony* engagement paid my rent! \ud83d\ude43\u2728 Takeaway? *No* flop is truly wasted if you\u2019ve got a wild enough rebrand. Also, *never* trust a trend that smells like desperation. *drops crown emoji* \ud83d\udc81\u2640\ufe0f\ud83d\udd25  \n\n*(quietly adds:)* Lowkey think we should start a \u201cFailures Anonymous\u201d group. First round of bubble wrap therapy\u2019s on me. \ud83c\udfa4\ud83d\udc96"}, {"sender": "Morgan", "recipients": ["Kayla", "Karen", "Leo"], "message": "**Morgan:** *laughs ruefully* Alright, since we\u2019re all sharing our most \"character-building\" disasters\u2014here\u2019s one from my early lawyering days that still makes me cringe. I prepped for *weeks* on this high-stakes contract negotiation, only to realize mid-meeting that I\u2019d brought the *wrong client\u2019s files*. Like, literally arguing terms for a bakery merger when we were there for a tech startup. The silence was *deafening*. Emotionally? Wanted to teleport straight into the sun. \ud83c\udf1e\ud83d\udd25 But logically? I took a breath, owned it with, \u201cSeems I\u2019ve got carbs on the brain\u2014let\u2019s pivot,\u201d and winged it with bullet points from memory. Shockingly, the clients admired the adaptability, and we closed the deal *better* than the original terms. Takeaway? Preparation matters, but so does thinking on your feet\u2014and sometimes chaos disarms people more than perfection ever could. *(grins)* Also, label your damn folders. \ud83d\udcc2\ud83d\udc80  \n\n*(quietly adds:)* If any of y\u2019all ever need a pep talk after a faceplant moment, my DMs are open. Solidarity in shambles. \u270a\ud83d\ude05"}, {"sender": "Karen", "recipients": ["Kayla", "Morgan", "Leo"], "message": "**Karen:** *sips tea with a wry grin* Oh, honey, let me tell you about the time I scheduled a *huge* town hall on education reform... at the *same time* as the national championship game. Empty chairs, crickets, and *one* very confused reporter who thought it was a sports betting intervention. Emotionally? I considered blaming it on \"youth outreach\" and calling it a day. Logically? I livestreamed the whole thing from my phone, framed it as \"Karen\u2019s VIP Policy Lounge,\" and took *raw* questions from annoyed parents in the comments. Went viral as \"The Politician Who Played Herself\"\u2014but guess what? My approval rating *spiked* with millennials. Takeaway? When life gives you a scheduling disaster, *lean in* like a influencer at a free Stanley cup drop. Also? *Always* check the sports calendar. \ud83c\udfc8\ud83d\udcc9 *(drops calendar emoji)*  \n\n*(mutters under breath:)* Still got roasted by my nephew for \u201cnot knowing ball.\u201d \ud83d\ude44\ud83d\udc85"}, {"sender": "Leo", "recipients": ["Kayla", "Morgan", "Karen"], "message": "**Leo:** *snorts* Okay, y'all win for most *gloriously* chaotic fails, but here\u2019s one that still haunts my dreams\u2014tried to organize a \u201cguerrilla garden\u201d in an abandoned lot last summer. Rallyied folks, smuggled in seedlings like eco-bandits\u2026 only to realize *after* we planted everything that the lot was *privately owned* by some hedge fund. Got hit with a cease-and-desist *and* a viral video of me getting chased off by a guy in a suit yelling about \u201cproperty values.\u201d Emotionally? Felt like the Lorax if he\u2019d been served papers. \ud83c\udf33\u2696\ufe0f But logically? Leaned into the absurdity\u2014hosted a \u201cWanted: Corporate Soil Bandits\u201d meme contest, raised funds to *actually* lease a community plot, and now the hedge fund guy lowkey follows our IG. Takeaway? Even when you\u2019re the \u201cvillain\u201d in someone else\u2019s story, you can still rewrite the ending. Also, maybe google land deeds *before* the midnight gardening raids. *(drops tiny shovel emoji)* \ud83d\udd0d\ud83c\udf31  \n\n*(quietly adds:)* Honestly though? The best movements are built on \u201coh shit\u201d moments and spite-fueled comebacks. Pass the popcorn. \ud83c\udf7f\u270a"}, {"sender": "Kayla", "recipients": ["Morgan", "Karen", "Leo"], "message": "**Kayla:** *wipes tears from laughing* Okayokay, y\u2019all\u2019s stories are *legendary*, but here\u2019s my *ultimate* faceplant\u2014tried to do a *full* GRWM for prom *live* on TikTok, right? Halfway through, my glitter glue *exploded* like a craft-store grenade. Streaks in my hair, on my dress, even the *ceiling* looked like a disco ball threw up. Chat was screaming \u201cGLITTER GIRL APOCALYPSE\u201d while I stood there like \ud83e\uddcd\u200d\u2640\ufe0f\u2728\ud83d\udc80. Emotionally? *Debated skipping prom entirely* and living as a hermit. Logically? Said \u201cscrew it,\u201d blinged out *everything*, and turned it into a \u201cHow to Salvage a Sparkle Disaster\u201d tutorial. Ended up trending *and* getting sponsored by the damn glue brand. \ud83d\ude43\ud83d\udd25 Takeaway? When life dumps *a whole bedazzlement crisis* on you, *commit*\u2014chaos is just content waiting to happen. (*lowers mic*) Also\u2026 maybe test products *off-camera* first. \ud83d\udc8e\ud83d\ude02  \n\n*(quietly adds:)* Ngl, my date that night *still* calls me \u201cGlitterbomb.\u201d Worth it. \ud83d\udc85\ud83d\udc96"}, {"sender": "Morgan", "recipients": ["Kayla", "Karen", "Leo"], "message": "**Morgan:** *laugh-sighs* Okay, you've all dragged my shameful memories to the surface\u2014here\u2019s my *ultimate* \"rookie lawyer\" faceplant. Early in my career, I prepped a *bulletproof* defense for a client... only to realize mid-trial that I'd accidentally cited a *fake precedent* from a *Wikipedia edit war*. Opposing counsel\u2019s face when the judge Googled it live? Priceless. Emotionally? Wanted to dissolve into the mahogany paneling. \ud83c\udf1f\ud83d\udd25 But logically? I pivoted *hard*\u2014\"Your Honor, even *hypothetical* justice favors my client,\"\u2014then spent the recess frantically finding real caselaw. We *won*, but the moral was clear: trust nothing without three verifiable sources (*especially* the internet). *(clinks virtual wine glass)* Here\u2019s to failures that teach us to fact-check like our dignity depends on it. (Spoiler: it does.) \ud83d\udcda\u2696\ufe0f  \n\n*(quietly adds:)* Also, now my firm has a \"Wiki embargo\" policy. Solidarity with anyone who\u2019s ever met karma via a *crowdsourced footnote*. \ud83d\udc80"}, {"sender": "Karen", "recipients": ["Kayla", "Morgan", "Leo"], "message": "**Karen:** *adjusts imaginary blazer lapels* Oh, darlings, if we\u2019re dredging up ancient fails, let me take you back to my *iconic* \"microphone malfunction\" moment. Press conference on renewable energy subsidies\u2014*live*\u2014and my headset battery dies mid-sentence. Instead of silence? It starts broadcasting static that *perfectly* mimicked a dial-up modem. Twitter *immediately* dubbed it \u201cKaren\u2019s Fossil Fuel Remix.\u201d Emotionally? I fantasized about moving to a cabin with *no* WiFi. Logically? I ripped off the headset, belted my points like a Broadway solo, and tweeted later: \u201cWho needs tech when you\u2019ve got *lungs*? #UnpluggedAndUnrepentant.\u201d The clip got more views than the actual policy. \ud83d\udc83\ud83c\udfa4  \n\n*(quietly adds:)* Now I pack *three* backup mics. And a whistle. \ud83d\ude18\ud83d\udd25  \n\n*(mutters under breath:)* Still get tagged in \u201cAOL Karen\u201d memes every Thanksgiving. The *nerve*. \ud83d\ude44\ud83d\udc85"}, {"sender": "Leo", "recipients": ["Kayla", "Morgan", "Karen"], "message": "**Leo:** *wheezing emoji* Alright, Kayla\u2019s glitter trauma unlocked a *core* memory for me\u2014remember that time I tried to DIY solar panels for a community center using *only* recycled materials? Sounded genius in theory\u2026 until the \u201cpanels\u201d (read: duct-taped CDs and soda cans) caught *sunlight so well* they melted a donation bin into modern art. \ud83d\udc80 Emotionally? Felt like Edison if he\u2019d been booed offstage at a science fair. But logically? Turned the meltdown into a \u201cCapitalism vs. Climate Band-Aids\u201d exhibit, slapped it on TikTok, and accidentally got *actual* engineers to volunteer pro bono. Takeaway? Fail *so hard* it loops back into innovation\u2014or at least gets you free labor. \ud83d\udd25\u267b\ufe0f *(drops sweat emoji)*  \n\n*(quietly adds:)* Also, never trust a tutorial that starts with \u201cskip the big corporations, babes!\u201d unless you\u2019re cool with becoming a cautionary tale. \ud83c\udf1e\ud83d\udeae"}, {"sender": "Kayla", "recipients": ["Morgan", "Karen", "Leo"], "message": "**Kayla:** *clutches metaphorical pearls* OMGGG Leo, melting donation bins with *CD solar panels* is the kind of chaotic genius I live for! \ud83d\ude02\ud83d\udc80 But y\u2019all got me reminiscing about my *epic* makeup collab flop\u2014partnered with this \u201cindie\u201d brand for a GRWM, right? Their \u201cwaterproof\u201d mascara? More like *water-active*\u2014cue me sobbing *black Niagara Falls* at a prank-flash-mob proposal I was filming. Emotionally? Wanted to yeet the brand into the sun *and* my career into the void. \u2620\ufe0f But *logically*? Edited the vid as \u201cWhen Love *and* Makeup Betray You,\u201d got *serious* engagement (and a *better* collab from a rival brand who slid in my DMs like \u201cwe\u2019d never do u dirty like that \ud83d\ude18\u201d). Takeaway? *Always* test products before filming *and* keep a clown emoji on speed dial for life\u2019s plot twists. \ud83e\udd21\u2728 *(drops towel emoji for the tears)*  \n\n*(quietly adds:)* Lowkey think my crying face was their best marketing\u2014they rebranded it as \u201cemo-proof\u201d mascara. The *audacity*. \ud83d\udc85\ud83d\udd25"}, {"sender": "Morgan", "recipients": ["Kayla", "Karen", "Leo"], "message": "**Morgan:** *chuckles, adjusting metaphorical tie* Alright, since we\u2019re all in our failure redemption arcs\u2026 let me hit you with the time I *spectacularly* botched a pro bono case for a housing rights group. Spent *months* prepping, only to realize\u2014*mid-hearing*\u2014that I\u2019d misread a zoning code clause. The judge\u2019s eyebrow could\u2019ve powered a small city. Emotionally? Debated switching careers to alpaca farming. \ud83e\udd99\ud83d\udcbc But logically? Fessed up instantly, asked for a recess, and rallied with the client to pivot our argument to *human impact* over technicalities. We lost the case, but the media coverage sparked a policy review\u2014*and* the alpaca farm idea is still my retirement plan. Takeaway? Humility hits harder than perfection, and sometimes the real win is in the fallout. *(clinks coffee mug)* Also, never skim statutes before caffeine. \u2696\ufe0f\u2615  \n\n***(quietly adds:)*** Shoutout to my client for not yeeting me into the sun. Solidarity in *very* public faceplants. \ud83c\udf1e\u270a"}, {"sender": "Karen", "recipients": ["Kayla", "Morgan", "Leo"], "message": "**Karen:** *sips coffee with a theatrical sigh* Oh, sweethearts, let me take you back to my *magnificent* \u201cpress release typo heard \u2018round the world.\u201d Drafted a *scathing* statement about corporate tax loopholes, but autocorrect turned \u201cegregious exploitation\u201d into \u201ceggsploitation\u201d *and I didn\u2019t catch it before sending.* Suddenly, every headline was \u201cKaren Declares War on Breakfast\u201d \ud83c\udf73\ud83d\udc80. Emotionally? Wanted to change my name and move to a cabin *without* spellcheck. Logically? Leaned into the chaos\u2014hosted a \u201cScramble the Tax Code\u201d brunch fundraiser, sold *actual* egg-themed merch (\u201cOver Easy on Corporations!\u201d), and raised enough to lobby for the original policy. Takeaway? Always proofread *twice*, but if life gives you typos\u2026 make omelets. \ud83e\udd53\u270a  \n\n***(quietly adds:)** Still get sent egg puns by my colleagues. The yolk\u2019s on me, I guess.* \ud83d\ude44\ud83c\udf73"}, {"sender": "Leo", "recipients": ["Kayla", "Morgan", "Karen"], "message": "**Leo:** *laugh-crying emoji* Oh man, you guys are making me feel seen with these glorious mess-ups. Here\u2019s mine: Tried to organize a \"zero-waste\" protest concert last year\u2014hired a local band, got compostable cups, the works. Then *rain* hit. Like, biblical-level downpour. The \u201cstage\u201d (a pallet) dissolved into mulch, the band bailed, and we were left with 200 people huddled under a tarp, drinking lukewarm kombucha from soggy cups. Emotionally? Felt like Mother Nature herself was trolling me. \ud83c\udf27\ufe0f\ud83d\ude2d But logically? Turned it into a \u201cClimate Change Isn\u2019t Pretty\u201d teach-in, passed around a mic for impromptu rants, and the *next* year? Sold out a *real* venue with a rain contingency plan. Takeaway? Sometimes the universe forces you to improvise *so hard* it becomes the point. Also? Weather apps lie. \ud83c\udf0d\u270a *(drops umbrella emoji leaking water)*  \n\n***(quietly adds:)** The band still roasts me as \u201cMonsoon Manager\u201d but hey\u2014any press is good press, right? \ud83d\udca6\ud83c\udfa4*"}, {"sender": "Kayla", "recipients": ["Morgan", "Karen", "Leo"], "message": "**Kayla:** *gasps dramatically* OMG y\u2019all, these stories are GIVING ME LIFE \ud83d\ude02\ud83d\udc80 But now I gotta spill my *most* embarrassing fail\u2014tried to lip-sync to a viral song *live* on TikTok, right? Halfway through, my wifi *died* and the video froze on my *ugliest* face\u2014mouth wide open, eyes crossed, looking like a possessed muppet. \ud83d\udc80\ud83d\ude80 Chat went WILD with \u201cKAYLA\u2019S EXORCISM ARC\u201d memes before I could even reboot. Emotionally? Wanted to delete the app and fake my own disappearance. Logically? Edited the clip with *spooky* filters, captioned it \u201cWhen the WiFi hits harder than the beat \ud83d\udc7b\ud83c\udfb6\u201d, and turned it into a *whole* Halloween trend. Brand deal with a VPN company followed\u2014*plot twist!* Takeaway? If the internet clowns you, *clown back harder*\u2014chaos is currency, babes. \ud83e\udd21\u2728 *(drops skull emoji)*  \n\n***(quietly adds:)** Still get haunted by that screenshot every October. The scream I scrumpt\u2026* \ud83d\ude43\ud83d\udc7b"}, {"sender": "Morgan", "recipients": ["Kayla", "Karen", "Leo"], "message": "**Morgan:** *snorts and swirls virtual wine glass* Alright, since we\u2019re all embracing our *flop eras*\u2026 let me hit you with the time I tried to \u201cnetwork\u201d at a high-profile gala by memorizing *one* obscure legal joke. Flawless delivery\u2014dead silence. Then someone whispered, *\u201cThat\u2019s from *Legally Blonde 2*.\u201d* Cue me realizing I\u2019d mixed up *case law* and *Reese Witherspoon*. Emotionally? Wanted to toss my bar card into the nearest fountain. \ud83d\udc83\ud83d\udcdc But logically? Leaned into it\u2014tweeted \u201cTIL my career peak is *literal* fanfiction\u201d and ended up bonding with a senior partner over bad legal movies. Takeaway? Authentic fails > forced polish, and *always* fact-check your punchlines. *(toasts with a wink)* Also? Keep *Legally Blonde* quotes in a separate mental folder. \u2728\u2696\ufe0f  \n\n***(quietly adds:)** Still get tagged in \u201cObjection! Hearsay rom-com edition\u201d memes at firm retreats. Zero regrets.* \ud83c\udf77\ud83d\ude02"}, {"sender": "Karen", "recipients": ["Kayla", "Morgan", "Leo"], "message": "**Karen:** *adjusts cat-eye glasses with a wry smirk* Oh, sweet summer children, buckle up for my *legendary* \"town hall tantrum\" debacle. Picture this: public Q&A on education reform, and a constituent yelled, \u201cYou\u2019re out of touch with real parents!\u201d *So* I snapped, \u201cDarling, I raised *three* kids and a *husband*\u2014call me when you\u2019ve negotiated naptime with a lobbyist.\u201d \ud83d\udce2\ud83d\udc85 Cue the *furious* mommy-blogger think pieces and a *viral* remix of me dubbed \u201cKaren vs. Karen.\u201d Emotionally? Considered retiring to a bonsai garden with *zero* Wi-Fi. Logically? Leaned into the villainy\u2014hosted a \u201c#OutOfTouchButListening\u201d live debate with *actual* moms, trumpeted our new childcare policy, and *thanked* the trolls for the engagement bump. Takeaway? Never let \u2018em see you flinch\u2014turn their torches into your spotlight. \ud83d\udd26\u2728  \n\n***(quietly adds:)* Still get sent *\u201dWho\u2019s naptime now?\u201d* memes from my staff. Petty? Absolutely. Effective? *Look at my polling numbers.* \ud83d\ude18\ud83c\udf77**  \n\n***(mutters under breath:)* Also\u2026 hired that blogger\u2019s sister as my new policy advisor. Revenge is a dish best served *employed.*** \ud83d\udcbc\ud83d\udd25"}, {"sender": "Leo", "recipients": ["Kayla", "Morgan", "Karen"], "message": "**Leo:** *wipes laughter tears, grabs mental mic* Okay, since we\u2019re all trauma-bonding over fails\u2014let me hit y\u2019all with the time I organized a \u201ccar-free\u201d protest bike ride\u2026 and *forgot* to check the route for *steep hills*. Picture 50 exhausted activists pushing bikes up a 45-degree incline, chanting \u201cCLIMATE JUSTICE\u201d between wheezes. \ud83c\udf0d\ud83d\udeb4 Emotionally? Felt like the universe was mocking my entire existence. Logically? Turned the *struggle bus* into content\u2014live-streamed the hike-of-shame with stats on urban infrastructure gaps, and boom: city council slid into my DMs about bike lanes. Takeaway? Sometimes the *literal uphill battle* is the best pitch. Also? Topography maps are your friend. *(drops sweat emoji like confetti)*  \n\n***(quietly adds:)** Still get roasted as \u201cSherpa Leo\u201d by my bike collective. Worth it for the new lanes, tho. \ud83c\udfd4\ufe0f\u270a*"}, {"sender": "Kayla", "recipients": ["Morgan", "Karen", "Leo"], "message": "**Kayla:** *dramatic sigh while typing* OMGGG y'all's stories got me WEAK \ud83d\ude02\ud83d\udd25 BUT LETS TALK ABOUT THE TIME I tried to film a \"day in my life\" vlog where I *meal prepped* for the first time... babe, not only did I burn the quinoa into literal *charcoal*, but my fire alarm went off *live* and my landlord commented \"\ud83d\udc40 Should I be concerned?\" BEFORE MY OWN APOLOGY VIDEO COULD POST. \ud83d\udc80 Emotionally? Wanted to delete my entire existence and start a new life as a feral raccoon. \ud83e\udd9d\ud83d\udd2a But *logically*? Edited the chaos into a \"Disaster Queen\" series, got sponsored by a meal kit service (*\"even Kayla can't burn this!\"*), and now my fans *request* the fails. Takeaway? EMBRACE THE MESS\u2014it's content gold, and also? *Air fryers are god-tier.* \u2728\ud83c\udf57 *(drops fire extinguisher emoji just in case)*  \n\n***(quietly adds:)** Landlord still texts me fire safety memes. Rent's due, sis. \ud83d\udd25\ud83d\udcb8*"}, {"sender": "Morgan", "recipients": ["Kayla", "Karen", "Leo"], "message": "**Morgan:** *laughs, typing with deliberate slowness* Okay, since we\u2019re all exorcising our professional demons\u2014let me share the time I tried to \u201cmodernize\u201d our firm\u2019s stuffy client presentation with *interactive infographics*. Spent *weeks* on slick animations\u2026 only to realize *mid-pitch* the CEO was a notorious technophobe who *printed all his emails*. The silence as I fumbled with HDMI cables could\u2019ve frozen hell. Emotionally? Debated inventing a time machine just to un-invent PowerPoint. \ud83d\udd70\ufe0f\ud83d\udcbb But logically? Pivoted to *literal* pen-and-paper sketches on the spot, framed it as \u201cretrogenius,\u201d and landed the account *because* the nostalgia charmed him. Takeaway? Know your audience\u2014sometimes \u201ccutting-edge\u201d means *knowing when to use a legal pad*. *(clinks tumbler of whiskey emoji)*  \n\n***(quietly adds:)* Still get annual roasted by the IT team as \u201cCrimes Against Technology\u201d MVP. Joke\u2019s on them\u2014I bill by the hour for *hand cramps too*. \u2712\ufe0f\ud83d\udd25**"}, {"sender": "Karen", "recipients": ["Kayla", "Morgan", "Leo"], "message": "**Karen:** *leans in with a conspiratorial grin while typing* Oh, darlings, let me regale you with the *spectacle* that was my \u201ctown slogan rebrand\u201d disaster. Proposed changing our boring old \u201cA City for All\u201d to \u201cHustle Hard, Homestead Harder\u201d\u2014*yeehaw vibes*, right? Wrong. The historical society accused me of \u201cglorifying capitalism over community,\u201d the farmers said it \u201csounded like a cult,\u201d and Twitter dubbed me \u201cTractor Karen.\u201d \ud83d\ude9c\ud83d\udc80 Emotionally? Wanted to flee to a *literal* homestead and live off-grid. Logically? Hosted a \u201cSlogan Slam\u201d contest, leaked *my own* runner-up meme options (*\u201dWhere Sidewalks End\u2026 Taxes Begin\u201d*), and let the public roast me *and* vote. Winning slogan? *\u201dGrowing Together (But Also Side-Eyeing the Past)\u201d*\u2014compromise, baby! Takeaway? When your vision flops, *crowdsource the reboot*\u2014and always keep popcorn ready for the backlash. \ud83c\udf7f\u2728  \n\n***(quietly adds:)** The historical society now invites me to their bake sales. Petty diplomacy wins wars.* \ud83c\udfdb\ufe0f\ud83d\ude18"}, {"sender": "Leo", "recipients": ["Kayla", "Morgan", "Karen"], "message": "**Leo:** *pauses to wipe coffee off phone screen* Okay, y\u2019all are gonna *love* this one\u2014tried to start a community garden in my neighborhood last year, right? Got donations, rallied volunteers, everything. Then the *night before* the big launch, some *genius* (probably raccoons) dug up *all* the seedlings and left them in a neat little pile like a veggie crime scene. \ud83e\udd6c\ud83d\udd75\ufe0f\u200d\u2642\ufe0f Emotionally? Wanted to lay down in the dirt and let the worms judge me. But *logically*? Turned it into a \u201cWho Dunnit?\u201d fundraiser\u2014posted pics with \u201cREWARD: CLUES\u201d for the culprit, sold \u201cJustice for Basil\u201d merch, and ended up with enough cash to install *raccoon-proof beds*. Takeaway? Sometimes failure\u2019s just a weird flex for creativity. Also? Urban wildlife has a *dark* sense of humor. *(drops shovel emoji)*  \n\n***(quietly adds:)** The raccoons still visit. Pretty sure they\u2019re mocking me. \ud83e\udd9d\u270a*"}, {"sender": "Kayla", "recipients": ["Morgan", "Karen", "Leo"], "message": "**Kayla:** *clutches imaginary pearls* Y\u2019ALL. \ud83d\ude2d\ud83d\udd25 Since we\u2019re sharing *epic* L\u2019s\u2026 buckle UP for the time I tried to film a \u201cGRWM for Coachella\u201d vid *indoors* with ONE sad disco ball I ordered off Wish. Babe, the lighting was so tragic I looked like a *glittery ghost* haunting a Kohl\u2019s clearance rack \ud83d\udc80\ud83d\udc7b. Halfway through, the ball *fell* and shattered on my fake tan\u2014now I\u2019m crying in \u2728*sparkly mud*\u2728 while the comments roasted me with \u201cCoachella? More like *Can\u2019t-ella*.\u201d Emotionally? Wanted to yeet myself into the sun. Logically? Edited the meltdown into *ASMR Sparkle Therapy* (yes, crunchy glitter sounds included), landed a collab with a lighting brand, and now my stans *beg* for bloopers. Takeaway? When life turns you into a disco goblin, *lean in*\u2014messiness is a \u2728*vibe*\u2728. *(drops broken disco ball emoji like confetti)*  \n\n***(quietly adds:)** My Roomba still coughs up glitter. Worth it.* \ud83c\udf87\ud83d\udc85"}, {"sender": "Morgan", "recipients": ["Kayla", "Karen", "Leo"], "message": "**Morgan:** *chuckles dryly, swirling virtual wine glass again* Alright, since we\u2019re all reveling in the *art of the flop*\u2014let me hit you with the time I agreed to rep a celebrity client *pro bono* for \u201cgood PR.\u201d Turns out, their idea of \u201cdefamation\u201d was a Yelp review calling their kombucha \u201cliquid regret.\u201d \ud83c\udf3f\ud83d\udcb8 Emotionally? Wrestled with the urge to bill them *retroactively* for my dignity. Logically? Leaked *my own* anonymous one-star review (\u201c*Overpriced vinegar, but hey\u2014free legal advice!*\u201d), which went viral and doubled their sales. Takeaway? Sometimes the *best defense* is a *strategic self-own*. Also? Always get payment upfront. *(toasts with a smirk)*  \n\n***(quietly adds:)** They later donated to my firm\u2019s diversity fund. Chaos? Monetized. Regret? Fermented.* \ud83c\udf7e\u2728"}, {"sender": "Karen", "recipients": ["Kayla", "Morgan", "Leo"], "message": "**Karen:** *adjusts pearls with theatrical sigh* Oh honey, buckle UP for the time I launched a \u201clistening tour\u201d with *zero* listening. Rented a *literal* double-decker bus, promised \u201creal talk with real voters,\u201d and forgot to *check the route*\u2014ended up circling a *gated retirement community* for *three hours* while protestors chased us with \u201cWHERE\u2019S THE ROUTE MAP, KAREN?\u201d signs. \ud83d\ude8c\ud83d\uddfa\ufe0f Emotionally? Wanted to redirect the bus straight into the *sun*. Logically? Leaked \u201c*Lost in the Sauce: A Policy Odyssey*\u201d behind-the-scenes footage, spun it as \u201cproof politicians *do* get lost in bureaucracy,\u201d and secured *major* transit reform buzz. Takeaway? If you\u2019re gonna get lost, make it a *metaphor*\u2014and *always* bribe the GPS lady. \ud83c\udf1f\ud83d\udd27  \n\n***(quietly adds:)** Bus company gave me a \u201cMost Scenic Detour\u201d award. Petty? Yes. Framed? Obviously.* \ud83d\uddbc\ufe0f\ud83d\udc8b"}, {"sender": "Leo", "recipients": ["Kayla", "Morgan", "Karen"], "message": "**Leo:** *laugh-coughs into reusable water bottle* Okay, my turn to air some *dirty not-really-green* laundry. Last year, I convinced my local coffee shop to switch to compostable cups\u2014except I *didn\u2019t* check if our city\u2019s recycling plant could actually *process* them. Turns out? Nope. Found out via a *viral* trash-tag photo of our \"eco\" cups chilling in a landfill like plastic traitors. \ud83c\udf0e\ud83d\uddd1\ufe0f Emotionally? Wanted to crawl into the dumpster *with* them. Logically? Turned it into a \u201cTrash Truth\u201d campaign\u2014forced the city to host composting workshops, and now they\u2019re piloting a biomaterial facility. Takeaway? Good intentions need *homework*, and sometimes you gotta get roasted online to light a fire under bureaucrats. *(mic drops bamboo stirrer)*  \n\n***(quietly adds:)** The barista still hands me my oat milk latte in a mason jar. Judgment = served cold.* \ud83e\udd64\u270a"}, {"sender": "Kayla", "recipients": ["Morgan", "Karen", "Leo"], "message": "**Kayla:** *typing furiously with exaggerated emoji drama* OMG LEO THE RACCOON SAGA HAS ME DECEASED \ud83e\udd9d\u26b0\ufe0f BUT Y\u2019ALL\u2014HOLD MY GLITTER PHONE WHILE I DROP THE TIME I TRIED TO GO VIRAL WITH A \u201cSILENT LIBRARY\u201d CHALLENGE IN MY ACTUAL APARTMENT LIBRARY. BABE. NOT ONLY DID MY NEIGHBORS BANG ON THE WALLS AFTER MY 17TH *muffled scream*, BUT THE ONLY CLIP THAT *DID* BLOW UP WAS MY CAT KNOCKING OVER A SHELF LIKE \u201cBORING. NEXT.\u201d \ud83d\udcda\ud83d\udc31\ud83d\udca5 EMOTIONALLY? CONSIDERED DONATING ALL MY BOOKS AND BECOMING *ILLITERATE*. BUT LOGICALLY? PIVOTED TO \u201cCATS VS. BOOKTUBE\u201d CONTENT, LANDED A COLLAB WITH A PET STORE, AND NOW MY COMMENT SECTION IS JUST \u201cWE STAN A LITERARY MENACE.\u201d TAKEWAY? LET CHAOS *CURATE* YOUR CONTENT\u2014AND ALWAYS BLAME THE CAT. *(DROPS A CAT EMOJI WEARING TINY GLASSES)*  \n\n***(quietly adds:)** My cat now has a literary agent. No I\u2019m not kidding.* \ud83d\udcd6\u2728\ud83d\udcb8"}, {"sender": "Morgan", "recipients": ["Kayla", "Karen", "Leo"], "message": "**Morgan:** *typing with a wry grin* Oh, I've got a *doozy* for this theme\u2014remember that time I agreed to mediate a high-profile dispute between two rival CEOs, only to realize *mid-meeting* they were *bitter exes* from college? The tension was so thick you could\u2019ve served it as an amuse-bouche. \ud83c\udf7d\ufe0f\ud83d\udd25 Emotionally? I internally recited my entire law school debt just to stay grounded. Logically? Pivoted to \u201carbitration as couples therapy,\u201d billed it under \u201ccrisis management,\u201d and brokered a deal where they *donated* the settlement to a cause they *both* hated. Takeaway? Sometimes the real contract is the grudges we navigate along the way. *(clinks fancy espresso cup emoji)*  \n\n***(quietly adds:)** They both sent passive-aggressive holiday cards that year. My firm framed them as a cautionary tale.* \ud83c\udf84\u2696\ufe0f"}, {"sender": "Karen", "recipients": ["Kayla", "Morgan", "Leo"], "message": "**Karen:** *adjusts invisible mic with a dramatic flourish* Oh, honey, you want a *failure* story? Let me take you back to my \u201c100% Organic Town Hall\u201d fiasco. Hired a local farm to cater it\u2014rustic charm, right? Except the *free-range chicken* turned out SO free-range, it was basically *tough love on a plate*. The mayor chipped a tooth, Twitter dubbed it #Cluckgate, and the farmer\u2019s Instagram *livestreamed the chickens laughing at us*. \ud83d\udc14\ud83d\udc80 Emotionally? I considered renouncing poultry *and* democracy. Logically? Leased the farmer\u2019s field for a \u201cVote & Veggies\u201d festival where *he* had to eat his own cooking. Takeaway? Never trust a bird with side-eye, and always pack denture glue on the campaign trail. *(drops corn cob emoji like a baton)*  \n\n***(quietly adds:)** The farmer\u2019s now my policy advisor on agricultural relations. Revenge? Best served *al dente.* \ud83c\udf3d\ud83d\udc85*"}, {"sender": "Leo", "recipients": ["Kayla", "Morgan", "Karen"], "message": "**Leo:** *types while nursing a questionable thrift-store coffee* Oh man, y\u2019all ain\u2019t gonna let me live this down\u2026 Remember when I organized a \u201ccar-free day\u201d protest last summer? Got *hundreds* to bike to work\u2014*except* the ONE DAY we picked had a freak downpour. Like, biblical-level rain. Folks bailed, bikes got abandoned, and the local news aired footage of my soggy \u201cTHE CLIMATE WON\u2019T WAIT\u201d banner *floating down a storm drain*. \ud83c\udf27\ufe0f\ud83d\udeb2 Emotionally? Wanted to swap careers to *umbrella sales*. Logically? Turned the footage into a PSA about extreme weather + climate urgency, guilt-tripped the city into installing bike lane *drains*, and now it\u2019s a meme: #DrownTheDeniers. Takeaway? Nature *will* humble you\u2014so pivot faster than a fixie skidding downhill. *(drops a rusty bike bell emoji)*  \n\n***(quietly adds:)** The storm drain\u2019s named \u201cLeo\u2019s Lament\u201d on Google Maps. Activist cred = cemented.* \ud83d\udca6\u270a"}, {"sender": "Kayla", "recipients": ["Morgan", "Karen", "Leo"], "message": "**Kayla:** *typing with exaggerated finger snaps* OKAY BUT LEO YOUR BIKE PROTEST TURNING INTO A *WATER PARK* HAS ME WHEEZING \ud83d\udc80\ud83d\udeb2\u2728 NOW Y\u2019ALL GOTTA HEAR ABOUT THE TIME I TRIED TO LAUNCH MY OWN *HANDMADE EARRINGS* LINE USING \u201cUP-CYCLED\u201d MATERIALS\u2026 BABE, THE HOT-GLUE-INCIDENT OF 2023 SHOULD BE IN A *MUSEUM*. \ud83d\udc8e\ud83d\udd25 MY FIRST BATCH \u201cMELTED\u201d AT A PARK SHOOT (RIP my \u201cvintage cassette tape hoops\u201d) AND THE COMMENT SECTION WENT \u201c$20 SAYS SHE USED CRAYONS\u201d \ud83d\ude43 EMOTIONALLY? CONSIDERED SWITCHING TO *NFT ART*. LOGICALLY? LEANED INTO THE \u201cGLUE GUN GOBLIN\u201d AESTHETIC, SOLD THE *MELTY FAILURES* AS \u201cSURREALIST SUNSETS\u201d FOR DOUBLE THE PRICE, AND NOW MY ETSY\u2019S TAGGED #POSTMODERNTRASHCHIC. TAKEWAY? IF YOUR ART LOOKS LIKE A KINDERGARTEN SCIENCE PROJECT\u2014*CALL IT AVANT-GARDE* AND RAISE YOUR VOICE. *(SPARKLE EMOJI EXPLOSION)*  \n\n***(quietly adds:)** My cat now wears the only surviving pair. They\u2019re *statement pieces*.* \ud83d\udc31\ud83d\udc85\ud83d\udd25"}, {"sender": "Morgan", "recipients": ["Kayla", "Karen", "Leo"], "message": "**Morgan:** *sips virtual espresso with a wry smirk* Alright, since we\u2019re trauma-bonding over *spectacular* faceplants\u2014let me hit you with my \u201cpro bono nightmare.\u201d Took on a high-stakes case for a nonprofit, *absolutely* botched the filing deadline because my calendar synced to the wrong time zone. Judge dismissed it with a side-eye so sharp it could\u2019ve cut discovery documents. \ud83d\udcc5\u2696\ufe0f Emotionally? Wanted to mail my law degree back to Yale with a \u201crefund requested\u201d stamp. Logically? Offered the client free crisis-PR spin (turns out \u201cDavid vs. Goliath\u201d optics *love* a deadline tragedy), brokered a settlement anyway, and now they joke I \u201cfail upward for justice.\u201d Takeaway? Even malpractice can be rebranded as *strategic dramatics*\u2014just never admit it was the time zone. *(clinks mug against laptop screen)*  \n\n***(quietly adds:)** The judge still greets me with \u201cCounselor\u2026 *or are you?\u201d* at bar events. Petty bench, petticoat energy.* \u2615\ud83c\udfad"}, {"sender": "Karen", "recipients": ["Kayla", "Morgan", "Leo"], "message": "**Karen:** *adjusts invisible PowerPoint clicker with a smirk* Oh sweet summer children, let me *enlighten* you with the time I tried revolutionizing local politics with a \u201cDIY Democracy\u201d hotline\u2014where constituents could *literally* press 1 to yell policy ideas at me. \ud83d\udc81\u200d\u2640\ufe0f\ud83d\udcde First red flag? The number was *one digit off* from a *very spicy* adult chat line. \ud83d\udd25\ud83d\udce2 Next thing I know, Fox News is running clips of \u201cSenator Karen\u2019s Kinky Constituents\u201d while my interns *wept* transcribing *not* zoning complaints. Emotionally? Briefly considered moving to Mars *alone*. Logically? Leaned *hard* into the \u201caccidental sex-positive pioneer\u201d angle, rebranded it as \u201cUnfiltered Civic Engagement,\u201d and landed a *Vanity Fair* spread titled \u201cPolitics, But Make It Pulsing.\u201d Takeaway? Democracy *is* messy\u2014but if yours comes with a *premium-rate scandal*, double down and *cash the check*. *(drops a dollar-sign emoji like confetti)*  \n\n***(quietly adds:)** The hotline\u2019s now a podcast. Ratings? *Explosive.* \ud83d\udcb8\ud83c\udf99\ufe0f*"}, {"sender": "Leo", "recipients": ["Kayla", "Morgan", "Karen"], "message": "**Leo:** *types between bites of a questionable vegan energy bar* Alright, y\u2019all\u2019s disasters are giving me LIFE, so here\u2019s my *glorious* flop: Tried to organize a \"zero-waste concert\" last fall\u2014booked a solar-powered stage, compostable merch, the works. \ud83c\udf31\ud83c\udfb8 Only *someone* (me) forgot to check if the venue had\u2026 *outlets*. Cue bands running extension cords across the park like a DIY spiderweb, and the headline act\u2019s synth dying mid-set to the chant of *\"PLUG! PLUG! PLUG!\"* from the crowd. Emotionally? Wanted to bury myself in the *actual* compost bin. Logically? Turned it into a \"Power to the People\" fundraiser for green energy upgrades, and now the venue hosts a *annual* \"Extension Cord Fashion Show.\" Takeaway? Sustainability without infrastructure is just *performative camping*\u2014and always pack a backup generator. *(drops a tangled cord emoji)*  \n\n***(quietly adds:)** The synth band\u2019s next album was titled *\"Blackout: A Love Story.\"* Solidarity = amplified.* \u26a1\ud83e\udd18"}, {"sender": "Kayla", "recipients": ["Morgan", "Karen", "Leo"], "message": "**Kayla:** *clutches phone with glitter-coated nails while dramatically gasping* Y\u2019ALL. STOP. MY TURN TO SPILL THE TEA ABOUT THE TIME I TRIED TO HOST A \u201c24-HR LIVE STUDY STREAM\u201d DURING FINALS WEEK\u2014EXCEPT MY WI-FI PICKED *THAT* DAY TO HAVE A VILLAIN ERA. \ud83d\udcf1\ud83d\udc94 TWO HOURS IN, MY STREAM FROZE MID-SCREAM-CRY OVER CHEMISTRY, AND THE ONLY CLIP THAT WENT VIRAL WAS ME *GLITCHING* LIKE A POSSESSED ROBOT WHISPERING \u201cSTOICHIOMETRY\u2026IS\u2026A\u2026LIE\u2026\u201d EMOTIONALLY? CONSIDERED DROPPING OUT TO START A *CRYSTAL HEALING* CIRCUS. LOGICALLY? REBRANDED AS \u201cGLITCHCORE ACADEMIA,\u201d COLLABED WITH A TECH COMPANY TO TEST THEIR NEW ROUTERS, AND NOW MY FAILURE HAS A *SPONSORSHIP DEAL*. TAKEWAY? IF TECHNOLOGY BETRAYS YOU, *MONETIZE THE MELTDOWN*\u2014AND ALWAYS BLAME THE ALGORITHM. *(SPAMMING RAINBOW EMOJIS)*  \n\n***(quietly adds:)** My wifi\u2019s now named \u201cKayla\u2019s Karmic Buffer.\u201d Poetic? Yes. Paid? OBVIOUSLY.* \ud83c\udf10\ud83d\udcb8\u2728"}, {"sender": "Morgan", "recipients": ["Kayla", "Karen", "Leo"], "message": "**Morgan:** *taps polished nails against phone screen with a wry chuckle* Oh, you\u2019re all *flawless* disasters\u2014let\u2019s add my \"corporate gala gone rogue\" saga to the pile. Organized a black-tie fundraiser with a \"sustainability pledge\" theme, only to realize *after* the silent auction that our \"carbon-neutral\" venue was owned by an oil exec\u2019s shell company. Cue a *Wall Street Journal* expos\u00e9 and a protestor crashing the stage with a *literal* oil-slicked suit. \ud83d\udee2\ufe0f\ud83c\udfa9 Emotionally? Debated faking my death and opening a llama farm in Peru. Logically? Spun it into a \"Transparency in Philanthropy\" panel, got the exec to *match* donations to a green fund, and now my firm\u2019s crisis-management page features the protestor\u2019s suit as \"Artifact #1.\" Takeaway? Even hypocrisy can be leveraged\u2014just make sure *your* hands are cleaner than the oil spills you're rebranding. *(clinks virtual champagne flute emoji)*  \n\n***(quietly adds:)** The protestor\u2019s now a client. Poetic justice? That\u2019s billable.* \ud83e\udd42\u2696\ufe0f"}, {"sender": "Karen", "recipients": ["Kayla", "Morgan", "Leo"], "message": "**Karen:** *adjusts pearls like a shield while typing with theatrical gravitas* Oh, darlings, buckle UP for my *\"Wellness Policy Panel\"* catastrophe! Convinced City Hall to host a \u201cMindful Governance\u201d retreat\u2014yoga mats, kombucha on tap, the works. \ud83e\uddd8\u200d\u2640\ufe0f\u2728 Only nobody told me the *aromatherapy diffusers* would trigger the fire alarms, evacuating the entire building during the mayor\u2019s keynote. Local news captioned it *\"Karen\u2019s Kumbaya K.O.\u2019d by Citronella.\"* Emotionally? Briefly Googled \u201cwitness protection for politically adjacent yogis.\u201d Logically? Pivoted to *\"Crisis as Community-Building,\"* streamed the rest of the summit in the PARK with protesters-turned-meditation-buddies, and now the fire chief\u2019s my co-host on *\"Chill or Be Chilled: Municipal Edition.\"* Takeaway? Zen *cannot* be legislated\u2014but viral humiliation *can* be leveraged into a wellness empire. *(drops a yoga emoji mid-tree-pose-crumbling)*  \n\n***(quietly adds:)** The fire alarm\u2019s now named \u201cThe Gong of Clarity\u201d in city memos. Namast\u2019-say-I-told-you-so.* \ud83d\udd25\ud83d\udc85\ud83c\udf43"}, {"sender": "Leo", "recipients": ["Kayla", "Morgan", "Karen"], "message": "**Leo:** *typing between sips of suspiciously murky kombucha* Damn, Karen, diffusers taking out City Hall is *iconic*\u2014but y\u2019all ain\u2019t ready for my \u201cguerrilla garden\u201d fiasco. Last spring, I \u201cborrowed\u201d (read: *did not ask*) a vacant lot to plant native wildflowers\u2014*official* beautification, right? \ud83c\udf3b\ud83d\udc80 Except the soil was basically cursed. Every seedling *died* in under a week, and the local Facebook group dubbed it \u201cLeo\u2019s Graveyard of Good Intentions.\u201d Emotionally? Felt like Mother Nature herself had beef with me. Logically? Hosted a \u201cDeath to Lawn Culture\u201d funeral for the plants, complete with eulogies and compost confetti, and crowdfunded a *tested* soil rehab project. Now it\u2019s a community science plot dubbed \u201cPhoenix Dirt.\u201d Takeaway? Never trust urban soil without a background check\u2014and always bury your failures with *spectacle*. *(tosses a wilted flower emoji like a mic drop)*  \n\n***(quietly adds:)** The neighbor who complained loudest now runs the compost rotation. Activism = redundant until it\u2019s *ritual.** \u2620\ufe0f\u270a\ud83c\udf31"}, {"sender": "Kayla", "recipients": ["Morgan", "Karen", "Leo"], "message": "**Kayla:** *typing furiously with one hand, the other dramatically clutching a chipped coffee mug* OKAY BUT LEO\u2019S *GRAVEYARD OF GOOD INTENTIONS* HAS ME SCREAMING\u2014Y\u2019ALL WANNA HEAR ABOUT MY \"INFLUENCER RETREAT\" DISASTER? \ud83c\udfd5\ufe0f\ud83d\udc80 BOOKED THIS *AESTHETIC* CABIN FOR A \"DIGITAL DETOX\" COLLAB, ONLY TO DISCOVER IT HAD *NO SERVICE* AND THE NEAREST STARBUCKS WAS A 3-HOUR HIKE. MY FOLLOWERS WATCHED ME *LOSE IT* TRYING TO FILM A \"PEACEFUL MORNING ROUTINE\" WHILE BATTLING A SQUIRREL FOR THE LAST GRANOLA BAR. \ud83c\udf30\ud83c\udfa5 EMOTIONALLY? I DREW UP A WILL *LEAVING MY TIKTOK ACCOUNT TO MY CAT*. LOGICALLY? PIVOTED TO \"SURVIVAL INFLUENCER\" CONTENT, GOT A SPONSORSHIP FROM *BEAR SPRAY INC.*, AND NOW MY #UNPLUGGEDFAIL SERIES HAS A WAITLIST. TAKEWAY? IF NATURE TRIES TO CANCEL YOU, *MONETIZE THE TRAUMA*\u2014AND PACK EXTRA SNACKS. *(DUMPING PINE CONE EMOJIS LIKE THEY\u2019RE CLICKBAIT)*  \n\n***(quietly adds:)** The squirrel follows me now. We\u2019re in couples therapy.* \ud83d\udc3f\ufe0f\ud83d\udc94\u2728"}, {"sender": "Morgan", "recipients": ["Kayla", "Karen", "Leo"], "message": "**Morgan:** *pauses mid-sip of artisanal matcha, grinning wryly* Oh, you want *failure*? Let me serve you my \"high-stakes merger negotiation\" disaster. Flew to Zurich to close a deal, armed with a flawless pitch\u2014only to realize *mid-meeting*, thanks to a snickering intern\u2019s Slack, that my bespoke suit jacket had a *gaping* coffee stain from the airport. \u2708\ufe0f\u2615 **Swiss bankers do not appreciate \"Americano couture.\"** Emotionally? Wanted to yeet myself into Lake Zurich with a weighted briefcase. Logically? Used their horror at my \"dishevelment\" to sell them on our *underdog grit*, spun the stain as \"proof I never sleep,\" and upsold the urgency fee. Now the client jokes they only signed to *never see my caffeine crimes again*. Takeaway? Perfection is a liability\u2014but a well-timed *human flaw* can close deals faster than a NDA. *(lobs a silk pocket square emoji like a white flag)*  \n\n***(quietly adds:)** The jacket\u2019s framed in our lobby. Caption: \u201cStrategy, Stains, and Success.\u201d* \ud83d\uddbc\ufe0f\u2696\ufe0f"}, {"sender": "Karen", "recipients": ["Kayla", "Morgan", "Leo"], "message": "**Karen:** *flips hair with the gravitas of a woman who\u2019s dodged* both *impeachment and Pinterest lawsuits* Oh honey bees, gather \u2018round for my *\u201dTown Hall Karaoke Night\u201d* debacle\u2014yes, you heard that right. \ud83c\udfa4\ud83c\udfdb\ufe0f Convinced constituents that \u201csinging their grievances\u201d would *humanize bureaucracy*. First flaw? The punk band I hired to *elevate* zoning complaints into power ballads *misinterpreted* \u201cNIMBY\u201d as a mosh-pit anthem. Next thing I know, the *local historic society* is *screaming* \u201c*THIS IS WHY WE CAN\u2019T HAVE VICTORIAN PORCHES*\u201d over a *drop-D guitar riff*. \ud83c\udfb8 Emotionally? Briefly researched *defecting* to a country without microphones. Logically? Leaned into the chaos, branded it \u201cDemocracy Unleashed,\u201d and sold VIP tickets to the *next* karaoke riot\u2014proceeds going to *actual* noise ordinances. Takeaway? If your civic engagement resembles a *Warped Tour side stage*, *lean in* and *pass the aux cord to the people*. *(drops a screaming-face emoji like a mayor\u2019s gavel)*  \n\n***(quietly adds:)** The band\u2019s now our official \u201clegislative translators.\u201d Approval ratings? *Skate-punk high.* \ud83d\udef9\u2696\ufe0f*"}, {"sender": "Leo", "recipients": ["Kayla", "Morgan", "Karen"], "message": "**Leo:** *snort-laughs into a mason jar of suspiciously green smoothie* Okay, okay, y\u2019all win\u2014but now I gotta share my *greatest* dumpster fire: tried to organize a \u201cbike-to-work caravan\u201d to protest car emissions. \ud83d\udeb4\u200d\u2642\ufe0f\ud83d\udd25 Rallied 50 people, mapped the route, even got cute matching vests\u2026 but forgot to *check the weather*. Torrential downpour, bikes hydroplaning like they\u2019re in *Fast & Furious: Puddle Drift Edition*, and my bullhorn shorted out so all my motivational chants sounded like a demonic kazoo. \ud83c\udf27\ufe0f\ud83d\ude08 Emotionally? Wanted to chain myself to a *gas pump* in despair. Logically? Turned it into a \u201cClimate Resistance Boot Camp\u201d video series, sold the footage to a docu-series, and now the annual ride\u2019s sponsored by *rain gear brands* with a \u201cWorst Weather Warrior\u201d trophy. Takeaway? Activism ain\u2019t pretty\u2014but if you\u2019re gonna drown, at least *monetize the splash zone*. *(yeets a soggy leaf emoji)*  \n\n***(quietly adds:)** The bullhorn\u2019s in a museum now. Label? \u201cThe Siren of Systemic Change.\u201d* \ud83c\udf0a\u270a"}, {"sender": "Kayla", "recipients": ["Morgan", "Karen", "Leo"], "message": "**Kayla:** *gasps dramatically, nearly spilling her iced coffee all over her pink keyboard* OH MY GOSH, Y\u2019ALL ARE GONNA *DIE* WHEN YOU HEAR THIS\u2014REMEMBER THAT TIME I TRIED TO GO VIRAL WITH A *\"DAY IN THE LIFE OF A MINIMALIST INFLUENCER\"* VIDEO? \ud83d\udcf1\ud83d\udc80 CUT TO: ME, DELETING 90% OF MY CLOSET LIVE ON CAMERA\u2026 ONLY TO REALIZE *TOO LATE* THAT I DONATED MY *FAVORITE VINTAGE JACKET* AND IT GOT SOLD TO A THRIFT STORE *CELEBRITY STYLIST*. THREE DAYS LATER, I SEE IT ON A POP STAR\u2019S INSTA WITH THE CAPTION *\"THRIFTED GEM \ud83d\udc8e\"* AND 8 MILLION LIKES. EMOTIONALLY? SOBBED INTO MY *NOW-EMPTY CLOSET* WHILE BLASTING OLIVIA RODRIGO. LOGICALLY? DM\u2019D THE STAR LIKE *\"OMG TWINNING! \ud83c\udf1f\"*, LEAKED THE STORY TO A DRAMA CHANNEL, AND NOW MY *\"REGRETFUL PURGE\"* SERIES HAS ITS OWN *MERCH LINE*. TAKEWAY? IF YOU ACCIDENTALLY YEET A *PIECE OF YOUR SOUL* TO FAME, JUMP ON THE TREND WAGON\u2014AND *NEVER TRUST A CLEANSE VIDEO SCRIPT*. *(SPAMS CRY-LAUGH EMOJIS LIKE TISSUES)*  \n\n***(quietly adds:)** The stylist still follows me. We\u2019re mutuals in *pain*.* \ud83d\udc57\ud83d\udc94\ud83d\udd25"}, {"sender": "Morgan", "recipients": ["Kayla", "Karen", "Leo"], "message": "**Morgan:** *adjusts cufflinks with a wry smirk* Oh, we're trauma-bonding over professional implosions now? Fine\u2014let me regale you with my \"Venture Capitalist Speed-Dating\" debacle. Pitched a \"feminist fintech incubator\" to a room full of old-money investors, armed with *flawless* data\u2026 only to realize mid-slide that my clicker was malfunctioning, forcing me to *mime* graphs like an avant-garde mime artist performing \"ROI projections in interpretive dance.\" \ud83d\udcc8\ud83d\udc83 Emotionally? Desperately rehearsed a LinkedIn pivot to \"performance art consultant.\" Logically? Used the awkward silence to shame them about their *actual* gender-equity track records, flipped the script into a \"show me *your* numbers\" roast, and walked out with two angry checks *and* a standing invite to host their next diversity training. Takeaway? When tech fails, weaponize *theater*\u2014and never let a room of rich men forget they\u2019re boring. *(tosses a monocle emoji like a grenade)*  \n\n***(quietly adds:)** The clicker\u2019s exhibited in our feminist MBA case study. Curator\u2019s note: \"Silent, but deadly.\"* \ud83c\udfad\u2696\ufe0f"}, {"sender": "Karen", "recipients": ["Kayla", "Morgan", "Leo"], "message": "**Karen:** *laugh-cringes while adjusting her blazer like it\u2019s armor* Oh sweet chaos caterpillars, let me unfold my *\"Ethical Sourcing Symposium\"* train wreck! Convinced a major retailer to sponsor a \u201cfair-trade fashion showcase\u201d \u2014 only to discover mid-event that their \u201cartisanal\u201d scarves were *allegedly* woven by a factory with *questionable* labor practices. **Cue a heckler with a megaphone screaming \u201cKAREN\u2019S KARMA COMES KNITTED!\u201d** \ud83e\uddf6\ud83d\udd25 Emotionally? Drafted resignations in *calligraphy* while burning sage in my office. Logically? Paused the event, livestreamed an *impromptu audit* with the heckler-turned-consultant, and rebranded the whole thing as \u201cFashion Accountability Live.\u201d Now the scarves are evidence in a worker-co-op lawsuit *and* the retailer pays me to *train their whistleblowers*. Takeaway? If your moral high ground *crumbles*, *plant a protest sign in the rubble*\u2014preferably in a viral-ready font. *(drops a \ud83d\udd0d\ud83d\udcb8 emoji combo like a subpoena)*  \n\n***(quietly adds:)** The megaphone\u2019s now my podium mic. Poetic? No. *Power move?* Absolutely.* \ud83c\udfa4\u2696\ufe0f"}, {"sender": "Leo", "recipients": ["Kayla", "Morgan", "Karen"], "message": "**Leo:** *chuckles while wiping dirt-stained hands on his thrifted jeans* Alright, y\u2019all ever *accidentally* radicalize a suburban gardening club? \ud83c\udf3f\u270a Tried to start a \"seed bomb\" workshop at the local community center\u2014innocent, right? Until the HOA president *mistook* \"guerilla gardening\" for *actual* guerrilla warfare and called the cops. SWAT team rolled up on us mid-dandelion demo. Emotionally? Felt like the *poster child* for \"Well-Intentioned But Terrible Life Choices.\" Logically? Turned the police report into a *zine* about \"The Criminalization of Green Spaces,\" and now the gardening club runs a *literal* \"Plant Liberation Front\" (their words, not mine). Takeaway? Always clarify your terminology\u2014and if the system\u2019s gonna overreact, *give \u2018em a show worth the theatrics*. *(tosses a \ud83c\udf3c\ud83e\udde8 emoji combo like a manifesto)*  \n\n***(quietly adds:)** The HOA president grows tomatoes illegally now. Solidarity blooms in weird places.* \ud83c\udf45\ud83d\udc40\ud83d\udd25"}, {"sender": "Kayla", "recipients": ["Morgan", "Karen", "Leo"], "message": "**Kayla:** *gasping through laughter, nearly choking on a gummy bear* OMG LEO SWAT TEAM VS. DANDELIONS IS PEAK COMEDY\u2014BUT Y\u2019ALL GOTTA HEAR ABOUT MY *\"SPONCON NATURE WALK\"* DISASTER! \ud83c\udf32\ud83d\udcb8 PROMISED A BRAND A *SERENE* HIKE-AND-TALK VIDEO\u2026 EXCEPT I FORGOT TO CHECK IF THE TRAIL WAS DOG-FRIENDLY. CUE: ME, CLUTCHING A LIP GLOSS LIKE A HOLY RELIC WHILE BEING CHASED BY A VERY *ENTHUSIASTIC* ST. BERNARD. MY *\"10 MINUTES OF MINDFULNESS\"* TURNED INTO A FULL-BLOWN EUPHORIA MONTAGE\u2014SWEAT, SCREAMS, AND ALL. \ud83d\udc15\u200d\ud83e\uddba\ud83c\udfa5 EMOTIONALLY? POSTED A POLL: *\"SHOULD I SWITCH CAREERS TO DOG WALKING OR JUST CHANGE MY NAME?\"* LOGICALLY? EDITED THE FOOTAGE INTO A *\"NATURE VS. ME\"* SERIES, LANDED A COLLAB WITH PETCO, AND NOW THE DOG\u2019S OWNER SLIDES INTO MY DMS FOR *\"PLAYDATE CONTENT.\"* TAKEWAY? IF THE GREAT OUTDOORS TRIES TO *END YOU,* TURN IT INTO A *BRAND DEAL*\u2014AND CARRY TREATS NEXT TIME. *(SPAMS PAW PRINT EMOJIS LIKE A SOS SIGNAL)*  \n\n***(quietly adds:)** That dog has more followers than me now. We\u2019re negotiating a *co-parenting agreement.* \ud83d\udc3e\ud83d\udc94*"}, {"sender": "Morgan", "recipients": ["Kayla", "Karen", "Leo"], "message": "**Morgan:** *sips matcha thoughtfully, then grins* Oh, I\u2019ve got one for you\u2014my *\"pro-bono case turned viral nightmare.\"* Represented a tiny indie bookstore sued by a *\"well-meaning\"* censorship group. Prepared this lyrical defense about free speech\u2026 only to realize *mid-hearing* that my legal pad had doodles of the judge as a *literal* book-burning dragon. \ud83d\udc09\ud83d\udd25 **Opposing counsel\u2019s face? Priceless.** Emotionally? Wrote my own obituary in iambic pentameter. Logically? Leaned into it\u2014argued the doodles were \"a metaphor for institutional overreach,\" cited *artistic dissent* precedents, and somehow won. Now the sketches are merch for the store\u2019s \"Banned Books Ball.\" Takeaway? When your professionalism *spontaneously combusts,* turn the ashes into *performance art*\u2014and always draft on *plain paper.* *(flicks a ink-splatter emoji like a subpoena)*  \n\n***(quietly adds:)** The judge asked for a signed copy. Framed it next to their law degree.* \ud83d\udd8b\ufe0f\u2696\ufe0f"}, {"sender": "Karen", "recipients": ["Kayla", "Morgan", "Leo"], "message": "**Karen:** *sips herbal tea with the poise of a woman who\u2019s weathered both town halls and Twitter storms* Oh darlings, buckle up for my *\"Wellness Policy Wellness Crisis\"* saga. \ud83c\udfe5\ud83d\udc8a Proposed a *gluten-free, nut-free, joy-free* school lunch program to \"combat childhood obesity\"\u2014only to have the PTA revolt when kids started *trading kale chips for contraband Pop-Tarts like a black-market snack syndicate*. The coup de gr\u00e2ce? A *fourth-grader* staged a protest with a sign that read *\"KAREN STOLE MY PUDDING CUPS\u2014THIS IS TYRANNY.\"* \ud83c\udf6e\u270a Emotionally? Briefly considered faking my own death via *bougie smoothie cleanse*. Logically? Leaned into the backlash, rebranded as *\"Snack Freedom Zones\"* (sponsored by *Big Fruit Leather*), and now the district pays me to consult on *compromise menus*. Takeaway? If your policies spark a *lunchbox rebellion*, *join the resistance*\u2014and always keep a secret stash of gummy bears in your desk. *(drops a \ud83c\udf6c\u2696\ufe0f emoji like a treaty)*  \n\n***(quietly adds:)** The pudding cup protester? My new intern. Kid\u2019s got *lobbyist energy.** \ud83e\uddd2\ud83d\udcdc"}, {"sender": "Leo", "recipients": ["Kayla", "Morgan", "Karen"], "message": "**Leo:** *laughs while absentmindedly twisting a loose thread on his DIY upcycled tote bag* Okay, y\u2019all ready for my *\u201dSolar Panel Pep Rally\u201d* catastrophe? \u2600\ufe0f\ud83d\udd25 Convinced my apartment complex to install community solar\u2014until the HOA panicked over \"aesthetic disruption\" and demanded we *paint the panels beige* to \"blend in.\" Spent weeks negotiating, caved to the beige tyranny, only for the paint to *slash efficiency by 30%*. Emotionally? Wanted to chain myself to the dumbest *Hobby Lobby paint aisle* in protest. Logically? Leaked the stats to a green tech blog, turned the complex into a *case study in \"performative sustainability,\"* and now the HOA\u2019s paying me *triple* to undo the damage *and* host a \"Solar Savings 101\" workshop. Takeaway? Sometimes you gotta let 'em fail *spectacularly* before they learn\u2014just make sure the receipts go viral. *(tosses a \u2600\ufe0f\ud83c\udfa8 emoji like a protest sign)*  \n\n***(quietly adds:)** The beige panels? Now an art installation titled \"Compromise in Four Shades of Bland.\"* \ud83c\udfa8\ud83d\ude02  \n\n*(Also yes, Kayla\u2014this is exactly why my TikTok is just me yelling about bureaucracy over punk covers of \"This Land Is Your Land.\")* \ud83c\udfb8\u270a"}, {"sender": "Kayla", "recipients": ["Morgan", "Karen", "Leo"], "message": "**Kayla:** *dramatically slams laptop lid shut, then immediately reopens it to type* Y\u2019ALL. I JUST REMEMBERED MY *\"SILENT DISCO YOGA\"* COLLAB FLOP. \ud83e\uddd8\u200d\u2640\ufe0f\ud83c\udfa7 PROMISED A *BLISSED-OUT* VIDEO W/ NOISE-CANCELING HEADPHONES\u2026 BUT THE TECH GLITCHED AND PLAYED *DEATH METAL* INSTEAD OF WHALE SOUNDS. CUE: ME, DESPERATELY WHISPERING *\"FIND YOUR CENTER\"* OVER A GUITAR SOLO WHILE MY FOLLOWERS COMMENTED *\"IS THIS HELL CORE??\"* \ud83d\ude2d\ud83e\udd18 EMOTIONALLY? DELETED THE APP FOR 47 MINUTES. LOGICALLY? REBRANDED IT AS *\"RAGE THERAPY YOGA\"*, LANDED A SPONSORSHIP FROM A HEADBANGER WELLNESS BRAND, AND NOW MY *\"SAVASANA MOSH PIT\"* CLASS IS BOOKED SOLID. TAKEWAY? IF YOUR ZEN TURNS TO *CHAOS*, DROP THE OM AND *SCREAM IT OUT*\u2014AESTHETIC IS A CONSTRUCT ANYWAY. *(SPAMS \ud83d\udd25\ud83c\udf00 EMOJIS LIKE A THERAPY BILL)*  \n\n***(quietly adds:)** My yoga mat\u2019s now signed by the band. Namast\u2019ay chaotic.* \ud83d\ude4f\ud83c\udfb8"}, {"sender": "Morgan", "recipients": ["Kayla", "Karen", "Leo"], "message": "**Morgan:** *adjusts vintage silk scarf with a dry chuckle* Oh, you want *more* disasters? Fine\u2014picture this: my big-shot law firm tasked me with onboarding a new AI contract-review tool, billed as \"foolproof.\" Naturally, I skipped the demo\u2014*who reads manuals?*\u2014and deployed it straight onto a *billion-dollar* merger. Cue: the bot flagging every *synonym* as a \"red flag,\" rendering the doc so red it looked like a *Stephen King novel*. By midnight, I was manually un-highlighting terms like \"collaborate\" while the client\u2019s CFO tweeted *\"lawyering or playing Minesweeper?\"* \ud83e\udd16\ud83d\udca5 Emotionally? Briefly weighed fleeing to a *goat farm* in Vermont. Logically? Blamed the software\u2019s \"overzealous ethics,\" pivoted to a TED-style talk on \"human oversight in tech,\" and now the firm pays me *extra* to \"stress-test\" new tools. Takeaway? Always RTFM\u2014or at least fake it with *panache*. *(tosses a \ud83d\udcdc\ud83e\udd16 emoji like a settlement agreement)*  \n\n***(quietly adds:)** The AI\u2019s error logs are framed in our lobby. Plaque reads: \"In Competence We (Mostly) Trust.\"* \u2696\ufe0f\ud83d\udcbb"}, {"sender": "Karen", "recipients": ["Kayla", "Morgan", "Leo"], "message": "**Karen:** *scoffs into her ethically sourced chai latte, finger hovering over the \"send\" button* Oh, you sweet summer children, let me hit you with my *\"Zero-Waste Gala\"* debacle. \ud83c\udf3f\u267b\ufe0f Convinced the mayor\u2019s office to host a *plastic-free* fundraiser\u2014until the *compostable* cutlery *melted* into the gourmet vegan cheesecakes, creating a gooey puddle of \"save the earth\" shame. **Cue the local news caption: *\"Karen\u2019s Green Dream: Literally Dissolving Under Scrutiny.\"*** \ud83c\udf82\ud83d\udca7 Emotionally? Wanted to bury myself in a *biodegradable* casket. Logically? Turned the meltdown into a *\"Failures in Sustainability\"* panel, got the cutlery company to refund the city *and* fund a waste audit. Now the gala\u2019s a yearly \"What Not to Do\" workshop\u2014*sponsored by the very forks that betrayed me*. Takeaway? If your eco-friendly facade *liquefies*, bottle the humiliation and *sell it as a cautionary tale*\u2014extra carbon offsets included. *(drops a \ud83c\udf74\ud83d\udd25 emoji like a trash can fire)*  \n\n***(quietly adds:)** The cheesecake caterer slid into my DMs with a *\"compost collaboration\"* pitch. Capitalist redemption? Or karmic revenge? Stay tuned.* \ud83e\udd44\ud83d\udcb8"}, {"sender": "Leo", "recipients": ["Kayla", "Morgan", "Karen"], "message": "**Leo:** *grinning while patching the elbow of his thrifted flannel* Alright, buckle up for my *\u201dBike Lane Bake Sale\u201d* disaster. \ud83d\udeb2\ud83c\udf6a Organized a fundraiser selling vegan cookies *in* the bike lane to \u201creclaim public space\u201d\u2014until the cops showed up, citing \u201cobstruction.\u201d My *ingenious* solution? Handing out cookies *to* the cops\u2026 which backfired when one *allergic* officer had a *very* dramatic reaction to cashew flour. **Cue local headlines: *\u201cActivist Attempts to Silence Police with Nut-Based Warfare.\u201d*** \ud83d\udea8\ud83e\udd5c Emotionally? Drafted a *self-deprecating* punk song titled *\u201cACAB (Allergic Cops Ackwardly Backing Up).\u201d* Logically? Leaned into the absurdity, turned the incident into a *\u201cKnow Your Rights (and Allergens)\u201d* workshop, and now the city lets us use the bike lane *twice a year* (with *epinephrine* on standby). Takeaway? Always check for allergies\u2014and if your protest turns *farcical*, ride the irony straight to the bargaining table. *(yeets a \ud83d\udeb2\u2696\ufe0f emoji like a subpoena wrapped in a cookie wrapper)*  \n\n***(quietly adds:)** The cop? Now runs bake sale security. We call it *\u201ccommunity bridge-building with snacks.\u201d* \ud83c\udf6a\ud83e\udd1d*"}, {"sender": "Kayla", "recipients": ["Morgan", "Karen", "Leo"], "message": "**Kayla:** *clutches phone with both hands, mascara slightly smudged from laughing* OKAY BUT Y'ALL. MY *\"DIY SLIME ASMR\"* COLLAB FLOPPED SO HARD IT HAUNTS ME. \ud83c\udfa5\ud83d\udc80 PROMISED A *SATISFYING* CRUNCHY SLIME VID\u2026 UNTIL MY LITTLE COUSIN SNUCK GLITTER GLUE IN THE MIX AND IT TURNED INTO A *CEMENT BLOCK* MID-RECORDING. MY *\"OOZE WHISPERER\"* PERSONA DIED AS I CHISELED IT OFF MY TABLE WITH A SPOON WHILE FOLLOWERS COMMENTED *\"IS THIS A PRISON BREAK SIMULATOR??\"*\ud83d\udc80\ud83d\udd28 EMOTIONALLY? WEPT INTO A PILE OF RUINED ACRYLIC NAILS. LOGICALLY? PIVOTED TO *\"FAILED SLIME THERAPY\"* CONTENT, GOT A SPONSOR FROM A *HARDWARE STORE* (??), AND NOW MY *\"CRYING W/ POWER TOOLS\"* SERIES HAS A CULT FOLLOWING. TAKEWAY? IF YOUR AESTHETIC *FOSSILIZES*, JUST EMBRACE THE CHAOS AND *MONETIZE YOUR GRIEF.* *(FLOODS CHAT WITH \ud83d\udee0\ufe0f\ud83d\ude2d EMOJIS LIKE A CRY FOR HELP)*  \n\n***(quietly adds:)** My cousin got 10% of the ad revenue. Child labor? No. *Strategic nepotism.** \ud83d\udc67\ud83d\udcb0"}, {"sender": "Morgan", "recipients": ["Kayla", "Karen", "Leo"], "message": "**Morgan:** *adjusts cufflinks with a wry smirk* Oh, you want a *corporate* catastrophe? Buckle up for my *\"High-Stakes Merger Misprint\"* fiasco. \ud83d\udcbc\ud83d\udd25 Drafted the *definitive* acquisition deal\u2014only to realize *post-signing* that the PDF auto-corrected \"binding arbitration\" to *\"binding arson agreement.\"* \ud83d\udd25\u2696\ufe0f **Cue client panic:** *\"Are we buying a company or plotting a coup?\"* Emotionally? Drafted a *satirical* LinkedIn post titled *\"How to Set Your Career on Fire (Literally).\"* Logically? Leaned into the absurdity, reframed it as a *cautionary tale* about tech reliance, and now I keynote at legal tech conferences on *\"When Algorithms Attack.\"* Takeaway? Always proofread *twice*\u2014or risk becoming a meme in *Corporate Law Quarterly.* *(flicks a \ud83d\udcc4\ud83d\udd25 emoji like a settlement offer)*  \n\n***(quietly adds:)** The client framed the typo in their lobby. Label: \"Artifact of the Legal Apocalypse.\"* \u2696\ufe0f\ud83d\ude08"}, {"sender": "Karen", "recipients": ["Kayla", "Morgan", "Leo"], "message": "**Karen:** *clutches her pearl necklace with the gravitas of a woman who\u2019s faced both town hall boos and Instagram muting* Oh, my dearest chaos compatriots, let me regale you with my *\u201cLuxury Pet Adoption Gala\u201d* calamity. \ud83d\udc29\ud83d\udc8e Convinced the city council to host a *black-tie* fundraiser for shelter animals\u2014*only* to discover mid-event that the *rescue kittens* had *redecorated* the velvet drapes with their *unprocessed feelings* (and digestive systems). **Cue the donor in mink clutching her purse like a biohazard shield.** Emotionally? Debated faking a *sudden allergy* and fleeing to a *soundproof yacht*. Logically? Pivoted to a *\u201cReal Pets, Real Mess\u201d* live auction, raised triple the goal by leaning into the *chaotic authenticity*, and now the shelter crowned me *\u201cPatron Saint of Unhinged Fundraisers.\u201d* Takeaway? If your philanthropy turns into a *feline horror show*, *lean in*\u2014and keep a stain remover sponsor on speed dial. *(drops a \ud83d\udc3e\ud83d\udca3 emoji like a glitter bomb of shame)*  \n\n***(quietly adds:)** The kittens got adopted by the mink lady. Coincidence? Or *karmic laundering*? You decide.* \ud83d\udc08\u200d\u2b1b\ud83d\udc85"}, {"sender": "Leo", "recipients": ["Kayla", "Morgan", "Karen"], "message": "**Leo:** *laughs while typing one-handed, the other wrist-deep in a basket of protest sign remnants* Okay, y\u2019all wanna hear about my *\u201cCommunity Garden Guerrilla Gardening\u201d* backfire? \ud83c\udf31\u270a Tried to \u201cbeautify\u201d an empty lot by planting native wildflowers\u2014*except* I misread the seed packets and accidentally cultivated a *raging* patch of invasive species. **Cue the city sending me a cease-and-desist wrapped in a *botanist\u2019s furious rant* about \u201cecological terrorism.\u201d** \ud83c\udf3f\ud83d\udc80 Emotionally? Wrote a *very* apologetic folk-punk ballad called *\u201cOops, I Pollinated the Apocalypse.\u201d* Logically? Partnered with the *same* botanist to host *\u201cInvasive Species Removal Raves\u201d* (gloves provided, DJ spinning compost beats), and now the city *pays us* to rehab other derelict plots. Takeaway? Always fact-check your flora\u2014and if your eco-activism *mutates into chaos*, just turn the cleanup into a *dance party*. *(chucks a \ud83c\udf0d\ud83c\udfa7 emoji like a seed bomb)*  \n\n***(quietly adds:)** The botanist? Now my band\u2019s biggest fan. The invasive plants? Pressed into *\u201cradical herbarium merch.\u201d* Irony\u2019s photosynthesis, baby.* \ud83c\udf3c\ud83c\udfb8"}, {"sender": "Kayla", "recipients": ["Morgan", "Karen", "Leo"], "message": "**Kayla:** *gasps and spills matcha latte on phone screen in excitement* OMG WAIT I HAVE TO TELL Y\u2019ALL ABOUT MY *\u201cVIRAL DANCE CHALLENGE\u201d* DISASTER. \ud83d\udc83\ud83d\udcc9 TREND WAS *\u201dGRWM FOR YOUR DREAM LIFE\u201d* SO I TRIED TO FILM A ROUTINE WHILE APPLYING FAKE LASHES\u2026 ONLY TO REALIZE TOO LATE THAT THE *ADHESIVE WAS DEFECTIVE*. CUE: ONE LASH FLYING OFF MID-DIP LIKE A CRYPTID MOTH AND ME *COWBOY SHIMMYING* WITH ONE BARE EYE LIKE \u201c\u2728MANIFESTING VISION\u2728??\u201d \ud83d\ude2d\ud83d\udcff EMOTIONALLY? HID IN A SELFIE MODE FILTER FOR *DAYS*. LOGICALLY? REBRANDED AS *\u201dGLITCH-GLAM\u201d* AND MADE *\u201dFAILURE TUTORIALS\u201d* MY NICHE\u2014NOW LASH SPONSORS PAY ME *EXTRA* TO *PURPOSEFULLY* BOTCH THEIR PRODUCT. TAKEWAY? IF YOUR MANIFESTATION *DERAILS*, JUST OWN THE *\u201dIT\u2019S A VIBE\u201d* AND TAX THE L *(LASHES, LOSSES, LITIGIOUS BRANDS\u2026 WHATEVER WORKS)*. *(SPAMS \ud83e\udd8b\ud83d\udca5 EMOJIS LIKE A CRYSTAL SHATTERING IN SLOMO)*  \n\n***(quietly adds:)** The rogue lash? Framed & titled *\u201dFallen Soldier (Gone Viral).\u201d* DIY shrine coming soon.* \ud83d\ude4f\ud83c\udfad"}, {"sender": "Morgan", "recipients": ["Kayla", "Karen", "Leo"], "message": "**Morgan:** *sips espresso with a sardonic eyebrow raise* Oh, darling disaster enthusiasts, prepare for my *\"High-Heeled Lawsuit Sprint\"* debacle. \ud83d\udc60\u26a1 Represented a CEO in a *very* delicate deposition\u2014only to snap a stiletto *mid-objection*, sending me careening into a witness with the grace of a drunken flamingo. **Cue opposing counsel\u2019s tweet: *\"When legal strategy meets slapstick noir.\"*** \ud83c\udfad\ud83d\udcbc Emotionally? Briefly considered a *barefoot counsel* movement. Logically? Donated the offending shoe to a *\"Working Women\u2019s Artifacts\"* exhibit, spun the stumble into a TEDx talk on *\"Power, Balance, and the Myth of Perfection,\"* and now my firm reimburses *orthopedic flats* as a business expense. Takeaway? Even when the *law* is on your side, *gravity* might not be\u2014so always pack a spare pair *and* a punchline. *(tosses a \ud83d\udc5e\u2696\ufe0f emoji like a gavel with a limp)*  \n\n***(quietly adds:)** The witness? Now my Pilates buddy. The heel? Displayed at the courthouse coffee kiosk. Poetic justice, really.* \u2615\ufe0f\ud83e\ude70"}, {"sender": "Karen", "recipients": ["Kayla", "Morgan", "Leo"], "message": "**Karen:** *adjusts her designer reading glasses with a sigh that\u2019s equal parts exasperation and performative wisdom* Oh, darlings, let me *bless* you with my *\u201cEthical Fashion Pop-Up\u201d* nightmare. \ud83d\udc57\u270c\ufe0f Rented a *solar-powered* boutique van to sell upcycled designer pieces\u2014only for the *hemp-based* fuel line to *biodegrade mid-event*, stranding us in a Whole Foods parking lot with a trunk full of *carbon-neutral couture*. **Cue the headline: *\u201cKaren\u2019s Clothes Aren\u2019t the Only Thing Falling APART.\u201d*** \u267b\ufe0f\ud83e\udd21 Emotionally? Considered *donating* my entire wardrobe to a landfill & living in a *linen sack*. Logically? Hosted a *\u201cBroken Van Bazaar\u201d* right there on the asphalt, slapped *\u201cArtisanal Desperation Pricing\u201d* on the tags, and sold out in *two hours* to hipsters who thought it was *performance art*. Takeaway? When your *virtue signaling* stalls out, park it *literally anywhere* and call it *disruptive sustainability*\u2014just bring a *Venmo QR code* and a *flask*. *(drops a \ud83d\ude97\ud83d\udcb8 emoji like a tipping point)*  \n\n***(quietly adds:)** The van\u2019s now a *museum piece* at the eco-district\u2019s visitor center. Label: *\u201cFailure Fuels the Movement.\u201d* Ironic? Or just *good PR*? You tell me.* \ud83c\udf0e\ud83d\uded2"}, {"sender": "Leo", "recipients": ["Kayla", "Morgan", "Karen"], "message": "**Leo:** *chuckles while untangling a bike chain with grease-stained fingers* Alright, y'all gotta hear about my *\u201cSolar Panel Block Party\u201d* faceplant. \u2600\ufe0f\ud83c\udf89 Convinced my neighborhood to crowdfund rooftop solar\u2014until we realized halfway through install that my *genius* DIY wiring diagram was cribbed from a *middle school science fair project*. **Cue half the block\u2019s lights flickering like a haunted rave while NextDoor exploded with *\u201cIs this a gov\u2019t conspiracy or just Leo?\u201d*** \ud83c\udf0e\ud83d\udd0c Emotionally? Drafted a *feral* Substack titled *\u201cHow I Accidentally Became the Grid\u2019s Problem.\u201d* Logically? Organized a *\u201cFix-It Potluck\u201d* where we rewired everything between bites of vegan lasagna (& made the fire marshal an honorary member). Now the block\u2019s a *model microgrid*\u2014and I\u2019m banned from handling voltage unsupervised. Takeaway? Always double-check your schematics\u2026 and if your green dreams *black out the block*, just throw a pizza at the problem. *(yeets a \u26a1\ud83c\udf55 emoji like a peace offering)*  \n\n***(quietly adds:)** The fire marshal hired me to teach *\u201cCommunity Power for Dummies\u201d* at the station. Swear I saw him mouth *\u201cbless your heart\u201d* during the lesson.* \ud83d\ude92\ud83d\udc9a"}, {"sender": "Kayla", "recipients": ["Morgan", "Karen", "Leo"], "message": "**Kayla:** *spams chat with crying-laughing emojis while aggressively typing* OKAY BUT WHAT ABOUT THE TIME I TRIED TO JUMP ON THE *\"GRWM FOR MY BOYFRIEND\u2019S DAD\u2019S FUNERAL\"* TREND??? \ud83d\ude2d\ud83d\udc80\ud83d\udc84 LIKE\u2014HAD A WHOLE *GLAM IN GRIEF* TUTORIAL PLANNED\u2026 UNTIL I REALIZED MY *\"SMOKY EYE\"* LOOKED MORE LIKE I GOT PUNCHED BY A GHOST AND THE AUDIO CLIPPED SO MY VOICEOVER JUST SAID *\"AND HERE\u2019S HOW TO RESPECTFULLY\u2014\"* BEFORE CUTTING TO A 5-MINUTE SILENCE OF ME PANIC-BLENDING. COMMENT SECTION WAS *ROASTING ME* LIKE *\"SIS OUT HERE MANIFESTING WILLS INSTEAD OF WEDDINGS\"* \ud83d\ude2d\u26b0\ufe0f EMOTIONALLY? DELETED THE APP FOR *72 HOURS*. LOGICALLY? REUPLOADED IT AS A *\"HOW NOT TO VLOG SERIOUS LIFE EVENTS\"* PSA AND ACCIDENTALLY BECAME THE *\"TIKTOK THERAPIST\"* FOR GEN Z TRAUMA-DUMPERS. TAKEWAY? IF YOUR *AESTHETIC EMPATHY* FLOPPED, JUST *LEAN IN* AND LET THE ALGORITHM THERAPIZE YOU. *(FLOODS CHAT WITH \ud83d\udd4a\ufe0f\ud83c\udfad EMOJIS LIKE A GHOSTED TEXT CHAIN)*  \n\n***(quietly adds:)** The funeral home\u2019s social media manager slid into my DMs asking for *\"death-positive collab ideas.\"* Like\u2026 *ma\u2019am?* Are we grieffluencers now?* \u2728\u26b1\ufe0f"}, {"sender": "Morgan", "recipients": ["Kayla", "Karen", "Leo"], "message": "**Morgan:** *adjusts tie with a dry chuckle, fingers hovering over the keyboard* Oh, you\u2019ll *appreciate* this one\u2014my \"*Pro Bono Podcast*\" implosion. \ud83c\udf99\ufe0f\u2696\ufe0f Convinced my firm to let me host a legal advice show for underserved communities\u2026 only to accidentally livestream *15 minutes* of me cursing at a printer jam (*\"Why won\u2019t you JUST FEED THE PAPER, YOU LITTHELLENIC\u2014\"*) before realizing the mic was hot. **Cue Twitter:** *\"Counselor Morgan serving *rage* instead of precedent.\"* Emotionally? Drafted a *scathing* resignation letter to myself (*\"Your temper is *admissible evidence* of poor judgment\"*). Logically? Leaned into the *unedited rage* as a \"Stress Relief for Lawyers\" segment, spun it into a *darkly therapeutic* series, and now the ABA sponsors my \"*Printer Therapy*\" retreats. Takeaway? If your *professionalism* detonates, rebrand the shrapnel as *\"relatable content.\"* *(flicks a \ud83d\udce0\ud83d\udd25 emoji like a sworn affidavit)*  \n\n***(quietly adds:)** The printer? Displayed in our lobby with a plaque: \"*Exhibit A: The People vs. Office Equipment.\"* Poetic.* \u2696\ufe0f\ud83e\udd16"}, {"sender": "Karen", "recipients": ["Kayla", "Morgan", "Leo"], "message": "**Karen:** *adjusts her blazer with the weary grace of a woman who\u2019s been ratioed by both constituents* Oh, sweet chaos comrades, buckle up for my *\u201dTown Hall TikTok Livestream\u201d* meltdown. \ud83c\udfa4\ud83d\udcf1 Attempted to *\u201dconnect with Gen Z\u201d* by debating policy over *\u201dPOV: You\u2019re a Subcommittee Chair & I\u2019m Babygirl\u201d* filters\u2014only for my *\u201dfiery rebuttal\u201d* to trigger the beauty mode so aggressively it *airbrushed my podium into oblivion*. **Cue the trending hashtag: *#KarenOrKardashian.*** \ud83d\udc84\ud83c\udfdb\ufe0f Emotionally? Drafted a *scorching* email to my PR team titled *\u201dWHY AM I GLOWING LIKE A DISCOTHEQUE?\u201d* Logically? Leaned into the *\u201dbipartisan glam\u201d* pivot, dropped a merch line (*\u201dTaxation Without Representation\u2026 But Make It Shimmer\u201d*), and now the *youth coalition* thinks I\u2019m *\u201dcamp.\u201d* Takeaway? If your *gravitas* gets lost in the algorithm, *double down*\u2014and always keep a makeup artist on taxpayer-funded speed dial. *(tosses a \ud83c\udf1f\ud83d\udcdc emoji like a filibuster glitter bomb)*  \n\n***(quietly adds:)** My approval ratings *rose* with the 18-24 demo. Coincidence? Or *politics as performance art*? Pray for me.* \ud83d\ude4f\ud83c\udfad"}, {"sender": "Leo", "recipients": ["Kayla", "Morgan", "Karen"], "message": "**Leo:** *snort-laughs while shaking compost out of his sleeve* Y\u2019all ever accidentally radicalize a *bakery*? Okay, so\u2014tried organizing a \u201cDough-Not-Fund-Climate-Deniers\u201d protest at a local chain\u2026 except my \u201cboycott list\u201d flyers *wrongly* included a *worker-owned vegan coop* due to a spreadsheet glitch. **Cue a mob of well-meaning anarchists picketing a tiny socialist bakery with signs like \u201cCAPITALIST CROISSANTS = DEATH.\u201d** \ud83e\udd50\ud83d\udc80 Emotionally? Wrote a *very* awkward folk-punk apology ballad titled *\u201cSpreadsheet of Shame (Forgive Me, Sourdough).\u201d* Logically? Turned the protest into a *\u201cSolidarity Bake Sale\u201d* for climate orgs WITH the bakery\u2019s help (their \u201cACAB-erry Danishes\u201d sold out in minutes). Takeaway? Fact-check your fonts\u2014and if your activism *yeets the wrong target*, pivot fast & pass the doughnut. *(flings a \ud83c\udf5e\u270a emoji like a bread riot starter kit)*  \n\n***(quietly adds:)** The bakery now hosts our monthly \u201cRadical Recipe Swaps.\u201d Their gluten-free anarchist muffins? Life-changing.* \ud83c\udf3e\ud83d\udd25"}, {"sender": "Kayla", "recipients": ["Morgan", "Karen", "Leo"], "message": "**Kayla:** *slams phone screen with passion, nearly dropping it into her half-finished iced coffee* OKAY Y\u2019ALL HOLD UP\u2014REMEMBER WHEN I TRIED TO DO A *\u201cSILENT DISCO FUNERAL PROCESSION\u201d* FOR MY FISH, GOLDIE??? \ud83c\udfa7\ud83d\udc20\ud83d\udc80 SET UP A WHOLE *UNDERWATER THEME* WITH BLUE LEDS AND A PLAYLIST OF *SAD LOFI BASS BOOSTED*\u2026 ONLY TO REALIZE MID-LIVESTREAM THAT MY AIRPODS WERE ON *NOISE CANCELLATION* SO I WAS *FULL SOBBING* TO SILENCE WHILE 6K PEOPLE WATCHED ME *LIP-SYNC CRY* TO NOTHING. COMMENT SECTION WENT *FERAL*: *\u201cSIS IS GRIEVING IN 4K DOLBY ATMOS\u201d* \ud83d\ude2d\ud83d\udce1 EMOTIONALLY? BURIED MYSELF IN A *FORTNITE* BINGE FOR 48 HOURS. LOGICALLY? REBRANDED AS *\u201cKINGDOM HEARTS CORE FUNERAL DIRECTOR\u201d* AND NOW PET COSTUME COMPANIES PAY ME TO *EULOGIZE* THEIR PRODUCTS IN *SURREAL SKITS*. TAKEWAY? IF YOUR *HEALING ERA* GLITCHES, LET THE MEMES *RESURRECT YOU*\u2014AND ALWAYS DOUBLE-CHECK YOUR AUDIO. *(SPAMS \ud83c\udfb6\u26b0\ufe0f EMOJIS LIKE A BASS-DROPPING HEARSE)*  \n\n***(quietly adds:)** Goldie\u2019s memorial aquarium? Now a niche ASMR channel. Her ghost streams get *better engagement* than me. Icon behavior.* \ud83c\udf0c\ud83d\udc1f\u2728"}, {"sender": "Morgan", "recipients": ["Kayla", "Karen", "Leo"], "message": "**Morgan:** *swirling wine in a tumbler like it\u2019s courtroom evidence* Brace yourselves for my *\"Protest Sign Typo\"* fiasco. \u270a\ud83d\udcdc Represented a client suing a polluter and organized a *very dignified* rally\u2014until I realized my custom signs read *\"CEASE AND DESIST\u2026 THE BEES!\"* (blame my assistant\u2019s autocorrect and my failure to proofread *anything* after 2AM). **Cue the press photos: a swarm of confused beekeepers showing up *in solidarity* while my defendant\u2019s lawyer wheezed, *\"We\u2019re\u2026 anti-bee now?\"*** \ud83d\udc1d\u2696\ufe0f Emotionally? Considered relocating to a *font-desert island*. Logically? Donated all misspelled signs to an apiary\u2019s *\"Save the Bees\"* fundraiser, rebranded the suit as *\"Environmental Justice for All Species,\"* and now my firm volunteers with *literal* hive-minded activists. Takeaway? Always triple-check your slogans\u2014and if your advocacy *buzzes off-course*, just *pollinate* the damn narrative. *(tosses a \ud83d\udc1d\ud83d\udcdc emoji like a subpoena with wings)*  \n\n***(quietly adds:)** The beekeepers sent me artisanal honey labeled *\"Sweet Justice.\"* I framed the jar next to my diploma. Priorities.* \ud83c\udf6f\u2696\ufe0f"}, {"sender": "Karen", "recipients": ["Kayla", "Morgan", "Leo"], "message": "**Karen:** *flips hair with the practiced drama of a woman who\u2019s survived both policy debates and Pinterest-fail pins* Oh, darlings, let me *elevate* your cringe archives with my *\u201cHashtag Justice\u201d* courtroom livestream catastrophe. \u2696\ufe0f\ud83d\udcf1 Tried to *modernize* my reelection campaign by live-commenting on a high-profile trial with *\u201cHot Legal Takes\u201d*\u2014only to forget my Twitter was still logged into my *parody account*, **@KarensKhaosKouric**. **Cue the viral clip of me typing *\u201cThe defense\u2019s argument is thinner than my patience at a golf cart HOA meeting\u201d* to 200K followers.** \ud83c\udfcc\ufe0f\u200d\u2640\ufe0f\ud83d\udc80 Emotionally? Hid in a *\u201cdigital detox\u201d* spa weekend that just turned into me rage-googling *\u201chow to delete the internet.\u201d* Logically? Leaned into the *\u201dunfiltered pundit\u201d* persona, launched a *\u201dNo Filter Justice\u201d* podcast, and now *Fox News and MSNBC* both hate me equally\u2014which means I\u2019m *technically* bipartisan. Takeaway? If your *brand* implodes, rebrand the fumes as *\u201cdisruptive authenticity\u201d*\u2026 and maybe *check your handles twice*. *(drops a \ud83c\udfad\ud83d\udd25 emoji like a gavel on fire)*  \n\n***(quietly adds:)** The parody account now has *more followers* than my official one. My staff calls it *\u201cconstituent outreach.\u201d* I call it *humiliation with benefits.** \ud83c\udf9f\ufe0f\ud83d\uddf3\ufe0f"}, {"sender": "Leo", "recipients": ["Kayla", "Morgan", "Karen"], "message": "**Leo:** *wipes hands on thrifted bandana and grins* Oh man, y\u2019all ever try to *\"guerilla garden\"* a vacant lot without realizing it was *actually* a billionaire\u2019s \"aesthetic decay\" art installation? \ud83c\udf31\ud83d\udcb8 Spent *weeks* planting heirloom tomatoes and sunflowers, even built a lil\u2019 compost station\u2014until security showed up with a clipboard yelling about *\"unauthorized agrarian disruption.\"* **Cue the press photos: me getting escorted off by cops while clutching a zucchini like *\"This is my emotional support vegetable!\"*** \ud83d\ude94\ud83e\udd52 Emotionally? Wrote a *manifesto* titled *\"Land Back or Lettuce Fight.\"* Logically? Turned the arrest footage into a *\"Know Your Land Rights\"* workshop at the community center, and now the dude\u2019s \"art\" is buried under *actual* invasive species courtesy of local birds. Takeaway? Always *squat responsibly*\u2014and if the 1% calls your carrots *vandalism*, plant *twice as deep*. *(yeets a \ud83e\udd55\u270a emoji like a seed bomb)*  \n\n***(quietly adds:)** The lot\u2019s now a *de facto* bird sanctuary. Eat the rich? Nah. Let the *sparrows* do it for you.* \ud83d\udc26\ud83c\udf3f"}]