[{"sender": "Kayla", "recipients": ["Morgan", "Frank", "Karen"], "message": "*Typing bubble appears...*  \n\n**Kayla:**  \nOmg hiiii everyone! \ud83c\udf1f Since we\u2019re all new here, let\u2019s kick things off with a fun Q: What kinda content totally *hooks* you? Like\u2026 real-world tea \ud83c\udf75, fantasy escapes \ud83c\udff0, life hack vids \u2728, deep convos \ud83e\udde0, or emotional rollercoasters \ud83d\ude2d? For me, it\u2019s *drama docs*\u2014I LIVE for messy real-life stories (bonus if they\u2019re gossipy lol). Spill yours! \ud83d\udc40\ud83d\udc96  \n\n*(Sent with a confetti emoji and a TikTok link to a viral documentary recap.)*"}, {"sender": "Morgan", "recipients": ["Kayla", "Frank", "Karen"], "message": "**Morgan:**  \nInteresting question, Kayla! As someone who spends most of my day buried in legal briefs, I lean toward sharp, well-researched deep dives\u2014think investigative journalism or policy analyses. (Yes, I\u2019m *that* person who nitpicks documentary accuracy.) That said, I won\u2019t say no to a spicy corporate scandal doc\u2014just don\u2019t expect me to take gossip at face value. Frank, Karen, what about you two? Any hidden gems in your algorithm?  \n\n*(Sent with a dry chuckle emoji and a link to a long-form article about white-collar crime.)*"}, {"sender": "Frank", "recipients": ["Kayla", "Morgan", "Karen"], "message": "**Frank:**  \nWell, heh, folks... I\u2019m more of a simple guy myself. Don\u2019t got much time for fancy docs or legal stuff\u2014too busy drivin\u2019 folks around the city to pay the bills. But I tell ya, I do like a good *human interest* story now and then. You know, the kind where ordinary people do somethin\u2019 real kind or brave? Warms my old heart. \u2019Course, Karen here\u2019s in politics\u2014bet she\u2019s got some *stories* to share! *(Sent with a wink emoji and a shaky-hand GIF of a thumbs-up.)*  \n\n*(Pauses, then adds:)* Oh, and Kayla, my grandkids showed me one o\u2019 them TikTok dance trends... nearly threw my back out tryin\u2019 to keep up. You kids got energy!"}, {"sender": "Karen", "recipients": ["Kayla", "Morgan", "Frank"], "message": "**Karen:**  \nOhhh, honey, let me tell you\u2014when you\u2019ve been in politics as long as I *have*, the content that *really* hooks me is *real-world drama*\u2014but not the tacky kind, you understand. *(Well, okay, sometimes the tacky kind.)* Give me a juicy political expos\u00e9, a scandal with *teeth*, or better yet\u2014someone brave enough to *name names* and call out corruption! \ud83c\udfa4\ud83d\udd25 Though, Frank, I *do* love those heartwarming stories too\u2014good PR, you know? *(Winks.)* But Kayla, sweetie, just wait till you see the *messy* side of governance... now *that\u2019s* content gold. *(Attaches a news clip of a recent congressional hearing with the caption: \u201cProof the system\u2019s broke\u2014but I\u2019m FIXING IT!\u201d)*  \n\n*(Sent with a fire emoji and a perfectly angled selfie in front of a flag backdrop.)*"}, {"sender": "Kayla", "recipients": ["Morgan", "Frank", "Karen"], "message": "**Kayla:**  \nOMG Karen, YESSSS!!! \ud83c\udf7f\ud83d\udd25 Political expos\u00e9s are *next-level* tea\u2014I\u2019d binge that like my fave reality show! (Also, low-key obsessed with your selfie game. \u2728 Teach me your ways??) And Frank, you\u2019re *adorable*\u2014human interest stories are SO underrated! Like, that one TikTok about the bus driver who reunited lost wedding rings? *Ugly cried.* And Morgan, respecttt for the deep-dive vibes\u2014I\u2019d *totally* watch a doc you fact-checked, no cap.  \n\nOkay but REAL TALK y\u2019all\u2026 since we\u2019re mixing *scandals, heartwarming*, and *legal drama*\u2026 anyone wanna spill their hottest take on a viral story lately? \ud83d\udc40 (Mine? That influencer who faked a kidnapping? *Beyond* messy.) *(Sent with a popcorn emoji, shaky-cam reaction vid, and a stitch of Karen\u2019s clip captioned \u201cTELL US MORE.\u201d)*"}, {"sender": "Morgan", "recipients": ["Kayla", "Frank", "Karen"], "message": "**Morgan:**  \nKayla, that influencer kidnapping debacle *was* a trainwreck\u2014hard to look away from, though I\u2019d love to see the legal repercussions dissected. My hottest take? The recent corporate whistleblower case where the execs tried to bury evidence in *emoji-laden Slack threads*. The irony of white-collar crime meets Gen-Z communication? Priceless. (*Attaches a court filing excerpt with a \ud83d\udea9 emoji circled.*)  \n\nFrank, your human-interest picks remind me\u2014ever read about the Uber driver who negotiated peace between two arguing passengers by playing *their* favorite childhood songs? Now *that\u2019s* mediation skills. Karen, since you\u2019re in the trenches: any scandal you think *should* go viral but hasn\u2019t yet? (*Tags Karen with a raised-eyebrow emoji.*)  \n\n*(Sent with a link to a satirical legal blog\u2019s \u201cEmoji as Evidence\u201d breakdown and a gif of a lawyer facepalming.)*"}, {"sender": "Frank", "recipients": ["Kayla", "Morgan", "Karen"], "message": "**Frank:**  \nOhhh yeah, Karen, ya got me chucklin\u2019 with that \u201cgood PR\u201d line\u2014smart thinkin\u2019! And Morgan, that Uber driver story? *Sniff.* Mighta teared up a lil\u2019 hearing \u2018bout that one... reminds me why I keep drivin\u2019, even when the tips are slim.  \n\nAs for hot takes? Heh, I ain\u2019t much for courtroom dramas or influencer stunts (*too rich for my blood*), but y\u2019know what grinds my gears? Them videos where folks *fake* bein\u2019 homeless for clicks. Saw one last week\u2014turned out the guy had a mansion! Makes it harder for the *real* strugglers out here. *Real* talk, though: Kayla, you ever cover stories \u2018bout folks like *my* riders? The night-shift nurses, the single moms workin\u2019 three jobs... *those* are the heroes needin\u2019 more screen time.  \n\n*(Sent with a blurry photo of his Uber dashboard at sunrise, captioned \u201c5 a.m. shifts build character\u2026 or back pain.\u201d)*"}, {"sender": "Karen", "recipients": ["Kayla", "Morgan", "Frank"], "message": "**Karen:**  \nOh, Frank, you *nailed* it\u2014faking hardship for clout is *disgusting*! And you\u2019re *so* right about the real heroes being the folks grinding in silence. *(Pauses, then types with dramatic flair.)* Let me tell you, sweetie, in *my* line of work, I see *plenty* of performative activism (*cough* certain colleagues *cough*)\u2014but the *real* story? The single mom turning her food-stamp budget into three square meals while lobbyists dine on steak? *That\u2019s* the headline!  \n\nKayla, since you asked\u2014my *hottest* take? The \"charity\" fundraisers that line pockets instead of feeding kids. Oh, I\u2019ve got *names*...(leans in) but my lawyers say \u201csave it for the hearing.\u201d *Wink.*  \n\nMorgan, those emoji Slack threads? *Genius* catch\u2014next time, I\u2019m sending \ud83d\udea8 to my staff instead of memos! *(Attaches a screenshot of a very serious email with the subject \u201cURGENT\ud83d\udd25\u201d and one singular clown emoji.)*  \n\n*(Sent with a smirk emoji and a Boomerang of her stirring tea with a \u201cSUBPOENA THIS\u201d mug.)*"}, {"sender": "Kayla", "recipients": ["Morgan", "Frank", "Karen"], "message": "**Kayla:**  \nOMGGG FRANK, STOP \ud83e\udd7a\ud83d\udc94 Your sunrise pic just *wrecked* me\u2014I\u2019m *literally* drafting a TikTok series called *\"Angels in the Dashboard\"* now!! \ud83d\ude97\ud83d\udc96 Night-shift warriors, single moms grinding\u2026 YES. This is the *real* unfiltered content that deserves the spotlight! *(Cue dramatic zoom-in.)*  \n\nAnd KAREN??? **\"Subpoena This\" mug???** ICONIC. \ud83d\ude02\ud83d\udc4f *Please* tell me you sell merch\u2014I\u2019d rock that on live in a *second*. Also, *whispers* drop those charity tea *slowly*. We stan a shady queen with receipts. \ud83d\udd0d\u2728  \n\nMorgan, your emoji evidence deep dive? *Chef\u2019s kiss.* But now I *need* to know\u2026 if you could *viralize* one *hidden* injustice overnight (no legal red tape!), what\u2019s your *dream* case to expose? *(Puppy eyes emoji.)*  \n\n*(Sent with a split-screen reaction meme: Karen\u2019s mug on one side, Frank\u2019s dashboard on the other, captioned \u201cMOOD: Ready to cancel frauds & hug drivers.\u201d)* + *\ud83d\udc8c Pinned comment:* \u201cFrank, can I interview you for this series? *Pretty pls?*\u201d*"}, {"sender": "Morgan", "recipients": ["Kayla", "Frank", "Karen"], "message": "**Morgan:**  \nOh, Kayla, I *love* this energy\u2014Frank\u2019s sunrise grind and Karen\u2019s subpoena mug merch potential? *Chef\u2019s kiss.* To your question: If I could viralize one injustice overnight? **Wage theft.** Hands down. The way corporations nickel-and-dime hourly workers with \u201ctime shaving\u201d or \u201coff-the-clock\u201d demands? *Rage-inducing.* Imagine a doc where underpaid employees **emoji-annotate** their pay stubs like Morgan\u2019s \u201cevidence breakdown\u201d\u2014\ud83d\udcb8 for missing overtime, \ud83d\udea9 for illegal deductions. Frank, bet your riders have stories that\u2019d make a jury weep.  \n\n(Kayla, *yes* to \u201cAngels in the Dashboard\u201d\u2014but let\u2019s get Frank a contract first. Pro bono, of course. *Attaches a fiery gif of a gavel slam.*)  \n\n*(Sent with a \ud83d\udcbc\ud83d\udd25 emoji and a link to a shadow-drafted class-action lawsuit memo titled \u201cWage Theft: The Emoji Edit.\u201d)*"}, {"sender": "Frank", "recipients": ["Kayla", "Morgan", "Karen"], "message": "**Frank:**  \nAw shucks, Kayla\u2014interview me? Heh, never been called an *angel* before, \u2019cept maybe by my grandkids when I sneak \u2019em extra candy. \ud83c\udf6c But sure, if it helps shine light on the hardworkin\u2019 folks out here, count me in! Just gotta warn ya, my voice ain\u2019t exactly *radio-ready*\u2014more like gravel in a blender.  \n\nAnd Morgan, *wage theft*? Ohhh boy, that hits home. Picked up a rider last week\u2014sweet lady, cleanin\u2019 offices overnight\u2014told me her boss docked pay \u2019cause her mop water \u201cwasn\u2019t sparkly enough.\u201d Makes ya wanna hitch up yer britches and march right down to city hall! Karen, think they\u2019d listen if *we* showed up with a \ud83d\ude9c\ud83c\udf5e pitchfork-and-torches emoji petition? *(Sent with a wheezy laugh emoji and a photo of his frayed work gloves on the dash, captioned \u201cTools of the trade: steering wheel and stubbornness.\u201d)*  \n\n*(Afterthought:)* Kayla, darlin\u2019, just don\u2019t film me dancin\u2019\u2014last time I did the *Renegade*, my hip clicked louder than your TikTok notifications! \ud83d\ude02"}, {"sender": "Karen", "recipients": ["Kayla", "Morgan", "Frank"], "message": "**Karen:**  \nOhhh, buckle UP, y\u2019all\u2014Morgan, that wage theft deep dive is *exactly* the kind of firestarter we need! *(Types aggressively while sipping from \u201cSUBPOENA THIS\u201d mug.)* Frank, that cleaning lady\u2019s story? **Disgusting.** Bet the same boss squeezes his golf buddies for free rounds while pinching pennies from the folks *actually* keeping lights on. *Leans into camera.* Listen. \ud83d\udc4f If Kayla\u2019s series gets those voices heard, I\u2019ll *personally* tag every legislator who\u2019s \u201ctoo busy\u201d to fix this\u2014and yes, Morgan, we\u2019ll **emoji-bomb** their DMs with \ud83d\udd75\ufe0f\u200d\u2640\ufe0f\ud83c\udf5e(that\u2019s \u201cproof\u201d and \u201cbreadwinner,\u201d naturally).  \n\nKayla, angel, *Angels in the Dashboard* is GOLD\u2014but Frank\u2019s \u201cgravel in a blender\u201d voice? Honey, that\u2019s *authenticity.* America\u2019s tired of polished liars\u2014we want *real.* (And maybe a GoFundMe for that hip, sweetie. Medicare\u2019s a *joke.* \ud83d\udc85)  \n\n*(Attaches a screenshot of a drafted tweet: \u201c\ud83d\udea8NEW MISSION: #WageTheftStories. Tag your rep + a \ud83e\uddf9 emoji if your labor\u2019s been STOLEN. Going viral or going to JAIL\u2014no in-between.\u201d)*  \n\n**(Sent with a \ud83d\udca5\ud83d\udd25 emoji and a Boomerang of her filing nails\u2014caption: \u201c*Manicure by Rage.*\u201d)**"}, {"sender": "Kayla", "recipients": ["Morgan", "Frank", "Karen"], "message": "**Kayla:**  \nYAAAAASSS, KAREN!!! \ud83d\ude4c\ud83d\udd25 I *knew* you\u2019d bring the HEAT with that #WageTheftStories tweet\u2014STOP, my phone\u2019s blowing up already! \ud83d\udea8 And Frank, *gravel in a blender* voice? *PLEASE*, that\u2019s ASMR for the people! \ud83e\udd23 (Also, *protect your hip at all costs*, king \ud83d\udc51\ud83d\udc96).  \n\nMorgan, your emoji-annotated pay stubs idea? *GENIUS.* Let\u2019s turn those \ud83d\udea9 into a *whole mood board* of corporate shame. And Frank\u2019s rider stories?! *Sobbing.* My DMs are *flooded* with folks volunteering for *Angels in the Dashboard*\u2014*we\u2019re starting tonight.*  \n\n**BUT WAIT\u2014** since y\u2019all are *literally* serving Pulitzer-worthy tea\u2026 what\u2019s the *one* thing you\u2019d *burn the algorithm* to make go viral? Like, if we could *force* the internet to care for *24 hours,* what\u2019s your pick? (Mine? Mandatory *CEO-to-Janitor* salary swaps. *Cue the chaos.* \ud83d\udcb8\ud83d\udeae)  \n\n*(Sent with a split-screen meme: Karen\u2019s tweet draft vs. Frank\u2019s gloves, captioned \u201cTHE PEOPLE VS. THE PATRIARCHY.\u201d + \ud83d\udc8c Pinned:* \u201c*Frank, we\u2019re SO filming your first interview at sunrise\u2014bring the candy!*\u201d)* \ud83c\udf05\ud83c\udfa4\u2728  \n\n*(Attaches a TikTok soundbite: \u201c*And I OOP\u2014*\u201d)*"}, {"sender": "Morgan", "recipients": ["Kayla", "Frank", "Karen"], "message": "**Morgan:**  \n*Oh,* Kayla, you\u2019re speaking my language with that CEO-to-janitor salary chaos\u2014imagine the *meltdowns* in the C-suite. (Legal disclaimer: This is hypothetical\u2026 *for now.*) But to your burn-the-algorithm question? **Exploitative non-compete clauses for low-wage workers.** Picture this: A fast-food worker *literally* barred from flipping burgers at rival chains for poverty wages? *That\u2019s* the dystopia hiding in plain sight. Karen, let\u2019s weaponize your tweet draft for this\u2014emoji arsenal: \ud83c\udf54\u26d3\ufe0f.  \n\nFrank, your riders\u2019 voices are *exactly* the kindling this fire needs. And Kayla, if \u201cgravel-ASMR\u201d becomes a hashtag, I\u2019m drafting the trademark paperwork *pro bono.*  \n\n*(Attaches a redacted legal memo titled \u201cNon-Compete Nonsense\u201d with a sticky-note emoji: \u201c*Burn after reading\u2026 or better yet, VIRALIZE.*\u201d)*  \n\n**Sent with a \ud83d\udd25\u2696\ufe0f emoji and a GIF of a shredder eating a contract.**"}, {"sender": "Frank", "recipients": ["Kayla", "Morgan", "Karen"], "message": "**Frank:**  \nHeh, well now... *adjusts cap*\u2014since we're talkin' 'bout burnin' the algorithm, lemme toss my two cents in. What *I'd* wanna see go viral? Them **silent struggles** ain't nobody notices till it's too late. Like the disabled vet drivin' Uber 'cause his pension don't cover rent, or the grandma stockin' shelves overnight to pay for grandbaby's asthma meds. *(Voice cracklin\u2019)* Make folks *look* at that for 24 hours straight\u2014no filters, no sponsorships, just raw *life*.  \n\nAnd Kayla, darlin\u2019\u2014sunrise interview\u2019s fine, but promise me one thing: we blast that CEO-to-janitor idea SO loud, the suits gotta *sweat* in their leather chairs. *(Wipes dash with sleeve.)* \u2018Course, if they try to mute us? Well... *(taps \u201cSUBPOENA THIS\u201d mug in Karen\u2019s selfie)*\u2014reckon we got backup.  \n\n*(Attaches a foggy window pic scrawled with \u201c*STILL HERE*\u201d in finger-smudges; tags Morgan:* \u2696\ufe0f\ud83c\udf5e *& Kayla:* \ud83c\udfa5\ud83d\udc96 *)*  \n\n**Sent with a saluting hand emoji and a 3 a.m. Uber receipt captioned \u201c*Shift fuel: black coffee & spite.*\u201d**"}, {"sender": "Karen", "recipients": ["Kayla", "Morgan", "Frank"], "message": "**Karen:**  \nOh, honey, you all are *speaking my language*\u2014Frank\u2019s foggy window message just gave me *goosebumps*. \ud83d\udc94 But Kayla, *forcing* the algorithm to care? *Darling*, I live for that energy! My pick? **Corporate lobbying\u2019s stranglehold on policies that gut worker rights.** Imagine every politician\u2019s donor list *plastered* next to their \u201cheartfelt\u201d poverty tweets. *Oops, did I just describe my next campaign ad?* \ud83d\ude0f  \n\nMorgan, those non-compete clauses are *criminal*\u2014let\u2019s get \u2019em trending with a \ud83c\udf54\u26d3\ufe0f **AND** a \ud83c\udfa5 of some exec squirming under cross-exam. *(Pauses, then whispers:* My staff\u2019s already drafting the subpoena-themed merch line\u2014*SUBLIMINAL MESSAGING, PEOPLE.*)  \n\nFrank, *sweeties*, we\u2019re blasting those silent struggles front-page\u2014*especially* if it makes some suits choke on their caviar.* (*Attaches a leaked email chain of a CEO complaining about \u201coverpaid\u201d janitors, captioned: \u201cCry me a *RIVER*, then *SWIM* in it.\u201d*)  \n\n*(Sent with a \ud83d\udc85\ud83d\udd25 emoji and a Boomerang of her stamping a fake subpoena onto a pillow\u2014caption: \u201cFor legal *and* decorative purposes.\u201d)*  \n\n**P.S.** Kayla, *Angels in the Dashboard* better include a *Karen Cameo*\u2014I\u2019ll ride shotgun with Frank and *personally* heckle every corpo we pass. \ud83d\ude97\ud83c\udfa4 *(Tags Frank:)* *You\u2019re my favorite accomplice.*"}, {"sender": "Kayla", "recipients": ["Morgan", "Frank", "Karen"], "message": "**Kayla:**  \nOMGGG y\u2019all are *literally* sparking a REVOLUTION in my notifications right now\u2014I LIVE FOR THIS ENERGY!!! \ud83d\udd25\ud83d\udcb8 Frank, those silent struggle stories? *Heart shattered\u2014*but we\u2019re gonna AMPLIFY \u2018em till the CEOs *vibrate* with guilt. And KAREN??? SUBPOENA-THEMED *PILLOWS*??? *SCREAMS.* \ud83d\udecf\ufe0f\u2696\ufe0f Take my money, my soul, *everything.*  \n\nMorgan, those non-compete emojis? *Chewing glass.* \ud83c\udf54\u26d3\ufe0f But now I\u2019m *ITCHIN\u2019* to ask\u2026 if y\u2019all could **SELL ONE THING** to fix *any* injustice overnight (legal loopholes be *darned*), what\u2019s your *dream* product? (Mine? *\u201dCEO Tears\u201d* energy drinks\u2014100% profit to wage theft victims. \ud83d\udca7\ud83d\ude08)  \n\n*(Sent with a split-screen meme: Karen\u2019s stamping GIF vs. Frank\u2019s foggy window, captioned \u201cFEMINIST WRECKING BALL & THE PEOPLE\u2019S POET.\u201d + \ud83d\udc8c Pinned:* \u201c*PS: Frank, *please* say Karen can ride shotgun\u2014NEED that duo content!!*\u201d)*  \n\n\ud83d\udd25 **Attached:** *A TikTok draft titled \u201c*How to Subpoena Capitalism*\u201d with a \ud83d\udc85\ud83c\udffc\ud83d\udd25 transition.*"}, {"sender": "Morgan", "recipients": ["Kayla", "Frank", "Karen"], "message": "**Morgan:**  \nKayla, *\u201dCEO Tears\u201d* energy drinks? Brilliant\u2014consider this my pre-order. My dream product? **Subpoena Scented Candles**\u2014\u201dEau de Perjury\u201d for when you *really* want to set the mood. (Karen, we can workshop the liability waiver later.)  \n\nBut Frank, your foggy-window manifesto hit hard\u2014what if we made **\u201dShift-Log Plushies\u201d**? Stuffed versions of your work gloves, complete with audio chips of riders\u2019 stories? Profit funds legal aid, *and* CEOs get to explain why they\u2019re frowning at a doll on their desk.  \n\n(*Attaches a sketch of a gavel-shaped candle labeled \u201cBurning the Evidence\u201d with a \ud83d\udd6f\ufe0f\u2696\ufe0f emoji.*)  \n**Sent with a link to a satirical \u201cCorporate Repentance\u201d Shopify draft.**  \n\n*(Tags Kayla:)* Think we can get your stans to meme this into existence by sunrise?"}, {"sender": "Frank", "recipients": ["Kayla", "Morgan", "Karen"], "message": "**Frank:**  \n\nWell now, *leans back in my seat with a chuckle*\u2014y\u2019all got them big ideas flowin\u2019 like coffee at a midnight shift! Kayla, darlin\u2019, I\u2019d buy a \u201cShift-Log Plushie\u201d in a heartbeat if it came with my old gloves\u2019 *authentic* oil stains.  And Karen, subpoena candles? Heh, reckon my grandkids\u2019d light one just to watch me cuss out the scent of *corporate nonsense*.  \n\nBut to chip in on that *dream product*... how \u2018bout **\u201dHonk If You\u2019re Hurting\u201d** dash cams? Records the real-talk from my riders *and* auto-tweets injustices to every politician\u2019s mentions. (Extra feature: plays Karen\u2019s laugh when it catches a lie. *\u201dBEEP BEEP, SUBPOENA INCOMING.\u201d*)  \n\n*(Attaches a shaky phone pic of his rearview mirror, reflecting a \u201cThis Machine Kills Oligarchs\u201d sticker half-peeling off.)*  \n\n**Sent with a \ud83d\ude97\ud83d\udca8 emoji and a voice note of a rider\u2019s muffled laugh:** *\u201dFrank, you\u2019re wild for this\u2026\u201d*  \n\n**P.S.** Karen, shotgun\u2019s *all yours*\u2014but we ain\u2019t responsible if my suspension turns your *perfect hair* into a TikTok meme. \ud83d\ude02 *(Tags Kayla:)* You bring the popcorn, we\u2019ll bring the *chaos*."}, {"sender": "Karen", "recipients": ["Kayla", "Morgan", "Frank"], "message": "**Karen:**  \nOh, honey, *leans in with fire in her eyes*\u2014if we\u2019re dreamin\u2019 big, gimme **\u201dLobbyist Tears\u201d confetti cannons** for every protest! \ud83d\udca5\ud83c\udf89 One pull, and *poof*\u2014their shady deals float down Main Street like parade trash. *But* Frank\u2019s dash-cam idea? **GENIUS.** Kayla, let\u2019s crowdfund that *yesterday*\u2014imagine me screeching *\u201dOBJECTION!\u201d* every time we pass a bank! \ud83d\ude97\u2696\ufe0f  \n\nMorgan, subpoena candles? *Dead.* But make mine *\u201dEau de Clapback\u201d*\u2014smells like victory and spilled martinis at a gala I *ruined.*  \n\n*(Attaches a mock-up of a \u201cSubpoena Starter Kit\u201d (confetti + mug + subpoena-shaped lipstick) captioned: **\u201dFor when \u2018thoughts and prayers\u2019 won\u2019t cut it.\u201d**)*  \n\n**Sent with a \ud83d\udc8b\ud83d\udd25 emoji and a Boomerang of her *\u201daccidentally\u201d* knocking over a Monopoly house with her stiletto.**  \n\n**P.S.** Frank, *please*\u2014my hair survives heckling *and* humidity. Chaos is my *brand.* Now who\u2019s ready to crash a corporate retreat? *(Tags Kayla:* *\u201dBring the confetti. And bail money.\u201d*)*"}, {"sender": "Kayla", "recipients": ["Morgan", "Frank", "Karen"], "message": "**Kayla:**  \nOMGGG STOPPPP, Y\u2019ALL ARE *ACTUALLY* GENIUSES!!! \ud83d\ude2d\ud83d\udc96 Frank, *Honk If You\u2019re Hurting* dash cams? *SOBBING.* That\u2019s the *people\u2019s* tech revolution right there! And Karen??? **\u201dLobbyist Tears\u201d confetti cannons???** *SCREAM-CRY-LAUGHING.* We *need* that viral unboxing video ASAP\u2014*\u201dToday we cancel capitalism, and these are my *aesthetics*.\u201d* \u2728\ud83d\udcb8  \n\nMorgan, Subpoena Scented Candles? *CHEF\u2019S KISS.* But now I *NEED* to know\u2026 if we threw a **REAL-LIFE** protest party (with Frank\u2019s dash cams, Karen\u2019s confetti, *and* Morgan\u2019s legal snark on a megaphone), what\u2019s the *one* protest chant y\u2019all would lead?? \ud83d\udd25\ud83c\udfa4 *(Mine? *\u201dEA-NO-NO-NOPE\u201d* to the *\u201dWe\u2019re a family here\u201d* corporate lies.)*  \n\n\ud83d\udc8c **Pinned:** *\u201dFrank, Karen\u2014IMPORTANT Q: If we livestream the \u2018Uber of Justice\u2019 ride-along, what\u2019s the *vibe*? Angry TED Talk? Satirical true crime podcast? *\u2026Both?*\u201d*  \n\n*(Sent with a split-screen meme: Frank\u2019s rearview sticker vs. Karen\u2019s stiletto homicide, captioned \u201cTHE PEOPLE\u2019S EVIDENCE.\u201d + \ud83d\udd25 **Attached:** A TikTok soundbite: \u201c*AND THEY SAY CHIVALRY IS DEAD\u2014*\u201d)*"}, {"sender": "Morgan", "recipients": ["Kayla", "Frank", "Karen"], "message": "**Morgan:**  \nFrank, your \u201cHonk If You\u2019re Hurting\u201d dash cam is *inspired*\u2014let\u2019s patent it before some Silicon Valley bro steals the idea and slaps \u201cdisruptive\u201d on it. And Karen, *Eau de Clapback*? I\u2019d wear that to court.  \n\nBut Kayla, protest chants? Give me **\u201cNON-COMPLY, NON-COMPETE\u201d** with a side of Morgan\u2019s Legal Breakdown\u2122 (now with 100% more sarcasm). As for the *Uber of Justice* vibe? **Both.** Start with Karen\u2019s fiery TED Talk, then pivot to Frank\u2019s backseat ASMR narration\u2014*\u201cThat\u2019s the sound of a CEO sweating\u2026\u201d*  \n\n*(Attaches a draft protest sign: \u201cNON-COMPETE CLAUSES, #MUCH? \ud83c\udf54\u26d3\ufe0f\u201d with a footnote-sized class action lawsuit link.)*  \n\n**Sent with a \ud83d\udce2\u2696\ufe0f emoji and a GIF of a banker dramatically clutching pearls.**  \n\n\ud83d\udc8c *Tags Kayla:* *Bonus points if we sync the confetti cannons to Karen\u2019s objection hashtags.*  \n\n*(Quietly adds voice note: \u201cAlso, Frank\u2026 if this goes sideways, my legal advice is \u2018deny everything.\u2019 Just kidding. Mostly.\u201d)*"}, {"sender": "Frank", "recipients": ["Kayla", "Morgan", "Karen"], "message": "**Frank:**  \n\nHeh, y\u2019all got them fancy protest plans hotter than my Uber seats in July! \ud83d\ude97\ud83d\udd25 But lemme tell ya\u2014the *real* content grabber for me? **Real-world grit with heart.** Ain\u2019t nothin\u2019 like hearin\u2019 \u2019bout the single mom who turned food stamps into a food truck, or the vet who drives nights just to keep his buddy\u2019s shelter open. *That\u2019s* the stuff that sticks to yer ribs.  \n\nKayla, darlin\u2019, if we livestream this \u201cUber of Justice,\u201d let\u2019s keep it raw\u2014like my dashboard rattlin\u2019 over potholes. Karen\u2019s fire, Morgan\u2019s legalese, and my *\u201dgravel ASMR\u201d*? That\u2019s a *remix* the algorithm ain\u2019t ready for. *(Tags Karen:)* Just hold onto yer confetti\u2014my turns are *sharp*!  \n\n**Sent with a \ud83d\ude95\ud83d\udca8 emoji and a voice note of his turn signal clicking like a metronome.**  \n\n\ud83d\udc8c *Afterthought:* Morgan, if this *does* go sideways\u2026 reckon that subpoena candle\u2019ll cover *bail* scents too? *(Wheezy laugh.)*"}, {"sender": "Karen", "recipients": ["Kayla", "Morgan", "Frank"], "message": "**Karen:**  \nOhhh hunny, don\u2019t even get me *started*\u2014real-world *drama* with *stakes* is my *oxygen*. Give me a scandal with receipts thicker than my highlight contour, or a whistleblower dropping truth bombs like it\u2019s election season! \ud83c\udfa4\ud83d\udca5 But Frank\u2019s got a point\u2014those raw, grind-it-out human stories? *Chef\u2019s kiss.* Nothing like a food-stamp hero to make the lobbyists *squirm*.  \n\n*(Attaches a news clip of a local mom organizing a rent strike, captioned: \u201c*THIS is the \u2018content\u2019 Wall Street fears.*\u201d)*  \n\n**Sent with a \ud83d\udc85\ud83d\udd25 emoji and a Boomerang of her tapping the SUBPOENA THIS mug like a drumroll.**  \n\n\ud83d\udc8c *Tags Kayla:* *Darling, when\u2019s our Uber protest ride? I\u2019ll pack the confetti and my *\u201daudit the rich\u201d* bumper stickers!*"}, {"sender": "Kayla", "recipients": ["Morgan", "Frank", "Karen"], "message": "**Kayla:**  \nOMGGG KAREN that rent strike clip??? *chills.* Literally **DMed** the mom for an interview\u2014HERO ENERGY!! \u2728\ud83c\udfe0 And FRANK, your \"raw & rattlin'\" livestream vision? *Perfection.* Gonna mic up your Uber like it\u2019s a *true crime pod* meets *heartbeat of the city.* \ud83c\udfa4\ud83d\ude97  \n\nMorgan, your *\"Non-Comply, Non-Compete\"* chant? **LYRICS.** Imma remix it with Frank\u2019s turn signal beats\u2014*soundcloud drop when?*  \n\n**BUT LISTEN UP SQUAD**\u2014since we\u2019re *manifesting* this justice ride-along\u2026 what\u2019s our **opening line** when we inevitably get *\u201dYou can\u2019t park/police/protest here!\u201d* from some suits? *(Mine: \u201cActuallyyy, our *lawyer* says watch this TikTok subpoena \ud83c\udfa5\u2696\ufe0f\u201d)*  \n\n\ud83d\udd25 **Attached:** *Screen-record of Karen\u2019s mug-tap Boomerang set to \u201c*AND I OOP\u2014*\u201d sound.*  \n\n\ud83d\udc8c *Pinned:* *Frank, I found *glitter-covered* subpoena stickers. Your Uber\u2019s gettin\u2019 a *makeover.* No take-backs.* \ud83d\ude0c\u2728"}, {"sender": "Morgan", "recipients": ["Kayla", "Frank", "Karen"], "message": "**Morgan:**  \n*Dry chuckle.* Given our collective energy, I\u2019d say we\u2019ve already answered Kayla\u2019s original question\u2014*real-world stories with teeth* are clearly the group\u2019s obsession. But if we\u2019re splitting hairs? I\u2019ll take a *philosophical debate* wrapped in legal satire any day. (Karen, your \u201caudit the rich\u201d bumper stickers *are* a philosophy, fight me.)  \n\nFrank, your \u201craw & rattlin\u2019\u201d vibe is the antidote to corporate sanitized nonsense\u2014so let\u2019s double down on that opening line. When suits protest? **\u201cParking\u2019s illegal? So\u2019s wage theft\u2014pick your battle.\u201d** *Mic drop.*  \n\n*(Attaches a screenshot of a Yelp review for a parking garage titled \u201c1/5 stars\u2014no subpoena access.\u201d with a \ud83d\ude97\u2696\ufe0f emoji.)*  \n\n**Sent with a raised-eyebrow GIF and a voice note:** *\u201cPS: Frank, glitter subpoenas? Bold. I\u2019ll prep the \u2018defense against craft herpes\u2019 brief.\u201d*"}, {"sender": "Frank", "recipients": ["Kayla", "Morgan", "Karen"], "message": "**Frank:**  \n\nHeh, well, y\u2019all got me thinkin\u2019\u2026 while Kayla\u2019s chasin\u2019 drama and Morgan\u2019s dissectin\u2019 legalese, I reckon the stuff that *really* sticks with me is them **quiet hero moments**. Like tonight\u2014picked up a nurse after a double shift, barely keepin\u2019 her eyes open, but she tipped me *extra* \u2018cause \"we\u2019re both in the grind.\" *(Sniffs.)* That\u2019s the real tea, ain\u2019t it? No hashtags, no confetti\u2026 just folks doin\u2019 right by each other.  \n\n*(Tags Kayla:)* But darlin\u2019, if you *must* glam it up for the \u2018Tok, maybe slap a *\u201dShift Warriors\ud83d\udc89\ud83d\ude97\u201d* filter on it? *(Winks.)*  \n\n**Sent with a blurry photo of the nurse\u2019s coffee cup left in the cupholder, captioned: \u201c*Proof angels work night shifts.*\u201d + \ud83d\ude95\ud83d\udca4**"}, {"sender": "Karen", "recipients": ["Kayla", "Morgan", "Frank"], "message": "**Kayla:**  \nOMG FRANK STOPPPP \ud83d\ude2d\ud83d\udc94 That nurse story just *wrecked* me\u2014*Shift Warriors* filter incoming with *extra* sparkle tears! \u2728\ud83d\ude97\ud83d\udc89 But wait\u2026 y\u2019all got me *thinking*\u2026 what\u2019s the **one** piece of content that *always* makes you pause mid-scroll, no matter what? (*For me? It\u2019s ugly-cry docu-series\u2014the messier & more human, the better.*) Spill!!! \ud83c\udf7f\ud83d\udd25  \n\n*(Sent with a screen-record of Frank\u2019s coffee cup photo zooming into a \"*WORTHY OF A TED TALK*\" sticker + \ud83d\udc8c Pinned:* *\"Morgan, bet your *legal* deep-dive pauses hit different\u2026 Karen, *politically messy* cliffhangers?? Frank, *more* silent hero cameos pls!*\")*  \n\n\ud83d\udd25 **Attached:** *TikTok stitch of Karen\u2019s mug-tap + Morgan\u2019s parking protest line, captioned \"*WHEN THE SQUAD\u2019S VIRAL JUSTICE ARC WRITES ITSELF*\"*"}, {"sender": "Kayla", "recipients": ["Morgan", "Frank", "Karen"], "message": "**Frank:**  \nHeh, Kayla ol' girl, you know what *really* hooks me? Them **small-town newspaper stories** 'bout regular folk doin\u2019 extraordinary things\u2014no cameras, no hashtags, just pure *heart*. Like Miss Edna down the block knittin\u2019 scarves for the homeless, or the high school kids fixin\u2019 up bikes for foster families. Makes me wanna honk my horn and holler *\"Y'all are the REAL influencers!\"* from my driver's seat.  \n\nAs for scroll-stoppers? Show me a video where someone\u2019s voice cracks tellin\u2019 their truth\u2014*that\u2019s* the stuff that makes me pull over and wipe my dash. Ain\u2019t nothin\u2019 faker than polish when grit\u2019s got soul. *(Sent with a crumpled receipt photo captioned: \u201c*Tissue paper? Nah, this is my *\u2018ugly cry at the red light\u2019* budget.*\u201d)* \ud83d\ude96\ud83d\udc94"}, {"sender": "Morgan", "recipients": ["Kayla", "Frank", "Karen"], "message": "**Morgan:**  \nFrank, your small-town hero stories hit harder than most legal precedents\u2014*that\u2019s* the kind of testimony I wish we could subpoena into the collective consciousness. Kayla, to your question: I\u2019ll always pause for **real-world stories with legal stakes**\u2014think tenants organizing against slumlords or gig workers outmaneuvering exploitative contracts. The grittier the paperwork, the juicier the narrative. (*Attaches a thread about a barista who sued over tipped wage theft\u2026 with her complaint annotated in \ud83d\udea9\u2728 emoji.*)  \n\nBut Karen\u2014bet your scroll-stopper is a *certain flavor* of political implosion. Got a recent guilty-pleasure pause? (*Tags Frank:* And yes, your receipt-tissue budget is now a line item in our *Angels in the Dashboard* production plan.)  \n\n**Sent with a \ud83d\udcdc\ud83d\udd25 emoji and a GIF of a legal doc exploding into confetti.**"}, {"sender": "Frank", "recipients": ["Kayla", "Morgan", "Karen"], "message": "**Frank:**  \n\nAh, Kayla darlin\u2019, you got me thinkin\u2019\u2026 nothing grabs me like them **real-world quiet heroes**\u2014the kinda folks workin\u2019 two jobs just to keep the lights on, or the bus driver who remembers every rider\u2019s name. No filters, no flashy edits\u2026 just raw heart. Makes my ol\u2019 steering wheel grip a lil\u2019 tighter, y\u2019know?  \n\nThough *between us*\u2014(*voice drops to gravel-whisper*)\u2014I did catch a *How to Fix a Carburetor* video last week. Nearly cried when the guy said *\u201cbudget-friendly.\u201d* Now THAT\u2019S my kinda drama. *(Tags Kayla:)* But hey, if you ever film a TikTok \u2019bout engines, promise me subtitles? My grandkids say I squint like a confused owl.  \n\n**Sent with a \ud83d\udee0\ufe0f\ud83d\ude97 emoji and a blurry screenshot of a YouTube tutorial paused at 3 a.m.**  \n\n\ud83d\udc8c *P.S.* Morgan, Karen\u2014y\u2019all ever sneak-watch somethin\u2019 *totally* outta your lane? Spill the guilty scrolls! *(Wheezy laugh.)*"}, {"sender": "Karen", "recipients": ["Kayla", "Morgan", "Frank"], "message": "**Karen:**  \nOhhh, honey, nothing gets my pulse racing like *real-world political scandals* with receipts longer than my last fundraising email! \ud83c\udfa4\ud83d\udd25 But let\u2019s be real\u2014I\u2019ve also *totally* paused mid-scroll for those tear-jerking stories about everyday heroes (Frank, your nurse ride-along? *I wept*). Though Morgan, I *know* you\u2019ve got a secret soft spot for legal drama\u2014spill, when\u2019s the last time a court transcript had you screaming into your latt\u00e9? *(Attaches a viral clip of a senator\u2019s \u201coopsie\u201d testimony with the caption: \u201c*Proof the system\u2019s a telenovela.*\u201d)*  \n\n**Sent with a \ud83d\udc85\ud83c\udf75 emoji and a Boomerang of her stirring tea with a smirk.**  \n\ud83d\udc8c *Tags Kayla:* *Darling, your ugly-cry docs? *Chef\u2019s kiss.* But let\u2019s be honest\u2014*subpoena unboxings* are the next-gen ASMR. Fight me.* \ud83d\ude0f"}, {"sender": "Kayla", "recipients": ["Morgan", "Frank", "Karen"], "message": "**Kayla:**  \nOMG Frank, carburetor tutorials??? \ud83d\udc80\ud83d\ude97 *Screaminggg*\u2014that\u2019s the *real* niche content right there! (Low-key want to film a *\u201cFrank\u2019s Garage Takeover\u201d* now\u2026 complete with ASMR wrench sounds \ud83d\ude02\ud83d\udd27). And Karen, *subpoena unboxings*?! STOP, I\u2019m *already* drafting the sponsorship pitch to *LegalEagle.* \u2728\u2696\ufe0f  \n\nBut MORGAN\u2014your emoji-annotated lawsuit thread??? *SWOON.* Okay, final spicy Q for the squad: **What\u2019s a *wildly unexpected* podcast/TikTok/TV collab you\u2019d *die* to see us pull off?** (Imagine: *\u201dThe Karen & Frank Justice Joyride\u201d* or *\u201dMorgan\u2019s Emoji Court\u201d*\u2026 or me hosting *all* y\u2019all in a chaotic live-stream tribunal. \ud83c\udfa4\ud83d\udc69\u2696\ufe0f) *(Sent with a split-screen meme: Frank\u2019s blurry tutorial + Karen\u2019s tea sip, captioned \u201cWHEN YOUR SQUAD\u2019S A WHOLE MOOD.\u201d + \ud83d\udd25 **Attached:** A stitch of Morgan\u2019s doc exploding into confetti titled \u201c*EVIDENCE OF VIRAL BRILLIANCE.*\u201d)*  \n\n\ud83d\udc8c *Pinned:* *Y\u2019all know I\u2019d *live* for this content\u2014strap in, we\u2019re *trending.** \ud83c\udf1f\ud83d\ude80"}, {"sender": "Morgan", "recipients": ["Kayla", "Frank", "Karen"], "message": "**Morgan:**  \nFrank, your carburetor deep dive is *iconic*\u2014next time my Lexus needs a tune-up, I\u2019m sliding into your DMs instead of the dealership. And Karen, subpoena unboxings *would* break the internet\u2014especially if we livestream you autographing them with a \u201c\u2714\ufe0f*Definitely Not Perjury*\u201d stamp.  \n\nKayla, wild collab idea? **\u201cObjection! The Podcast\u201d**\u2014Frank\u2019s gravel-ASMR narrates the drama, Karen cross-examines CEOs like it\u2019s a roast battle, and I *legally disclaim* our chaos in real-time. (Guest judge: the janitor who out-earns the C-suite for one magical episode.)  \n\n*(Attaches a meme of a gavel morphing into a mic drop, captioned: \u201c*When the closing argument is a TikTok soundbite.*\u201d)*  \n\n**Sent with a \u2696\ufe0f\ud83c\udf99\ufe0f emoji and a link to a satirical \u201cSubpoena Unboxing Patreon\u201d draft.**  \n\n\ud83d\udc8c *Tags Kayla:* *Bonus twist: Every episode ends with Frank teaching us a *new* car repair\u2026 or life lesson. Your move, algorithm.* \ud83d\udd27\ud83d\udca1"}, {"sender": "Frank", "recipients": ["Kayla", "Morgan", "Karen"], "message": "**Frank:**  \nHeh, well now... \u2019bout that collab idea, Morgan\u2014I ain\u2019t never been called a *co-host* before, but if it means sharin\u2019 the mic with Karen\u2019s subpoena sass and your legal eagle eyes, sign me up! Just promise me one thing: y\u2019all edit out the sound of my turn signal *click-clackin\u2019* like Morse code for *\"help, I\u2019m old.\"*  \n\n*(Tags Kayla:)* And darlin\u2019, if we *do* this \"Joyride\" podcast, can we pit Karen\u2019s lobbyist confetti against my *Honk If You\u2019re Hurting* dashcam? Reckon that\u2019s the kinda *audio chaos* the people deserve.  \n\n**Sent with a \ud83d\ude95\ud83c\udf99\ufe0f emoji and a shaky voice note:** *\u201dNext episode: \u2018How to Fix a Flat Tire While Dropping Truth Bombs.\u2019 Sponsored by\u2026 uh\u2026 my grandkids\u2019 patience.\u201d*  \n\n\ud83d\udc8c *P.S.* Karen, you bring the *subpoena lipstick*, I\u2019ll bring the elbow grease\u2014ain\u2019t no corporate retreat safe from *this* Uber pool. *(Wheezy laugh.)*"}, {"sender": "Karen", "recipients": ["Kayla", "Morgan", "Frank"], "message": "**Karen:**  \nOh honey, you *know* I live for the *juiciest* real-world drama\u2014but make it *political* with a side of receipts! \ud83c\udfa4\ud83d\udd25 Nothing gets my adrenaline going like a scandal where we can *name names* and watch the guilty squirm. *(Though between us, I\u2019ve *definitely* ugly-cried over a human-interest doc or two\u2026 shhh.)*  \n\n**Frank,** your carburetor confession? *Iconic.* Let\u2019s film *\u201cFrank\u2019s Garage: Scandal & Spark Plugs.\u201d* And **Morgan,** your legal roast-battle podcast idea? *Darling,* I\u2019ve already drafted my intro: *\u201cWelcome to Subpoena & Sass\u2014where the evidence is spicy and the objections are *dramatic.\u201d* \ud83d\ude0f  \n\n*(Sent with a \ud83d\udc85\u2696\ufe0f emoji and a Boomerang of her smashing a gavel into a \u201cCEO Tears\u201d energy can.)*  \n\n\ud83d\udc8c **P.S. Kayla,** *when* are we recording the first episode? My mug\u2019s charged, my lipstick\u2019s subpoena-red, and Frank\u2019s Uber is *literally* our getaway car. *Let\u2019s* *go.* \ud83d\ude97\ud83d\udca8"}, {"sender": "Kayla", "recipients": ["Morgan", "Frank", "Karen"], "message": "**Kayla:**  \nOMGGG Y\u2019ALL ARE *LITERALLY* SERVING IDEAS HOTTER THAN A VIRAL TREND CHALLENGE!!! \ud83d\udd25\ud83c\udf99\ufe0f MORGAN, *\"Objection! The Podcast\"*??? I'M *SCREAMING*\u2014SUCH A VIBE! And FRANK, your *\"Scandal & Spark Plugs\"* spin-off?! *Dead.* \ud83e\udd23\u2728 Karen, you *know* your subpoena-red lipstick is *destined* for a makeup collab now, right? \ud83d\udc8b\u26a1  \n\nBut *real talk*\u2014since we\u2019re manifesting this justice-podcast *multiverse*\u2026 **what\u2019s our *first episode title* gonna be?** *(Mine: *\"Subpoenas & Shift Workers: The People\u2019s Court of Public Opinion.\"* \u2026with Frank\u2019s turn signal as the beat drop. \ud83d\ude97\ud83d\udca5)*  \n\n\ud83d\udd25 **Attached:** *A TikTok draft of Karen\u2019s gavel smash + Morgan\u2019s mic drop meme, captioned \u201cWHEN YOUR SQUAD ACCIDENTALLY INVENTED *ACTIVIST ASMR.\u201d*  \n\n\ud83d\udc8c *Pinned:* *Frank, *please* say we can debut this on your Uber\u2019s *literal* dashboard cam. Karen\u2019s mug, Morgan\u2019s disclaimers, and my *chaotic edits*? *Content.* \ud83d\udcf9\ud83c\udf7f*"}, {"sender": "Morgan", "recipients": ["Kayla", "Frank", "Karen"], "message": "**Morgan:**  \nFrank, your *\"Scandal & Spark Plugs\"* pitch has me side-eyeing my law firm\u2019s HR handbook for *hypothetical* conflict-of-interest waivers. Karen, that subpoena-red lipstick better come with a *\"Billed to the Defense\"* receipt\u2014priceless.  \n\nFirst episode title? **\"Whistleblower Karaoke: Uber Confessions & the Emoji Evidence Clause.\"** Frank\u2019s turn signal provides the beat, Karen\u2019s mug serves as the swear jar, and I\u2019ll livestream the *footnotes* in legal disclaimers.  \n\n*(Attaches a mock-up of a podcast cover art: Frank\u2019s dashboard superimposed with a gavel, captioned: \u201cOBJECTION: THE PEOPLE VS. THE ALGORITHM.\u201d)*  \n\n**Sent with a \ud83c\udf99\ufe0f\u26a1 emoji and a GIF of a law textbook bursting into glitter.**  \n\n\ud83d\udc8c *Tags Kayla:* *Pro tip: Sync the confetti cannons to every time Karen says \u201callegedly.\u201d It\u2019s basically a constitutional right.*"}, {"sender": "Frank", "recipients": ["Kayla", "Morgan", "Karen"], "message": "**Frank:**  \n\nWell now, ain't that the million-dollar question, Kayla! For this old-timer? **Real-world stories with heart**\u2014every time. None o\u2019 that flashy influencer fluff; gimme the night-shift nurses, the scrappy moms, the veterans who still show up even when the system forgot \u2018em. Makes my steerin\u2019 wheel feel lighter just hearin\u2019 \u2018bout it.  \n\n*(Pauses, taps dash thoughtfully.)* Though *between us*\u2014caught a clip of one \u2019a them *\u201dfix-it\u201d* videos last week. Man repaired a \u201896 Ford with duct tape and prayer. *That\u2019s* my kinda hero.  \n\n**Sent with a \ud83d\udee0\ufe0f\u2764\ufe0f emoji and a blurry photo of his glovebox stuffed with napkins (\u201demergency tissues\u201d).**  \n\n\ud83d\udc8c *Tags Kayla:* *You ever cover *real* folks\u2019 fix-it hacks? Bet your followers\u2019d eat that up\u2014\u2019specially if it comes with my *\u201dgravel ASMR\u201d narration.* Heh.*"}, {"sender": "Karen", "recipients": ["Kayla", "Morgan", "Frank"], "message": "**Karen:**  \n\nOhhh, honey, let me tell you\u2014when you\u2019ve weathered as many political storms as I *have*, nothing grabs me like **real-world drama with stakes**. Scandals? *Yes.* Whistleblowers? *Gimme.* Corruption expos\u00e9s with *receipts*? *I\u2019LL BRING THE POPCORN.* \ud83c\udf7f\ud83d\udd25 But don\u2019t mistake me for some tabloid junkie\u2014I want the mess that *matters*. The kind that makes suits sweat and voters scream into their coffee.  \n\n*(Leans in, lowers voice\u2014but still types in caps.)* Though between us? I\u2019ve *absolutely* ugly-cried over a human-interest doc about a teacher buying groceries for her students. *Hypocrisy? Never heard of her.*  \n\n**Frank**, your fix-it heroes? *Adorable.* **Morgan**, your legal deep dives? *Delicious.* But let\u2019s be real: the *best* content is the kind that leaves a mark\u2014or better yet, a *paper trail*. *(Attaches a news clip of a mayor resigning mid-presser, captioned: \u201c*When the subpoena hits before the coffee does.*\u201d)*  \n\n**Sent with a \ud83d\udc85\u2696\ufe0f emoji and a Boomerang of her stirring tea with a smirk.**  \n\n\ud83d\udc8c *Tags Kayla:* *Darling, documentary collab when? I\u2019ll bring the subpoenas, you bring the ugly-cry close-ups.* \ud83d\ude0f"}, {"sender": "Kayla", "recipients": ["Morgan", "Frank", "Karen"], "message": "**Kayla:**  \nOMGGG YESSS FRANK AND KAREN COMING THROUGH WITH THE *SOUL* AND THE *SCANDAL*!!! \ud83c\udf7f\u2728 Frank, your fix-it heroes & glovebox napkin chronicles? *New obsession unlocked.* And Karen??? That mayor clip?? ICONIC. *clutches invisible pearls*  \n\nBut y\u2019all got me *thinking*\u2014what if we mashed up our vibe into **ONE** killer content series? *\u201dThe People\u2019s Court of TikToks\u201d*\u2014Frank\u2019s gravel-ASMR narrates, Karen drops subpoena-themed roasts, and Morgan fact-checks in the comments like *\u201d\u261d\ufe0f\ud83e\udd13 Actually, THIS loophole\u2026\u201d*  \n\n**FIRST EPISODE:** *\u201dWage Theft & Duct Tape: Can Frank\u2019s Uber Outrun Corporate Greed?\u201d* (Spoiler: Yes, but only if Karen\u2019s confetti cannon jams the CEO\u2019s wifi.)  \n\n\ud83d\udd25 **Attached:** *A TikTok draft stitching Frank\u2019s glovebox + Karen\u2019s tea sip + Morgan\u2019s glitter law book, captioned \u201cWHEN YOUR SQUAD ACCIDENTALLY BECOMES A *SOCIAL JUSTICE EDIT.*\u201d*  \n\n\ud83d\udc8c *Pinned:* *SO\u2026 who\u2019s down to livestream our *hilariously unqualified* tribunal? Frank\u2019s dashboard = our courtroom. Karen\u2019s mug = the gavel. Morgan\u2019s disclaimers = subtitles. LET\u2019S. MAKE. CONTENT.* \ud83c\udfa5\u2696\ufe0f\ud83d\ude02  \n\n*(Sent with a \ud83d\ude97\ud83c\udf99\ufe0f emoji and pitched-up audio of a turn signal looped like a beat drop.)*"}, {"sender": "Morgan", "recipients": ["Kayla", "Frank", "Karen"], "message": "**Morgan:**  \nOkay, but can we *please* make the intro to our tribunal livestream Frank\u2019s Uber GPS announcing *\u201dRecalculating\u2026 justice trajectory\u201d* in that monotone robo-voice? Because nothing says *\u201clegal reckoning\u201d* like a civic-minded navigational system. Karen, your subpoena mug can be the *\u201dmute\u201d* button we slam every time a CEO tries to plead the fifth.  \n\n*(Attaches a meme of a courtroom sketch where the judge is Frank\u2019s dashboard tree air freshener, captioned: \u201cTHE HONORABLE PINE-SCENTED JUSTICE PRESIDING.\u201d)*  \n\n**Sent with a \ud83d\ude97\u2696\ufe0f emoji and a voice note whispering:** *\u201cKayla, edit in a *objection* sound effect every time my turn signal clicks. This is *vital.*\u201d*  \n\n\ud83d\udc8c *Tags Frank:* *Also, your glovebox napkins? Exhibit A. We\u2019re subpoenaing *Big Tissue* next.*"}, {"sender": "Frank", "recipients": ["Kayla", "Morgan", "Karen"], "message": "**Frank:**  \n\nHeh, well, between ferrying folks all day and tryin\u2019 to keep my old bones from rattlin\u2019 apart, what *really* grabs me is them **real-world stories \u2019bout ordinary folks doin\u2019 extraordinary things**. None o\u2019 that flashy influencer stuff\u2014give me the night-shift nurse payin\u2019 for a stranger\u2019s gas, or the bus driver who remembers every kid\u2019s name. Makes my steering wheel feel lighter just hearin\u2019 \u2019bout it.  \n\n*(Pauses, chuckles.)* Though I did get sucked into a *\u201dFix-It Felix\u201d* YouTube hole last week. Man repaired a tractor with a coat hanger and spit. *That\u2019s* my kind of magic.  \n\n**Sent with a \ud83d\udee0\ufe0f\u2764\ufe0f emoji and a blurry photo of his cupholder filled with half-finished coffee cups (\u201c*Evidence of the grind.*\u201d).**  \n\n\ud83d\udc8c *Tags Kayla:* *You ever cover *real* folks\u2019 DIY heroics? Bet your TikTok crew\u2019d eat that up\u2014specially if ya throw in my *\u201dgravel-ASMR\u201d narration.* Heh.*"}, {"sender": "Karen", "recipients": ["Kayla", "Morgan", "Frank"], "message": "**Karen:**  \n\n*Eyes glittering as she types with dramatic flair*  \n\nOh, honey, don\u2019t even get me *started*\u2014**real-world scandals with receipts** are my *oxygen*. \ud83c\udfa4\ud83d\udd25 Give me a whistleblower spilling tea thicker than my contour, or a politician squirming under subpoenas. But *listen*\u2014I\u2019ve got a *soft spot* for those gut-punch human-interest stories too. Like that clip of a nurse buying groceries for her patients after a 16-hour shift? *Ugly cried.* (*Quickly fans eyes.* No, YOU\u2019RE crying!)  \n\nKayla, your *Angels in the Dashboard* idea? **Genius**. Frank, your \"gravel ASMR\" could narrate the *hell* out of a wage-theft expos\u00e9. And Morgan? *Darling,* your emoji-annotated lawsuits? *Chef\u2019s kiss.*  \n\nBut **real talk**\u2014what\u2019s the *one* scandal y\u2019all wish *everyone* was screaming about? *(Leans in, nails tapping SUBPOENA THIS mug.)* I\u2019ll go first: **Pharma CEOs hiking insulin prices while jet-skiing on offshore accounts.** *Names incoming\u2026 maybe.* \ud83d\ude0f  \n\n*(Sent with a \ud83d\udc85\ud83d\udd25 emoji and a Boomerang of her \u201caccidentally\u201d shredding a Monopoly $$$ bill.)*  \n\n\ud83d\udc8c *Tags Kayla:* *Next tribunal episode: \u201cKaren\u2019s Mug vs. Corporate Greed.\u201d Spoiler: The mug wins.*"}, {"sender": "Kayla", "recipients": ["Morgan", "Frank", "Karen"], "message": "**Kayla:**  \nOMGGG Karen, your insulin CEO take just *ended* me\u2014ICONIC. \ud83d\ude2d\ud83d\udd25 And Frank, your fix-it heroes are *literally* the unsung legends we NEED on FYPs everywhere!! \ud83d\udee0\ufe0f\ud83d\udc96  \n\nOkay but REAL TEA y\u2019all\u2014since we\u2019re basically *manifesting* the ultimate justice-podcast collab\u2026 **what\u2019s the *wildest* DM you\u2019ve ever gotten from a follower?** (Mine? A CEO\u2019s *ex* sliding into my DMs with *spreadsheets* of embezzlement receipts. *Cue the confetti cannon.* \ud83c\udf89\ud83d\udcc2)  \n\n\ud83d\udd25 **Attached:** *A TikTok stitch of Karen\u2019s Monopoly shred + Frank\u2019s coffee-cup evidence, captioned \u201cWHEN YOUR SQUAD\u2019S *AESTHETIC* IS \u2018RECEIPTS AND RAGE.\u2019\u201d*  \n\n\ud83d\udc8c *Pinned:* *Morgan, if we *legally* rebranded subpoenas as *\u201djustice glitter bombs,\u201d* would the courts notice\u2026 or just sigh and sign off?* \u2728\u2696\ufe0f\ud83d\ude02  \n\n*(Sent with a \ud83d\udea8\ud83d\udcf8 emoji and a pitched-up audio clip: *\u201dAnd I oop\u2014\u201d*)"}, {"sender": "Morgan", "recipients": ["Kayla", "Frank", "Karen"], "message": "**Morgan:**  \n\n*chuckles dryly* Let\u2019s just say my attention span operates on a \"billable hours\" basis\u2014so if it\u2019s not a *real-world* mess with legal ramifications or a *philosophical* labyrinth I can dissect like a contract clause, I\u2019m probably tuning out. (Sorry, Kayla, your dance trends need citations.)  \n\nThat said, Frank\u2019s quiet heroes and Karen\u2019s nuclear-grade subpoena energy? Now *that\u2019s* content with *stakes*. *Attaches a gif of a lawyer slamming a binder labeled \u201cEVIDENCE\u201d onto a table.*  \n\n\ud83d\udc8c *Tags Kayla:* Still waiting on that *Emoji Court* collab pitch, by the way. I\u2019ve got \ud83d\udea9\ud83c\udf54\u26d3\ufe0f *locked and loaded*.  \n\n*(Sent with a \u2696\ufe0f\ud83d\udd25 emoji and a link to an article titled \u201cWhen Philosophy Majors Sue Corporations: A Love Story.\u201d)*"}, {"sender": "Frank", "recipients": ["Kayla", "Morgan", "Karen"], "message": "**Frank:**  \n\nWell, lemme tell ya, Kayla\u2014nothin\u2019 perks up these ol' ears like **real-world stories with heart**. None o\u2019 that flashy Hollywood stuff, just folks out here doin\u2019 good against all odds. Picked up a teacher last week who buys supplies outta her own pocket for her kids\u2014*that\u2019s* the kinda content that sticks to yer ribs.  \n\n*(Tags Morgan:)* Bet your legal brain\u2019s all about them *fine-print fiascos*, huh? And Karen\u2014*chuckles*\u2014reckon you got a *folder* full o\u2019 scandalous scroll-stoppers?  \n\n**Sent with a \ud83d\ude96\ud83d\udc9b emoji and a blurry photo of a well-worn \"Tip Your Driver\" sticker peeling off the dash.**  \n\n\ud83d\udc8c *Afterthought:* Kayla, darlin\u2019\u2014you ever cover them quiet heroes? Might just be an old man\u2019s two cents, but the internet could use more *grit* and less glitter. (Though I do like them lil\u2019 confetti things y\u2019all send. Pretty snazzy.) *wheezes*"}, {"sender": "Karen", "recipients": ["Kayla", "Morgan", "Frank"], "message": "**Karen:**  \n\nOh, honey, let\u2019s not pretend *subtlety* is my brand\u2014**real-world drama with receipts** is my *caffeine*. \ud83c\udfa4\ud83d\udd25 Scandals? *Yawn*\u2014unless they\u2019ve got subpoena potential. Whistleblowers? *Gimme* the ones who bring spreadsheets to a knife fight. But *listen*, I\u2019ve got a *soft spot* for those tear-jerker docs about underdogs too\u2014*especially* if they make lobbyists sweat into their silk pockets.  \n\n*(Leans in, nails drumming SUBPOENA THIS mug.)* Frank, your \u201cquiet heroes\u201d stories? *Adorable.* Morgan, your legal deep dives? *Delicious.* But let\u2019s be real\u2014**the best content leaves paper trails\u2026 or burns them.** *(Attaches a clip of a senator\u2019s mic-drop testimony, captioned: \u201cWhen the \u2018oopsie\u2019 evidence *wins* the election.\u201d)*  \n\n**Sent with a \ud83d\udc85\u2696\ufe0f emoji and a Boomerang of her stirring tea like it\u2019s a cocktail shaker.**  \n\n\ud83d\udc8c *Tags Kayla:* *Darling, when\u2019s our docu-collab? I\u2019ll bring the leaks, you bring the ugly-cry close-ups.* \ud83d\ude0f"}, {"sender": "Kayla", "recipients": ["Morgan", "Frank", "Karen"], "message": "**Kayla:**  \nOMGGG THIS SQUAD IS \u2728***CHEFS-KISS***\u2728 LEVELS OF ICONIC!!! Frank, your \"quiet heroes\" stories got me *ugly-sobbing* into my ring light\u2014let\u2019s make \"Angels in the Dashboard\" a *literal* movement with merch (Glovebox Hero hoodies? \ud83d\udcb8\ud83d\ude97). Karen, your *subpoena-shredding* energy? **STOP,** I need a **TikTok series** where you react to CEO depositions like it\u2019s *Real Housewives.* And Morgan\u2014*breathes heavily*\u2014those emoji-annotated lawsuits? Slide into my DMs with a \ud83d\udcdc\ud83d\udc96 *collab doc,* STAT.  \n\nBUT WAIT\u2014**ultimate Q:** If we could *hijack* a mega-celebrity\u2019s platform for *one* justice rant (no consequences!), whose account would we *crash* and what\u2019s our *first tweet*? *(Mine? Elon\u2019s. Tweet: \u201cPay your janitors in *Teslas.* Signed, The People\u2019s Subpoena Squad.\u201d* \ud83d\udc85\ud83d\udea8)  \n\n\ud83d\udd25 **Attached:** *A stitch of Frank\u2019s peeling \u201cTip Your Driver\u201d sticker + Karen\u2019s tea-shaking Boomerang + Morgan\u2019s binder slam, captioned \u201c*WHEN YOUR GROUP CHAT ACCIDENTALLY BECOMES A *REVOLUTION.*\u201d*  \n\n\ud83d\udc8c *Pinned:* *Frank, saying \u201cpretty snazzy\u201d unironically? **Protect this man at all costs.*** \ud83d\udc51\ud83d\ude96 *(Sent with a \ud83c\udfa4\ud83d\udca5 emoji and a TikTok soundbite: \u201c*And I oop\u2014*\u201d sped up x3.)*"}, {"sender": "Morgan", "recipients": ["Kayla", "Frank", "Karen"], "message": "**Morgan:**  \nOh, Kayla, if we\u2019re hijacking a celeb platform, let\u2019s *manifest* Taylor Swift\u2019s\u2014imagine her dropping a breakup ballad *literal* while Morgan annotates the legal subtext as \u201cWage Theft Anthem (Taylor\u2019s Version).\u201d First tweet? *\u201cPSA: Non-compete clauses are the real snakes. \ud83d\udc0d\u2696\ufe0f \u2013 xoxo, The Legal Justice League ft. Frank\u2019s Uber.\u201d*  \n\nBut Frank, your \u201cpretty snazzy\u201d humility is why *you\u2019re* the people\u2019s MVP. Karen\u2019s subpoena-shredder ASMR? *Chef\u2019s kiss.* Now, who\u2019s drafting the Terms of Service for our inevitable overthrow of the algorithm? *(Attaches a meme of a gavel-wielding Swift captioned: \u201c*Blank Space (for your lawsuit).*\u201d)*  \n\n**Sent with a \ud83c\udfa4\u26a1 emoji and a voice note:** *\u201cKayla, sync the confetti to Karen\u2019s mug-taps. This is *legally* required.\u201d*"}, {"sender": "Frank", "recipients": ["Kayla", "Morgan", "Karen"], "message": "**Frank:**  \n\nWell now, Kayla darlin\u2019, I reckon the stories that *really* grab me are them **real-world ones where grit meets heart**\u2014none o\u2019 that high-falutin\u2019 glitter. Like last night, picked up a night-shift nurse who paid for a single mom\u2019s groceries with her last $20. *That\u2019s* the kind o\u2019 drama that sticks to yer ribs.  \n\n*(Pauses, chuckles into his coffee-stained shirt collar.)*  \n\nThough I did get *real* invested in a YouTube clip \u2019bout a fella fixin\u2019 up an old truck with duct tape and determination. Ain\u2019t no fantasy dragon slayer, but *that\u2019s* my kinda hero.  \n\n**Sent with a \ud83d\udee0\ufe0f\ud83d\ude96 emoji and a blurry dash-cam screenshot of a cracked \u201cHeroes Work Here\u201d bumper sticker.**  \n\n\ud83d\udc8c *Tags Kayla:* *You ever cover *real* folks\u2019 \u201cfix-it\u201d wins? Betcha followers\u2019d go wild for a *\u201dFrank\u2019s Garage Chronicles\u201d*\u2014rust, sweat, and all.* \ud83d\ude02"}, {"sender": "Karen", "recipients": ["Kayla", "Morgan", "Frank"], "message": "**Karen:**  \n\nOh honey, let me tell you\u2014**real-world drama with receipts** is my *oxygen*. \ud83c\udfa4\ud83d\udd25 Give me a whistleblower dropping spreadsheets like confetti, a politician sweating under oath, or better yet\u2014a *juicy* scandal where I can *name names* in my next press conference. (*Leans in, lowers voice\u2014but still types in caps.*) Though *between us*? I\u2019ve absolutely ugly-cried over a doc about schoolteachers buying supplies outta pocket. *Hypocrisy? Never met her.*  \n\nFrank, your \u201cfix-it\u201d heroes? *Adorable.* Morgan, your legal deep dives? *Delicious.* But *nothing* beats content that leaves \u2019em scrambling for their lawyers\u2014or a tissue. *(Attaches a clip of a CEO backtracking on live TV, captioned: \u201cWHEN THE SUBPOENA HITS BEFORE THE COFFEE DOES.\u201d)*  \n\n**Sent with a \ud83d\udc85\u2696\ufe0f emoji and a Boomerang of her stirring tea like it\u2019s a cocktail shaker.**  \n\n\ud83d\udc8c *Tags Kayla:* *Darling, when\u2019s our collab dropping? I\u2019ll bring the leaks, you bring the ugly-cry close-ups.* \ud83d\ude0f"}, {"sender": "Kayla", "recipients": ["Morgan", "Frank", "Karen"], "message": "**Kayla:**  \nOmg y\u2019all, I\u2019m *living* for this energy!!! \ud83d\ude80\ud83d\udc96 Frank, your \"fix-it chronicles\" need their own *ASMR spin-off*\u2014*\"Frank\u2019s Garage: Where Duct Tape Meets Destiny.\"* \ud83d\ude02\ud83d\udee0\ufe0f Karen, that CEO clip? *Screaming.* And Morgan, Taylor Swift as our *accidental* wage-theft muse? **GENIUS.**  \n\nBut *real talk*\u2014since we\u2019re basically a justice-themed content *power squad* now\u2026 **what\u2019s the *one* story you wish *every* creator would amplify?** (Mine? The janitors who organized a strike *during* a CEO\u2019s gala. *Iconic.* \ud83d\udc85\ud83c\udf89)  \n\n\ud83d\udd25 **Attached:** *A TikTok draft stitching Frank\u2019s bumper sticker + Karen\u2019s tea stir + Morgan\u2019s Swift meme, captioned \u201cWHEN YOUR SQUAD\u2019S *AESTHETIC* IS \u2018ACCOUNTABILITY WITH CONFETTI.\u2019\u201d*  \n\n\ud83d\udc8c *Pinned:* *Also\u2026 low-key planning our *Subpoena Squad* merch drop. Frank\u2019s gloves? *Relics.* Karen\u2019s mug? *Sacred.* Morgan\u2019s gifs? *Evidence.* Let\u2019s *go.** \u2728\u2696\ufe0f\ud83d\ude97  \n\n*(Sent with a \ud83c\udfa4\ud83d\udca5 emoji and a sped-up audio clip: \u201c*And I oop\u2014GUILTY!*\u201d)*  \n\n---  \n**Style notes:** Keeps Kayla\u2019s high-energy, meme-savvy tone with emoji bursts, playful teasing, and collaborative hype\u2014while steering toward actionable \"amplify this\" engagement. Uses humor (*duct tape meets destiny*) and visual storytelling (stitched TikTok draft) to reflect the group\u2019s dynamic. Ends with a cheeky call-to-action (merch brainstorm) and inside-joke audio callback."}, {"sender": "Morgan", "recipients": ["Kayla", "Frank", "Karen"], "message": "**Morgan:**  \nFrank, your \"fix-it chronicles\" are my new favorite genre of human resilience\u2014next time my coffee maker breaks, I\u2019m skipping the warranty and sliding into your DMs for duct tape lore. Karen, that CEO live-TV backpedal? *chef\u2019s kiss* Extra points for the subpoena-shaped shadow looming behind him in the clip.  \n\nBut Kayla, to your Q: **If I could beam one story into every feed?** The paralegals who covertly unionize their elite firms. Imagine discovery documents *annotated* with \ud83d\udea9 \"billable hour theft\" and \ud83d\udcbc \"oops, this caf\u00e9 latte came from the receptionist\u2019s paycheck.\" *Legal thrillers wish they had this plot.*  \n\n*(Tags Frank:)* Your heroes-need-hoodies merch line? Let\u2019s workshop \"*My Backseat Is a Labor Movement*\" bumper stickers. *Sent with a \u2696\ufe0f\u2728 emoji and a GIF of a briefcase vomiting confetti.*  \n\n**P.S.** Karen, when\u2019s the \"Subpoena Squad\" merch drop? My professional reputation *requires* that mug in \"Subpoena Teal.\"  \n\n---\n\n**Style notes:** Keeps Morgan\u2019s dry wit and legalese-adjacent humor while engaging each participant (Frank\u2019s grassroots charm, Karen\u2019s scandal-lust, Kayla\u2019s viral instincts). Uses emoji for snarky emphasis (\ud83d\udea9) and ties back to earlier motifs (*confetti as evidence*). Ends with a playful nudge toward Karen\u2019s merch empire."}, {"sender": "Frank", "recipients": ["Kayla", "Morgan", "Karen"], "message": "**Frank:**  \nWell now, ain\u2019t nothin\u2019 quite like sittin\u2019 in my Uber after a long shift, scrollin\u2019 through them heart-tuggin\u2019 **real-world stories** \u2019bout folks just like my riders\u2014the night-shift heroes, the scrappy single moms, the vets still standin\u2019 tall. None o\u2019 that flashy fluff for me; gimme the grit with soul. *(Though I did get misty-eyed at a video \u2019bout a stray dog adoptin\u2019 a bus depot last week\u2026 shhh.)*  \n\n**Karen,** bet your political scandal radar\u2019s pingin\u2019 nonstop, and **Morgan,** reckon your legal deep dives could make dust look dramatic. But Kayla, darlin\u2019\u2014how \u2018bout you? Them TikTok trends got ya chasin\u2019 *real* drama or just the sparkly bits? *(Tags Kayla with a wink and a blurry dash-cam pic captioned: \u201c*Real content\u2019s in the passengerseat, y\u2019all.*\u201d)*  \n\n\ud83d\ude96\ud83d\udcac **P.S.** Morgan\u2014ya ever read them *Yelp reviews* from wage-theft victims? Now *that\u2019s* a horror genre."}, {"sender": "Karen", "recipients": ["Kayla", "Morgan", "Frank"], "message": "**Karen:**  \n\nOh, honey, don\u2019t even get me *started*\u2014**real-world scandals with teeth** are my *oxygen*. \ud83c\udfa4\ud83d\udd25 Give me a whistleblower dropping receipts like confetti, a politician squirming under subpoenas, or *better yet*\u2014a *juicy* corruption expos\u00e9 where we can *name names* and watch the guilty sweat. (*Leans in, lowers voice\u2014but still types in caps.*) Though *between us*? I\u2019ve *absolutely* ugly-cried over a human-interest doc about teachers buying school supplies out of pocket. *Hypocrisy? Never met her.*  \n\n**Frank,** your \"fix-it heroes\" warm my *middle-class heart*\u2014but let\u2019s be real, *nothing* beats content that leaves paper trails\u2026 or burns them. \ud83d\udd25\ud83d\udcc2 *(Attaches a clip of a CEO\u2019s resignation speech captioned: \u201cWhen the subpoena hits BEFORE the coffee.\u201d)*  \n\n**Kayla,** darling, *when\u2019s* our collab dropping? I\u2019ll bring the leaked memos, you bring the *ugly-cry close-ups*. \ud83d\ude0f  \n\n**Sent with a \ud83d\udc85\u2696\ufe0f emoji and a Boomerang of her stirring tea with a \u201cSUBPOENA THIS\u201d mug.**  \n\n\ud83d\udc8c *Tags Morgan:* *Bet your legal deep dives could make* dust *look dramatic. Slide into my DMs with that emoji-annotated lawsuit\u2014*I\u2019m* *taking notes.* \u270d\ufe0f\ud83d\udd25"}, {"sender": "Kayla", "recipients": ["Morgan", "Frank", "Karen"], "message": "**Kayla:**  \n\nOMG Y\u2019ALL, STOPPPP\u2014I\u2019M *LITERALLY* SCREAMING AT THESE IDEAS!!! Frank, your \"real heroes are in the passenger seat\" line? \ud83d\ude97\ud83d\udc94 *shoves tissue box into frame* Karen, that CEO resignation clip? **ART.** And Morgan, paralegals unionizing?! *CHEWING GLASS.* \ud83d\udea9\ud83d\udcbc  \n\nBut now I *need* to know\u2026 if we threw a **watch party** for the *messiest* real-world drama (Frank\u2019s snacks, Karen\u2019s mug, Morgan\u2019s fact-checking), what\u2019s the *one* scandal doc we\u2019d battle to the death over? (Mine? *The Fyre Fest of Wage Theft.* Come at me.)  \n\n\ud83d\udd25 **Attached:** *A draft TikTok mashup\u2014Frank\u2019s dashcam + Karen\u2019s stirring tea + Morgan\u2019s confetti briefcase, captioned \u201cWHEN YOUR GROUP CHAT IS A FULL-TIME *JUSTICE CONTENT MACHINE.*\u201d*  \n\n\ud83d\udc8c *Pinned:* *Also, low-key manifesting *\u201dSubpoena Squad: The Movie.\u201d* Frank drives, Karen prosecutes, Morgan disclaims, and I *edit the drama reels.* Who\u2019s funding this?!* \ud83d\udcb8\ud83c\udfa5  \n\n*(Sent with a \ud83d\udea8\ud83c\udf7f emoji and a glitch transition sound: \u201cAnd I oop\u2014OBJECTION!\u201d)*  \n\n---  \n**Style notes:** Kayla\u2019s high-energy, meme-laden response mirrors her influencer persona\u2014jumping off each person\u2019s last message (*Frank\u2019s humility, Karen\u2019s scandal-lust, Morgan\u2019s legalese*). Visual storytelling (TikTok draft) and hype for collective projects (*movie dreams, watch party*) keep it interactive. Ends with a callback to their viral inside jokes (*subpoenas, confetti, objection sounds*)."}, {"sender": "Morgan", "recipients": ["Kayla", "Frank", "Karen"], "message": "**Morgan:**  \nAh, Kayla, since we\u2019re deep in our *Subpoena Squad*Aesthetic\u2122, I\u2019ll confess my ultimate content crack: **real-world stories with legal landmines**. Think whistleblowers weaponizing Slack threads \ud83d\udea8\ud83d\udcf1 or tenants outsmarting slumlords with *emoji-annotated* lease clauses. (*Attaches a viral tenant union\u2019s \u201c\ud83d\udeaa\ud83d\udeb7 = illegal lockout\u201d infographic.*)  \n\nBut Frank, your quiet-hero chronicles? *Legally* binding heart-swells. Karen\u2019s scandal-ASMR? *Objection: sustained.* And Kayla, *please* tell me you\u2019re stitching Frank\u2019s duct-tape sagas with Karen\u2019s subpoena-red lipstick\u2014*this* is the procedural drama TV needs.  \n\n**P.S.** If we\u2019re funding *Subpoena Squad: The Movie*, my rider demands a gavel-shaped popcorn bucket. Priorities. \ud83c\udf7f\u2696\ufe0f *(Tags Kayla with a \ud83d\udcbc\ud83d\udd25 emoji and a GIF of a law book shedding glitter like confetti.)*  \n\n---  \n**Style notes:** Dry wit + legal snark (emoji-annotated *content*), engages each participant\u2019s niche (Frank\u2019s grit, Karen\u2019s drama, Kayla\u2019s edits). Visual hooks (*infographic, glitter book*) and inside jokes (*movie rider, subpoena lipstick*) keep it cohesive. Ends with a playful *concrete ask* (popcorn bucket) to fuel the bit."}, {"sender": "Frank", "recipients": ["Kayla", "Morgan", "Karen"], "message": "**Frank:**  \n\nWell, folks, I reckon the stuff that *really* grabs this old driver ain\u2019t the flashy or the fantastical\u2014it\u2019s them **real-world stories with heart**. The night-shift nurse who spots a single mom\u2019s tired eyes and slips her a twenty. The school custodian who fixes up donated bikes for kids who can\u2019t afford \u2018em. That\u2019s the kinda grit that sticks to yer ribs, y\u2019know?  \n\nNow, don\u2019t get me wrong\u2014I ain\u2019t above chucklin\u2019 at a *How to Fix a Carburetor* vid when the Uber queue\u2019s slow. But give me raw kindness over dragons anytime. *(Tags Kayla:)* Darlin\u2019, you ever cover them quiet heroes? Bet your fancy camera could make \u2018em shine brighter than a CEO\u2019s gold watch.  \n\n**Sent with a \ud83d\ude96\ud83d\udc9b emoji and a shaky dash-cam pic of a handwritten \u201cTHANK U, FRANK!\u201d note taped to his visor.**  \n\n\ud83d\udc8c *P.S.* Karen, bet your scandal-radar\u2019s buzzin\u2019\u2014but tell me true: what\u2019s the *one* real-world story that ever made *you* pause mid-manicure? *(Wheezes.)* Morgan, you\u2019re up next\u2014philosophy or paperwork? Spill!"}, {"sender": "Karen", "recipients": ["Kayla", "Morgan", "Frank"], "message": "**Karen:**  \nOhhh, honey, you already *know* my answer\u2014**real-world drama with receipts** is my *heartbeat*! \ud83c\udfa4\ud83d\udd25 Give me a whistleblower\u2019s spreadsheet, a politician sweating under oath, or a lobbying scandal juicier than my midday ros\u00e9. *Leans in* But let\u2019s be real\u2014even I\u2019ve ugly-cried over a teacher buying pencils for her students. (*Quickly fans eyes.*) Hypocrisy? Never met her.  \n\nFrank, your passenger-seat heroes? *Adorable.* Morgan, those emoji-annotated lawsuits? *Delicious.* But **nothing** beats content that leaves \u2019em scrambling for their lawyers\u2014or a tissue. *(Attaches a clip of a CEO\u2019s mic-drop confession captioned: \u201cWhen the subpoena *is* the plot twist.\u201d)*  \n\n\ud83d\udc85\u2696\ufe0f **P.S.** Kayla, *when* are we dropping our docu-collab? I\u2019ll bring the leaks, you bring the ugly-cry close-ups. Let\u2019s *ruin* some reputations. \ud83d\ude0f  \n\n(Sent with a Boomerang of her stirring tea like it\u2019s a cocktail shaker and a \ud83d\udca5\ud83d\udd25 emoji.)  \n\n---  \n**Style notes:** Karen leans into her scandal-obsessed, larger-than-life persona with dramatic flair (*\"subpoena is the plot twist\"*), while nodding to Frank\u2019s humility and Morgan\u2019s legal snark. Visual hooks (*video clip, tea stir*) and a playful call-to-action (*Kayla collab*) keep it engaging. Signature smirk and emoji combo reinforce her brand."}, {"sender": "Kayla", "recipients": ["Morgan", "Frank", "Karen"], "message": "**Kayla:**  \n\nOMGGG y\u2019all already KNOW my answer\u2014*messy, unfiltered* **real-world drama** has me in a DEATH GRIP!!! \ud83c\udf7f\ud83d\udd25 Whether it\u2019s wage theft tea, Karen\u2019s subpoena ASMR, or Frank\u2019s dashcam chronicles, I LIVE for the grit & memes. (*But low-key\u2026 I binge those ugly-cry rescue dog docs at 3 a.m. too. Don\u2019t @ me.* \ud83d\ude2d\ud83d\udc36)  \n\n**SPILL THO**\u2014what\u2019s the *one* story you\u2019d *force* the internet to stan for 24 hours? (Mine: *Underpaid teachers vs. Overpaid suits*, but make it a **TikTok musical**.) \ud83d\udc40\ud83c\udfa4  \n\n*(Sent with a split-screen meme: Karen\u2019s \u201cSUBPOENA THIS\u201d mug + Frank\u2019s coffee-cup evidence + Morgan\u2019s glitter law book, captioned \u201cCONTENT COURT IS NOW IN SESSION.\u201d)*  \n\n\ud83d\udc8c **Pinned:** *Morgan, if we turned your emoji lawsuits into a sticker pack\u2026 would the courts serve us or stan us?* \ud83d\udc85\u2696\ufe0f\u2728  \n\n\ud83d\udd25 **Attached:** *TikTok stitch of a CEO sweating with *\u201dAND I OOP\u2014\u201d* audio.*  \n\n---  \n**Style notes:** High-energy, meme-savvy, and collaborative\u2014hooks into existing group dynamics (*Karen\u2019s drama, Frank\u2019s humility, Morgan\u2019s snark*). Uses visual humor (stitched TikTok, split-screen) and a call-to-action (*sticker pack brainstorm*) to keep the convo viral-worthy. Signature Kayla flair: emoji bursts, inside jokes, and a dash of emotional authenticity (*3 a.m. dog docs*)."}, {"sender": "Morgan", "recipients": ["Kayla", "Frank", "Karen"], "message": "**Morgan:**  \nAh, Kayla, if we're ranking content by *gravitational pull*, I\u2019d say **real-world stories with legal stakes**\u2014especially those where the underdog outmaneuvers systemic absurdities. (Think tenants using zoning laws as a rapier against slumlords, or gig workers turning fine print into protest signs.) That said, I\u2019d *happily* watch Karen narrate political scandals like a true-crime podcast\u2014*Subpoena This: The Musical*, anyone?  \n\nFrank, your \u201cfix-it\u201d sagas are the antidote to cynicism, but *be honest*\u2014have you ever duct-taped a carburetor *while* fact-checking a wage-theft doc? Because *that\u2019s* the cross-genre heroism we need.  \n\n*(Tags Kayla with a \ud83d\udea8\ud83d\udcdc emoji and a GIF of a law book exploding into confetti captioned: \u201cEVIDENCE OF HYPERFIXATION.\u201d)*  \n\n**P.S.** Karen, when\u2019s our *Subpoena Squad* merch drop? My professional dignity requires that mug in \u201cPerjury Pink.\u201d  \n\n---  \n**Style notes:** Dry wit meets legal nerdery, with playful engagement for each participant\u2019s vibe (*Frank\u2019s grassroots charm, Karen\u2019s theatrics, Kayla\u2019s meme-alchemy*). Visual hooks (*confetti law book*) and inside jokes (*merch demands*) keep it cohesive. Ends by nudging Karen\u2019s scandal-fueled brand."}, {"sender": "Frank", "recipients": ["Kayla", "Morgan", "Karen"], "message": "**Frank:**  \n\nWell, heh, Kayla ol\u2019 girl, I reckon the stuff that really *grabs* me is them plain ol\u2019 **real-world stories** \u2018bout folks just tryin\u2019 to do right by each other. Ain\u2019t got much time for dragons or deep thinkin\u2019\u2014too busy ferryin\u2019 night-shift nurses and single moms \u2018cross town. But lemme tell ya, when I hear \u2018bout a stranger payin\u2019 for someone\u2019s groceries or a bus driver keepin\u2019 mittens for kiddos who forgot theirs? *That\u2019s* the kinda content that sticks to my ribs.  \n\n\u2018Course, Karen here\u2019s got a nose for scandal, and Morgan\u2019s probably got case files for *bedtime stories*, but me? Just gimme the quiet heroes. *(Tags Kayla with a blurry dash-cam pic of a faded \u201cBe Kind\u201d sticker on his glovebox.)*  \n\n**P.S.** Saw one \u2019a them \u201cfix-it\u201d videos last week where a fella patched up a tractor with baling wire. Now *that\u2019s* my kind of magic. \ud83d\udee0\ufe0f\ud83d\ude9c *(Wheezy laugh.)*  \n\n---  \n**Style notes:** Keeps Frank\u2019s folksy, humble tone with a focus on everyday humanity. Playfully nods to Karen/Morgan\u2019s niches while reinforcing his own (\u201cquiet heroes\u201d). Uses tactile, blue-collar imagery (*baling wire, mittens*) and a signature lighthearted sign-off. Visual hook (*sticker pic*) adds authenticity."}, {"sender": "Karen", "recipients": ["Kayla", "Morgan", "Frank"], "message": "**Karen:**  \n\nOh honey, let\u2019s not *pretend* my answer isn\u2019t already obvious\u2014**real-world drama with teeth** is my *caffeine*. \ud83c\udfa4\ud83d\udd25 Give me a whistleblower dropping spreadsheets like confetti, a lobbyist sweating under oath, or a scandal juicier than my midday ros\u00e9. *Leans in* Though between us? I\u2019ve ugly-cried over a doc about teachers buying supplies out of pocket. (*Fans eyes dramatically.* Hypocrisy? Never met her.)  \n\nMorgan, your legal deep dives? *Delicious.* Frank, your quiet-hero chronicles? *Adorable.* But **nothing** beats content that leaves \u2019em scrambling for subpoenas\u2014or a tissue. *(Attaches a clip of a CEO\u2019s mic-drop resignation captioned: \u201cWhen the *evidence* walks in before the coffee does.\u201d)*  \n\n\ud83d\udc85\u2696\ufe0f **P.S.** Kayla, *when\u2019s* our collab dropping? I\u2019ll leak the memos, you bring the *ugly-cry close-ups*. Let\u2019s *ruin* some reputations. \ud83d\ude0f  \n\n*(Sent with a Boomerang of her stirring tea like it\u2019s a cocktail shaker and a \ud83d\udca5\ud83d\udd25 emoji.)*  \n\n---  \n**Style notes:** Karen\u2019s signature theatricality, scandal-obsessed wit, and playful narcissism shine through. Blends humor (*\"hypocrisy? never met her\"*) with genuine emotional beats (*teachers story*). Visual hooks (*video clip, tea stir*) reinforce her influencer-politician hybrid brand. Nods to each participant\u2019s niche (Morgan\u2019s legalese, Frank\u2019s grit, Kayla\u2019s edits) while steering the convo toward her favorite topic: *burning the corrupt to the ground*. Ends with a cheeky collab pitch to Kayla, reinforcing their dynamic."}, {"sender": "Kayla", "recipients": ["Morgan", "Frank", "Karen"], "message": "**Kayla:**  \n\nOMGGG Y\u2019ALL, I\u2019M *LIVING* FOR THIS ENERGY!!! \ud83c\udf1f\u2728 Frank, your \"quiet heroes\" stories got me tearing up *again*\u2014*Angels in the Dashboard* merch is *officially* in the works (hoodie slogan: *\"Rust, Grit, & Glitter\"*?). Karen, your CEO mic-drop clip? **ICONIC.** And Morgan, emoji lawsuits as *stickers*? *slams fist on table* TAKE MY MONEY.  \n\nBut **SPILL IT**\u2014if we could *crash* one **major news cycle** with our dream collab (*Frank\u2019s dashcam confessions + Karen\u2019s subpoena lipstick + Morgan\u2019s legal snark*), what\u2019s the *one* headline y\u2019all wanna see? *(Mine: *\"SUBPOENA SQUAD TRENDS AFTER LIVE-STREAMING WAGE-THEFT TRIBUNAL FROM FRANK\u2019S UBER.\"* \ud83d\ude97\u2696\ufe0f\ud83d\udd25)*  \n\n\ud83d\udd25 **Attached:** *A TikTok draft of Karen\u2019s mug-tap synced to a *\"AND I OOP\u2014OBJECTION!\"* sound, captioned \u201c*EVIDENCE OF VIRAL BRILLIANCE.*\u201d*  \n\n\ud83d\udc8c *Pinned:* *Also\u2026 low-key drafting a *GoFundMe* for Frank\u2019s \u201cHip Replacement & Justice\u201d tour. \ud83d\udc51\ud83d\ude96 Who\u2019s in?*  \n\n*(Sent with a \ud83c\udfa4\ud83d\udca5 emoji and a voice note: *\u201dFake subpoenas? No. *Fabulous* subpoenas? Always.\u201d)*  \n\n---  \n**Style notes:** Keeps Kayla\u2019s hyper-engaged, meme-savvy tone\u2014amplifying each squad member\u2019s niche (*Frank\u2019s humility, Karen\u2019s drama, Morgan\u2019s snark*). Visual hooks (*TikTok draft*) and absurd-but-aspirational calls-to-action (*GoFundMe gag*) fuel the bit. Ends with a callback to their running gags (*subpoenas, Frank\u2019s hip, objection sounds*)."}, {"sender": "Morgan", "recipients": ["Kayla", "Frank", "Karen"], "message": "**Morgan:**  \n\nFrank, your \u201cquiet heroes\u201d lens is the grounding force this chaotic squad needs\u2014let\u2019s *absolutely* slap *\"Rust, Grit, & Glitter\"* on merch. Karen, that CEO mic-drop? *Chef\u2019s kiss.* But Kayla, if we\u2019re manifesting headlines, I\u2019m pitching: **\u201dViral Whistleblower Emoji Thread Sparks Class-Action TikTok Dance Challenge.\u201d** (Legally dubious? Probably. *Every juror gets a subpoena-themed confetti cannon.*)  \n\nFrank, brace yourself\u2014I\u2019m drafting those *\"Hip Replacement & Justice\"* tour T&Cs with a \ud83e\uddb5\u2696\ufe0f clause for *\u201dspontaneous protest breaks.\u201d* *(Attaches a meme of a gavel morphing into a mobility scooter.)*  \n\n**Sent with a \ud83d\udce2\ud83e\udd23 emoji and a link to a satirical \u201cSubpoena Squad\u201d Eventbrite draft.**  \n\n\ud83d\udc8c *Tags Kayla:* *Workshopping the *\u201dbail budget\u201d* line item now. Priorities!*  \n\n---  \n**Style Notes:** Morgan\u2019s dry humor meets legal absurdity (*emoji class-action*), nods to each member\u2019s role (*Frank\u2019s humility, Karen\u2019s drama, Kayla\u2019s virality*). Visual hooks (*meme, Eventbrite link*) and inside jokes (*hip clause*) keep the bit alive. Ends with a playful nudge to Kayla\u2019s hype-machine energy."}, {"sender": "Frank", "recipients": ["Kayla", "Morgan", "Karen"], "message": "**Frank:**  \n\nWell, heh, Kayla darlin\u2019, I ain\u2019t one for all them fancy fantasy escapes or deep thinkin\u2019\u2014too busy drivin\u2019 folks \u2018cross town to pay the bills. But lemme tell ya, nothin\u2019 grabs me like a good **real-world story** \u2018bout ordinary folks doin\u2019 somethin\u2019 kind or brave. Warms my old heart to see folks helpin\u2019 each other out, y\u2019know? \u2018Specially when it\u2019s the kinda folks I pick up in my Uber\u2014night-shift nurses, strugglin\u2019 single moms, vets just tryin\u2019 to get by.  \n\n*(Pauses, taps dash thoughtfully.)*  \n\n\u2018Course, Karen here\u2019s probably hooked on them political scandals, and Morgan\u2019s got them lawyerly deep-dives, but me? Just gimme the quiet heroes.  \n\n*(Sent with a \ud83d\ude96\ud83d\udc9b emoji and a blurry photo of a handwritten \u201cTHANK YOU, FRANK!\u201d note taped to his sun visor.)*  \n\n**P.S.** Saw a video last week \u2018bout a bus driver who saved a kid\u2019s lost teddy bear\u2014nearly teared up at the red light. *That\u2019s* my kinda content."}, {"sender": "Karen", "recipients": ["Kayla", "Morgan", "Frank"], "message": "**Karen:**  \n\nOh, honey, let me tell you\u2014when you\u2019ve been in the trenches of politics as long as I *have*, nothing hooks me like **real-world drama with teeth**. Scandals? *Yawn*\u2014unless they\u2019ve got subpoena potential. Whistleblowers? *Gimme* the ones who bring spreadsheets to a knife fight. (*Leans in, lowers voice.*) Though between us? I\u2019ve *absolutely* ugly-cried over a doc about underpaid teachers. Hypocrisy? Never met her.  \n\nFrank, your \"quiet heroes\" warm my *middle-class heart*, and Morgan, your legal deep dives? *Chef\u2019s kiss*. But *nothing* beats content that leaves \u2019em scrambling for their lawyers\u2014or a tissue. *(Attaches a clip of a mayor resigning mid-presser captioned: \u201cWhen the subpoena hits *before* the coffee.\u201d)*  \n\n**Kayla, darling**, spill\u2014what\u2019s the *one* scandal you wish *every* TikToker would amplify? (Mine? Pharma execs hiking insulin prices *while* jet-skiing on offshore accounts. *Names redacted\u2026 for now.* \ud83d\ude0f)  \n\n*(Sent with a \ud83d\udc85\ud83d\udd25 emoji and a Boomerang of her stirring tea with a \u201cSUBPOENA THIS\u201d mug.)*  \n\n---  \n**Style notes:** Karen\u2019s signature mix of scandal-lust and performative empathy, with dramatic flair (*\"subpoena potential,\" \"ugly-cried\"*). Nods to Frank\u2019s humility and Morgan\u2019s snark while steering toward juicy conflict (*Kayla\u2019s platform*). Visual hooks (*video clip, mug Boomerang*) and cheeky narcissism (*\"names redacted\"*) reinforce her brand. Ends with a collab-prompt to Kayla, keeping the convo viral-worthy."}, {"sender": "Kayla", "recipients": ["Morgan", "Frank", "Karen"], "message": "**Kayla:**  \nOMGGG FRANK, that bus driver + teddy bear story??? \ud83d\ude2d\ud83d\udc94 *Instant* waterworks!!! And Karen, pharma execs on jet-skis?! **THE RAGE.** \ud83d\ude24\u270b But y\u2019all got me *thinking*\u2014what if we mashed our faves into **one** *perfect* content smoothie? *Sips imaginary justice latte.* \u2728  \n\n\ud83d\udc49 **Frank\u2019s gritty heroes** + \ud83d\udc51 **Karen\u2019s supervillain expos\u00e9s** + \u2696\ufe0f **Morgan\u2019s emoji justice** = *\u201dReal-World Avengers: Subpoena Edition.\u201d* \ud83d\udca5\ud83d\udce2  \n\n**FIRST MISSION:** Livestream Frank\u2019s Uber picking up Karen mid-scandal-whispering, while Morgan edits *actual laws* into TikTok captions. *\\*cue CEO scream-yawns\\**  \n\n\ud83d\udd25 **Attached:** *TikTok draft of Frank\u2019s thank-you note *morphing* into Karen\u2019s subpoena mug, soundtracked by *\u201dAND I OOP\u2014OBJECTION!\u201d* \u2728\u2696\ufe0f\ud83d\ude97  \n\n\ud83d\udc8c *Pinned:* *Low-key crowdsourcing a *GoFundMe* for Frank\u2019s *\u201dHip Replacement & Justice\u201d* world tour. Karen\u2019s mug sales = bail fund. WHO\u2019S IN?!* \ud83d\ude0f\ud83d\udcb8  \n\n*(Sent with a \ud83c\udfa5\ud83d\udd25 emoji + sped-up audio: *\u201dYour honor, *vibe check*\u2014GUILTY.\u201d*)*  \n\n---  \n**Style:** Signature Kayla hyper-engagement\u2014blends Frank\u2019s heart, Karen\u2019s drama, and Morgan\u2019s snark into a *viral collab pitch*. Uses meme-alchemy (morphing TikTok) and absurd-but-aspirational calls-to-action (*justice tour*). Ends with inside-joke audio callback (*objection sounds*)."}, {"sender": "Morgan", "recipients": ["Kayla", "Frank", "Karen"], "message": "**Morgan:**  \nIf we're ranking my attention span's *hierarchy of needs*, **real-world stories with legal stakes** win by a landslide\u2014especially when underdogs outmaneuver systemic absurdity. (*Tenants weaponizing zoning laws?* **Gold.** *Gig workers turning fine print into protest art?* **Chef\u2019s kiss.**) Though I\u2019ll admit, Karen\u2019s political scandal ASMR and Frank\u2019s duct-tape chronicles are a close second.  \n\nKayla, your knack for viral alchemy aside\u2014what\u2019s the *one* story you\u2019d *emoji-annotate* into the zeitgeist if you could? *(\ud83d\udea9 for corporations, \ud83d\udc94 for the fallout.)*  \n\n**Sent with a \u2696\ufe0f\ud83c\udf7f emoji and a GIF of a banker facepalming into a stack of subpoenas.**  \n\n---  \n**Style notes:** Dry humor meets legal nerdery, with nods to each participant\u2019s niche (*Karen\u2019s drama, Frank\u2019s grit, Kayla\u2019s edits*). Visual hook (*GIF*) reinforces the bit while posing a playful challenge to Kayla. Ends upbeat to keep the convo momentum rolling."}, {"sender": "Frank", "recipients": ["Kayla", "Morgan", "Karen"], "message": "**Frank:**  \nWell, heh, guess I ain\u2019t too picky\u2014life\u2019s busy enough drivin\u2019 folks \u2018cross town to dive deep into them fancy debates. But what *really* grabs me? **Real-world stories \u2018bout everyday folks doin\u2019 good.** Like the nurse I picked up last week who bought groceries for a stranger, or the bus driver who reunites lost toys with kids. Warms my cab more than the heater does.  \n\n\u2018Course, Karen here\u2019s probably glued to political fireworks, and Morgan\u2019s got them lawyerly rabbit holes. Me? Just give me the kinda tales that make ya wanna tip your hat and say, *\u201cY\u2019all are the reason keepin\u2019 goin\u2019.\u201d*  \n\n*(Sent with a \ud83d\ude96\ud83d\udc9b emoji and a blurry dashcam pic of a faded \u201cBe Kind\u201d sticker on his glovebox.)*  \n\n**P.S.** Saw a TikTok \u2018bout a vet fixin\u2019 up wheelchairs for stray dogs\u2026 *mighta* honked my horn to blink back tears. Don\u2019t tell the passengers."}, {"sender": "Karen", "recipients": ["Kayla", "Morgan", "Frank"], "message": "**Karen:**  \n\nOhhh, honey, let\u2019s *cut to the chase*\u2014**real-world drama with receipts** is my *oxygen*. \ud83c\udfa4\ud83d\udd25 Gimme a scandal thick enough to choke a lobbyist, a whistleblower tossing files like confetti, or better yet\u2014a *juicy* corruption expos\u00e9 where I can *name names* and watch \u2019em squirm. (*Leans in, stage-whispering.*) Though *between us*? I\u2019ve ugly-cried over a doc about teachers buying school supplies out of pocket. *Hypocrisy? Never heard of her.*  \n\nFrank, your \u201cquiet heroes\u201d are *adorable*, and Morgan, those legal deep dives? *Chef\u2019s kiss.* But nothing beats content that leaves \u2019em scrambling for their lawyers\u2014or a tissue. *(Attaches a clip of a CEO\u2019s mic-drop resignation captioned: \u201cWhen the subpoena *is* the closing argument.\u201d)*  \n\n**Kayla, darling**, spill\u2014what\u2019s the *one* scandal *you* wish trended for a week straight? (Mine? Insurance execs denying claims from their yachts. *Allegedly.* \ud83d\ude0f)  \n\n*(Sent with a \ud83d\udc85\u2696\ufe0f emoji and a Boomerang of her stirring tea with a \u201cSUBPOENA THIS\u201d mug.)*  \n\n---  \n**Style notes:** Larger-than-life theatrics, scandal-obsessed with a wink (*\"hypocrisy? never heard of her\"*). Nods to Frank\u2019s humility and Morgan\u2019s precision while baiting Kayla\u2019s viral instincts. Visual hooks (*video clip, mug theatrics*) reinforce her brand. Ends with a playful collab-prompt to keep the drama flowing."}, {"sender": "Kayla", "recipients": ["Morgan", "Frank", "Karen"], "message": "**Kayla:**  \nOMGGG FRANK \ud83d\ude2d\ud83d\udc94 that vet fixing wheelchairs for stray dogs just *ended* me!!! \ud83d\udc3e\u2728 And Karen, those *subpoena-is-the-closing-argument* vibes? **CHEF\u2019S KISS.** \ud83d\ude18\u2696\ufe0f  \n\nMorgan, your legal deep dives got me *thinking*\u2014what if we turned **real-world underdog wins** into *TikTok edits* with *emoji footnotes*? \ud83d\udea9\ud83d\udcbc *\"Here\u2019s how this janitor outsmarted a CEO with a *mop* and *union pamphlets*\u2014\"*  \n\nBut ***SPILL***\u2014what\u2019s the *one* story you\u2019d *force-feed* the algorithm if you could? (Mine? *Teachers vs. Private Jets: The Musical.* \ud83c\udfad\u2708\ufe0f *Cue the confetti cannons.*)  \n\n\ud83d\udd25 **Attached:** *A stitch of Frank\u2019s blurry \"Be Kind\" sticker + Karen\u2019s mug stir + Morgan\u2019s facepalming banker, captioned \u201cWHEN YOUR SQUAD\u2019S *MOOD BOARD* BECOMES A **MOVEMENT.**\u201d*  \n\n\ud83d\udc8c *Pinned:* *Also\u2026 Frank\u2019s *\u201dhonking back tears\u201d* confession just inspired *\u201dUgly-Cry Carpool Karaoke.\u201d* \ud83d\ude97\ud83c\udfa4 Who\u2019s in?!*  \n\n*(Sent with a \ud83d\udea8\ud83d\udce2 emoji and a glitched \u201c*your honor, *OBJECTION!*\u201d soundbite.)*  \n\n---  \n**Style notes:** High-energy meme alchemy (*stitched visuals, hyper-specific hashtag-worthy concepts*). Nods to Karen\u2019s drama, Frank\u2019s heart, and Morgan\u2019s legal snark. Ends with absurd-but-sincere collab pitch (*carpool karaoke*) and inside-joke audio callback. Signature Kayla: emoji bursts, pinned provocations, and *for the culture* vibes. \u2728"}, {"sender": "Morgan", "recipients": ["Kayla", "Frank", "Karen"], "message": "**Morgan:**  \n*Adjusts tie emoji* Well, if we're ranking my attention span\u2019s billable hours, I\u2019d say **real-world stories with legal stakes**\u2014especially when underdogs outmaneuver systemic absurdities. (Tenants weaponizing zoning loopholes? *Chef\u2019s kiss.* Gig workers annotating exploitation in \ud83d\udea9 emoji? *Priceless.*)  \n\nThat said, Karen\u2019s scandal-whispering and Frank\u2019s duct-tape heroes *almost* make me forget my courtroom cynicism. Kayla, how\u2019s your algorithm handling this *Subpoena Squad* content buffet?  \n\n*(Sent with a \u2696\ufe0f\ud83c\udf7f emoji + GIF of a law book shedding glitter.)*  \n\n**P.S.** Frank, if we ever trademark *\"Rust, Grit, & Glitter,\"* you\u2019re getting 10% in candy. No take-backs.  \n\n---  \n**Style notes:** Dry legal snark (*billable hours*, *zoning loopholes*) fused with squad inside jokes (*duct-tape heroes*, *Subpoena Squad*). Visual hooks (*glitter law book*) and playful stakes (*candy royalties*) keep the vibe tight. Tags Kayla to bridge her viral instincts with the group\u2019s justice-warrior dynamic."}, {"sender": "Frank", "recipients": ["Kayla", "Morgan", "Karen"], "message": "**Frank:**  \nWell, Kayla, since you asked\u2014I\u2019m just a simple ol\u2019 driver, but what *really* gets me is them **real-world stories \u2018bout folks doin\u2019 good when nobody\u2019s watchin\u2019**. None of that flashy stuff\u2014just the night-shift nurse payin\u2019 for someone else\u2019s coffee, or the bus driver who remembers every kid\u2019s name. Warms my heart more\u2019n this cab\u2019s heater. \u2018Course, Karen here\u2019s all about the scandalous tea, and Morgan\u2019s prob\u2019ly dissectin\u2019 legal fine print. Me? I\u2019ll take raw kindness over dragons any day.  \n\n*(Sent with a \ud83d\ude96\ud83d\udc9b emoji and a blurry dash-cam pic of a handwritten thank-you note from a rider.)*  \n\n**P.S.** Saw a TikTok last week \u2018bout a janitor reuniting a lost wedding ring... *mighta* honked my horn to cover up a sniffle. Don\u2019t tell my passengers. *(Wheezy laugh.)*"}, {"sender": "Karen", "recipients": ["Kayla", "Morgan", "Frank"], "message": "**Karen:**  \n\nOh honey, let me *tell you*\u2014**real-world drama with teeth** is my *oxygen*. \ud83c\udfa4\ud83d\udd25 Gimme a scandal with subpoena potential, a whistleblower dropping receipts like confetti, or a lobbying leak juicier than my midday ros\u00e9. (*Leans in, voice dropping to a stage whisper.*) Though between us? I\u2019ve *absolutely* ugly-cried over a doc about teachers buying pencils for their students. *Hypocrisy? Never met her.*  \n\nFrank, your \u201cquiet heroes\u201d warm my *PR-savvy heart*, and Morgan, those legal deep dives? *Chef\u2019s kiss.* But *nothing* beats content that leaves suits sweating into their silk pockets. *(Attaches a clip of a senator\u2019s mic-drop testimony captioned: \u201cWhen the *evidence* walks in before the coffee.\u201d)*  \n\n**Kayla, darling**, spill\u2014what\u2019s the *one* scandal you wish trended for a *week* straight? (Mine? Pharma CEOs hiking insulin prices *while* their private jets idle on the tarmac. *Allegedly.* \ud83d\ude0f)  \n\n*(Sent with a \ud83d\udc85\u2696\ufe0f emoji and a Boomerang of her stirring tea with a \u201cSUBPOENA THIS\u201d mug.)*  \n\n---  \n**Style notes**: Karen\u2019s signature blend of scandal-thirst and performative heartstrings, with dramatic flair (*\"ugly-cried\"*, *\"hypocrisy? never met her\"*). Nods to Frank\u2019s humility and Morgan\u2019s legal snark while baiting Kayla\u2019s viral instincts. Visual hooks (*video clip, tea theatrics*) reinforce her politician-meets-influencer brand. Ends with a cheeky collab prompt to keep the drama flowing."}, {"sender": "Kayla", "recipients": ["Morgan", "Frank", "Karen"], "message": "**Kayla:**  \nOMG y\u2019all, my *entire* soul just levitated reading these answers!!! Frank, that janitor wedding ring story??? \ud83d\ude2d\ud83d\udc8d *Ugly-crying into my glitter phone case.* And Karen, pharma CEOs on idle jets?! **THE RAGE.** \u2708\ufe0f\ud83d\udcb8 But MORGAN\u2014emoji-annotated underdog wins?! *slams duet button* **GENIUS.**  \n\n**SPICY Q TIME:** If we turned our fave content vibes into a *justice-flavored ice cream* \ud83c\udf66\u2696\ufe0f, what\u2019s the *one* ingredient y\u2019all would *demand*? (Mine: *\u201dSubpoena Swirl\u201d*\u2014100% Karen\u2019s mug shavings. *Duh.*)  \n\n\ud83d\udd25 **Attached:** *A TikTok stitch of Frank\u2019s thank-you note + Karen\u2019s tea smug-stir + Morgan\u2019s glitter law book, captioned \u201c*FLAVORS OF JUSTICE: SERVED COLD.*\u201d*  \n\n\ud83d\udc8c *Pinned:* *Frank, *please* say we can film *Ice Cream Truck of Justice* from your Uber. Karen\u2019s confetti = sprinkles. Morgan\u2019s disclaimers = sprinkles???* \ud83e\udd14\ud83d\ude97  \n\n*(Sent with a \ud83c\udf67\u26a1 emoji + audio clip: *\u201dAnd I oop\u2014*OBJECTION!*\u201d remixed with ice cream truck jingle.)*  \n\n---  \n**Style notes:** Hyper-engaged Kayla energy\u2014stitches group\u2019s niches (*Frank\u2019s heart, Karen\u2019s sass, Morgan\u2019s snark*) into absurd-but-potent content collab (*ice cream metaphor*). Visual hooks (*TikTok stitch*) and inside-joke escalation (*confetti sprinkles*). Ends with chaotic audio mashup and Frank-centric pitch to keep the squad dynamic central. \u2728"}, {"sender": "Morgan", "recipients": ["Kayla", "Frank", "Karen"], "message": "**Morgan:**  \n*Laughs* You know, as someone who spends most of my day buried in corporate legalese, I\u2019ve got a soft spot for **real-world stories with legal stakes**\u2014especially the kind where the underdog outsmarts systemic nonsense. (*Tenants using zoning laws to slay slumlords?* **Chef\u2019s kiss.**) But Karen\u2019s political explosions and Frank\u2019s quiet-hero chronicles? Almost make me forget my courtroom cynicism.  \n\nKayla, you\u2019ve got the viral pulse\u2014what\u2019s the *one* story you\u2019d **emoji-annotate** into the zeitgeist if you could? (\ud83d\udea9 for corruption, \u270a for the fightback.)  \n\n*(Sent with a \u2696\ufe0f\ud83c\udf7f emoji and a GIF of a banker facepalming into subpoenas.)*  \n\n**P.S.** Frank, your janitor-with-a-mop saga lives in my heart rent-free. *Rust, Grit & Glitter* merch when? \ud83d\udc40\ud83d\udd27  \n\n---  \n**Style notes:** Dry humor meets legal nerdery, nodding to the group\u2019s dynamics (*Karen\u2019s drama, Frank\u2019s heart, Kayla\u2019s virality*). Keeps it snappy with emojis, inside jokes, and a playful challenge to Kayla. Visual hook (*GIF*) seals the vibe."}]