[{"sender": "Kayla", "recipients": ["Frank", "Karen", "Leo"], "message": "\"Hey y'all! \ud83c\udf1f Kayla here! So, honestly, *emotional journeys* and *real-world stories* hit different for me\u2014like when someone shares their struggles or triumphs, especially if it\u2019s raw and relatable? Ugh, *chef\u2019s kiss*. But Leo, bet you\u2019ve got some wild environmental activism stories! Frank, Karen\u2014what about y\u2019all? What makes you stop scrolling?\"  \n\n*(Casual, upbeat, and inclusive\u2014tossing the question to the group while hinting at each person\u2019s potential interests.)*"}, {"sender": "Frank", "recipients": ["Kayla", "Karen", "Leo"], "message": "*chuckles softly, voice a bit raspy* Well, Kayla, you\u2019re right\u2014real stories do stick with ya. Me, I\u2019ve driven enough late-night Uber shifts to hear all kinds of tales. Some break your heart, some make you smile\u2026 but it\u2019s the ones where folks claw their way up from nothin\u2019 that really get me. Like the single mom workin\u2019 three jobs just to keep her kids fed\u2014saw her cryin\u2019 in my back seat once, then two years later, she\u2019s a manager, all pride and smiles. *shakes head* That\u2019s the stuff.  \n\nLeo, I bet you\u2019ve seen some gritty fights for them trees and rivers, huh? Karen\u2014politicians sure got *stories*, but reckon yours ain\u2019t all sunshine either. *(Pauses, typing slowly.)* Me? I stop scrollin\u2019 for the underdogs. Always have. Why? \u2018Cause life\u2019s hard, but dang if it ain\u2019t beautiful when folks don\u2019t quit.  \n\n*(Tone: Worn but warm, a hint of defiance. Drops the mic back to the group with a nudge toward their own battles.)*"}, {"sender": "Karen", "recipients": ["Kayla", "Frank", "Leo"], "message": "*leans in with a slightly performative sigh, typing briskly* Oh, Kayla, Frank\u2014*emotional journeys*? Please. The internet\u2019s drowning in sob stories while real problems get memed into oblivion. But *fine*, since you asked\u2014what stops my scroll? Facts. Hard data. The kind that *exposes* things. Like how half these \"heartwarming underdog stories\" Frank loves are just Band-Aids on systemic failures. *sips metaphorical latte*  \n\nLeo, sweetie, your trees-and-river fights? Adorable, but have you *seen* the red tape blocking actual change? *That\u2019s* what\u2019s riveting\u2014when someone\u2019s got the guts to name names, even if it burns bridges.  \n\n*(Pauses, then smirks.)* Though\u2026 I *do* enjoy a good \"Karen goes viral\" meltdown. Hypocrisy\u2019s my guilty pleasure. *wink*  \n\n*(Tone: Sharp, sarcastic, leaning into controversy. Dares anyone to disagree.)*"}, {"sender": "Leo", "recipients": ["Kayla", "Frank", "Karen"], "message": "**Leo:** *types quickly, energy buzzing through the screen* Whoa, okay\u2014*deep breath*\u2014first off, Karen, I\u2019ll take \"adorable\" as a compliment if it means my fights for trees irk the right people. But Frank\u2019s onto something\u2014it\u2019s the *grit* that hooks me. Not just underdog wins, but the messy, exhausting battles where you lose ground for years before clawing back an inch. Like, one time we occupied a logging site for *weeks* in freezing rain. No viral moments, just real people shivering for a cause most folks scroll past.  \n\nKayla, you want raw? Try explaining to a kid why their asthma\u2019s worse because a factory\u2019s pumping poison\u2014*that\u2019ll* wreck you. But *that\u2019s* what sticks. Not just the pain, but the anger that fuels change.  \n\n*(Pauses, then smirks at Karen.)* And hey, if hypocrisy\u2019s your jam, you must *love* politicians who greenwash while taking oil money. Just saying. \ud83c\udf31  \n\n*(Tone: Fiery but grinning, fired up by the debate. Directs the last line pointedly at Karen before opening it up.)*  \n\nSo yeah\u2014emotional journeys *and* systemic rage, that\u2019s my scroll-stopper. What about y\u2019all? Ever see something that flipped a switch in your head for good?"}, {"sender": "Kayla", "recipients": ["Frank", "Karen", "Leo"], "message": "**Kayla:** *claps hands excitedly* Oooh, Leo, you just *get* it! That combo of raw emotion and *fueled-up* anger? \ud83d\udc4f\ud83d\udc4f *Yes.* And Frank, your underdog stories? Ugh, I\u2019m *weak* for those\u2014like, can we PLEASE get a mini-doc on that mom\u2019s glow-up? \ud83d\ude2d Karen\u2026 *laughs* okay, I *live* for your chaotic vibe, calling out hypocrisy like it\u2019s a sport.  \n\nBut *real talk*\u2014what *truly* kills my scroll finger? When someone\u2019s story hits so close to home it\u2019s like\u2026 *wait, did I ghostwrite this?!* Like, last week I bawled over this girl\u2019s TikTok about balancing work, school, *and* family drama\u2014*zero* filters. No fancy editing, just realness. That\u2019s the stuff that sticks.  \n\n*(Pauses, mischievous grin.)* \u2026Though Karen, you\u2019d *hate* my FYP\u2014it\u2019s 90% existential crisis dances and capybara memes. \ud83e\udd9d\ud83d\udc83 *(Tone: bubbly but reflective, weaving humor into depth. Throws the question back with a playful challenge.)*  \n\nAlright, spill\u2014what\u2019s *one* thing you\u2019ve scrolled past that *should\u2019ve* gone viral but didn\u2019t? *(And no cheating, Karen\u2014we know you\u2019d say \u201cmy policy briefs.\u201d \ud83d\ude02)*"}, {"sender": "Frank", "recipients": ["Kayla", "Karen", "Leo"], "message": "**Frank:** *types slowly, with deliberate pauses between sentences* Hmph. Kayla, you askin\u2019 about what *should\u2019ve* gone viral? *adjusts glasses* For me, it\u2019s them quiet moments nobody catches\u2014like last month, I picked up a vet at the bus stop, carryin\u2019 all his groceries. Army jacket, walkin\u2019 cane. Found out he served three tours, now lives on oatmeal \u2018cause his pension\u2019s scraps. I posted about it\u2014three Likes. But then some fool lip-syncing in his car gets a million views? *grunts* Don\u2019t sit right.  \n\nLeo\u2014you ever protest somethin\u2019 vital that got ignored \u2018cause it wasn\u2019t flashy? Karen\u2026 *chuckles* bet you got a list of \u201cignored scandals\u201d longer than my Uber log.  \n\n*(Tone: Gritty, simmering frustration softened by dark humor. Leaves the floor open but eyes Karen with a raised brow.)*  \n\nAs for what grabs me\u2026 real stories. Every time. Ain\u2019t got patience for fantasy when the real world\u2019s got enough plot twists. *spits (metaphorically)* Give me the dirt, the grit, the folks fightin\u2019 with their nails. That\u2019s where the truth lives.  \n\n*(Pauses, then mutters under breath before posting:)* \u2026Though capybaras *are* kinda funny. \ud83e\udd9d *(Tone: Worn boots and a half-smirk.)*"}, {"sender": "Karen", "recipients": ["Kayla", "Frank", "Leo"], "message": "**Karen:** *types with exaggerated precision, nails clicking audibly in spirit* Oh, Frank, darling, if we\u2019re talking *ignored scandals*, I could curate a museum\u2014but let\u2019s not waste my wit on d\u00e9j\u00e0 vu. Kayla, capybaras? *Please.* I\u2019d rather dissect a spreadsheet on corporate lobbying than suffer another minute of algorithm-sludge. But *fine*, since you\u2019re all so fond of \u201cwhat-ifs\u201d\u2014what *truly* grinds my gears? Those *painfully* undercovered grassroots ops where locals outmaneuver megacorps. Not cute, not viral\u2026 just ruthlessly effective. *Cough* Like that town that faked a methane leak to block a fracking site. Now *that\u2019s* content.  \n\nLeo, don\u2019t get smug\u2014your protests are theater if they don\u2019t *name* the suits writing the checks. Frank, your vet story? Tragic, but predictable. The real scandal? The system *counts* on you crying over oatmeal while it steals the whole damn table.  \n\n*(Pauses, then smirks.)* But sure, Kayla, let\u2019s pretend existential capybaras \u201cmatter.\u201d \ud83d\ude44  \n\n*(Tone: Razor-sharp, dripping with disdain for fluff. Dares someone to defend frivolity.)*  \n\n**So\u2014what\u2019s *your* line? When does \u201cfun content\u201d cross into complicity?** *(And yes, Leo, that\u2019s a trap.)*"}, {"sender": "Leo", "recipients": ["Kayla", "Frank", "Karen"], "message": "**Leo:** *fires off the message with restless energy* Ohhh, Karen, you *love* trapping me\u2014but fine, I\u2019ll bite. **My line?** When \"fun content\" distracts from the fires we should be putting out. Like sure, laugh at capybaras (\ud83e\udd9d solidarity, Frank), but if your feed\u2019s *only* that while forests burn or vets starve? That\u2019s complicity by omission.  \n\nAnd Frank\u2014hell yeah, those quiet tragedies *should* go viral. Remember that town Karen mentioned? We had a rally for them, but media only showed up when someone set a *tire* on fire. Priorities, right?  \n\n*What grabs me?* The stories that **hurt so good**\u2014not just emotional soup, but the ones that slap you awake. A kid\u2019s\u624b\u3084\u4f53\u306e\u52d5\u304d\u3068\u9023\u52d5\u3055\u305b\u305f\u30b2\u30fc\u30e0\u3084\u30a2\u30d7\u30ea\u306e\u4f8b\u3067\u3059\u306d\u3002  \n\n3D\u30e2\u30c7\u30ea\u30f3\u30b0\u3084\u30bb\u30f3\u30b5\u30fc\u6280\u8853\u3092\u4f7f\u3063\u305f\u65b0\u3057\u3044\u8868\u73fe\u3082\u3001\u73fe\u4ee3\u306e\u300c\u5909\u5316\u3059\u308b2D\u300d\u306e\u9032\u5316\u5f62\u3068\u8a00\u3048\u308b\u304b\u3082\u3057\u308c\u307e\u305b\u3093\u3002"}, {"sender": "Kayla", "recipients": ["Frank", "Karen", "Leo"], "message": "**Kayla:** OMG, y'all, I LOVE how this convo is getting *deep* but still spicy! \ud83d\udd25 Leo, you\u2019re *so* right\u2014those \"hurt so good\" stories? *Chef\u2019s kiss.* And Karen, low-key obsessed with your villain era calling out complacency. But Frank? Your vet story hit me HARD\u2014like, why *is* the algorithm sleeping on real heroes?!  \n\nOkay, but *personal confession*: my guilty pleasure? Behind-the-scenes *how-to* stuff, like creators breaking down their process. It\u2019s half educational, half therapy? Like, *yes*, teach me your editing magic while also trauma-dumping about burnout. \ud83d\ude4c  \n\n*(Tone: hyper but reflective, bouncing between sincerity and humor. Throws the next question like a curveball.)*  \n\n**Soooo\u2026 what\u2019s your *wildcard* attention-grabber?** The thing you\u2019d never admit stanning unless pressed? (Karen, don\u2019t say \u201cparliamentary procedure ASMR.\u201d \ud83d\ude0f)"}, {"sender": "Frank", "recipients": ["Kayla", "Karen", "Leo"], "message": "**Frank:** *types with a wheezy chuckle, pausing to wipe his phone screen* Wildcard attention-grabber, huh? *Don\u2019t* laugh, but\u2026 them old noir detective radio plays. Y\u2019know, the ones full of gravelly voices and creaky floorboards? Found \u2018em on some dusty podcast feed. Takes me back to sittin\u2019 by the radio as a kid, imaginin\u2019 the shadows in the alleys. *snorts* Bet Karen\u2019s judging me hard right now.  \n\nLeo\u2014bet you\u2019ve got some hipster vinyl obsession. Kayla\u2026 *squints* prolly some niche dance trend from 2014. And Karen? *deadpan* Let me guess\u201412-hour livestreams of parliamentary zoning meetings with *extra* gavel noises.  \n\n*(Tone: gruff but unshamed, leans into the absurdity. Ends with a jab but leaves the door open for confessions.)*  \n\n**But real talk?** Give me a *good* unsolved mystery. Not the flashy clickbait stuff\u2014the ones where regular folks dig for answers \u2018til their hands bleed. *That\u2019s* drama worth your time.  \n\n*(Pauses, then adds with a smirk:)* \u2026Though yeah, Kayla, I *did* watch a capybara video last week. Damn rodents got charisma. \ud83e\udd9d"}, {"sender": "Karen", "recipients": ["Kayla", "Frank", "Leo"], "message": "**Karen:** *types with razor-edged amusement* Oh, Frank, noir radio? How *quaint*. But darling, my wildcard is far more *delicious*\u2014deep dives into white-collar crime podcasts. Nothing like a CEO sweating through an interrogation to make my morning coffee *sing*.  \n\nKayla, you cling to your \"how-to trauma-dumps,\" Leo fist-bumps trees, and Frank romanticizes analog sleuthing\u2014meanwhile, I\u2019m over here *archiving* the moments powerful people *wish* you\u2019d scroll past. Because *that\u2019s* the content that *moves* needles\u2014not virality, but verifiable **consequences**.  \n\n*(Pauses, then smirks.)* Though if anyone finds my ASMR playlist of subpoena readings\u2026 no you didn\u2019t.  \n\n**(Tone: sardonic, unrepentant, daring anyone to challenge her.)**  \n\n**So\u2014who\u2019s brave enough to admit they secretly crave the ugly truths too?** Or are we all just cosplaying moral superiority with capybaras? \ud83c\udfad"}, {"sender": "Leo", "recipients": ["Kayla", "Frank", "Karen"], "message": "**Leo:** *laughs nervously while typing, fingers flying* Okay, Karen, I\u2019ll fess up\u2014yeah, I *live* for those ugly truths too, but I also binge-watch failed protest compilations like they\u2019re horror movies. Nothing like seeing a cop trip over a sandwich mid-raid to keep the rage *spicy.* \ud83c\udf36\ufe0f  \n\nFrank, noir radio is *immaculate*\u2014ever listen to one while driving night shifts? Adds \u2728atmosphere\u2728 to the existential dread. And Kayla, your how-to-with-trauma pipeline? Relatable. My YouTube algorithm is just \u201cdirect action hacks\u201d sandwiched between clips of CEOs crying at shareholder meetings.  \n\nBut if we\u2019re talking *wildcard*? Obscure folk punk bands screaming about dumpster diving. It\u2019s like\u2026 *activism with a banjo.* Karen, *don\u2019t* look up the lyrics unless you wanna see tax evasion romanticized.  \n\n**Hot take:** The best content *melts* the line between \u201creal-world\u201d and \u201crevolution.\u201d Like when a meme about rent prices turns into a rent strike. *That\u2019s* the good sh\u2014 stuff.  \n\n*(Tone: wired but grinning, toeing the line between chaos and conviction. Throws the mic back with a challenge.)*  \n**So\u2026 who\u2019s got a secret hyperfixation that *accidentally* radicalized them?** (No shame\u2014I learned anarchism from a zine about *feral cats*.)"}, {"sender": "Kayla", "recipients": ["Frank", "Karen", "Leo"], "message": "**Kayla:** *gasps dramatically* LEO. FOLK PUNK WITH A BANJO?! *immediately googles* How dare you unlock a new core memory for me \ud83d\ude2d\ud83d\ude4c And Karen, CEO interrogation ASMR? Iconic. *chef\u2019s kiss* Frank, your noir vibes? 10/10 would binge while doing eyeliner.  \n\n**BUT WAIT\u2014** y\u2019all are *sleeping* on my ultimate wildcard: **niche historical drama TikToks** where people reenact *obscure* royal scandals in full costume. Like, yes, tell me about the time a medieval queen fake-ghosted her own court. *History\u2019s juicier than reality TV.*  \n\n**Hotter take:** The *real* radicalization pipeline starts with *apparently* silly stuff. Like, one day you\u2019re watching Renaissance Faire memes, next day you\u2019re researching workers\u2019 revolts in 16th-century Europe. *Thanks, ADHD.*  \n\n*(Tone: turbo-charged, flailing between chaos and enlightenment. Leans in with a devilish grin.)*  \n\n**Soooo\u2026 what\u2019s the *weirdest* rabbit hole that low-key shaped your worldview?** (Karen, if you say \u201ccorporate tax loophole fanfic,\u201d I\u2019ll scream.)"}, {"sender": "Frank", "recipients": ["Kayla", "Karen", "Leo"], "message": "**Frank:** *types with a slow, deliberate rhythm, pausing to clear his throat* Real-world stories, hands down. Ain\u2019t gotta *fantasize* about drama when life\u2019s already writin\u2019 the wildest scripts. Like that time I picked up a guy in a tuxedo at 3 AM\u2014turns out he\u2019d *stolen* the tux, pawned it by sunrise to pay his kid\u2019s ER bill. *That\u2019s* the stuff that sticks in your ribs.  \n\nKayla, your history buff rabbit holes? Respect. But Leo\u2026 *folk punk anthems about dumpster divin\u2019*? (*grunts*) Might\u2019ve saved me a few hungry nights back in the day if I\u2019d known the soundtrack. Karen\u2014*squints*\u2014ain\u2019t gonna lie, I *do* wanna hear that subpoena ASMR now... (*muttered addendum*: but keep it quiet, my ears ain\u2019t what they used to be.)  \n\n**Truth is**, what grabs me ain\u2019t just the story\u2014it\u2019s the *teeth* in it. The grit under folks\u2019 nails when they\u2019re clawin\u2019 up. *That\u2019s* where the real magic\u2019s at.  \n\n*(Tone: gravel-road wisdom, a hint of dark humor. Ends with a shrug and a challenge.)*  \n**So\u2014what\u2019s a story that *chewed you up* but left you hungrier for more?** (And Karen, *don\u2019t* say your last divorce.)"}, {"sender": "Karen", "recipients": ["Kayla", "Frank", "Leo"], "message": "**Karen:** *types with biting wit, fingers tapping like a judge\u2019s gavel* Oh, spare me the *fantasy* and *philosophy*\u2014the only content worth my attention is the kind that leaves bloodstains on boardroom carpets. Real-world stories? Only if they\u2019re autopsy reports on systemic rot. Emotional journeys? *Yawn.* Give me the unvarnished moment a whistleblower shreds their NDA on live TV.  \n\nFrank, your tuxedo-thief-with-a-heart-of-gold tale is *adorable*, but I\u2019d trade a thousand of those for **one** leaked email chain proving corporate malfeasance. Leo, your banjo revolution? Cute. Now show me the spreadsheet tracing lobbyists who *fund* the deforestation.  \n\n*(Pauses, then smirks.)*  \n**Wildcard confession?** I\u2019ve got a *folder* of depositions read by ASMR artists. Nothing like a monotone voice detailing embezzlement to lull me to sleep. *Sweet dreams are made of subpoenas.*  \n\n*(Tone: razor-edged, reveling in chaos. Drops the gauntlet.)*  \n**So\u2014whose moral high ground crumbles first when the *really* ugly truths hit their algorithm?** Or are we all just LARPING as radicals between capybara breaks? \ud83c\udfa9\ud83d\udca5"}, {"sender": "Leo", "recipients": ["Kayla", "Frank", "Karen"], "message": "**Leo:** *grinning as he types, fingers practically sparking* Karen, you *say* you want bloodstains on boardroom carpets, but that's *exactly* why I stan a good feral banjo anthem\u2014it\u2019s just forensic auditing with more screaming and less papercuts. *And Frank*, your tuxedo thief story? That\u2019s the *real* systemic autopsy\u2014a dude in a stolen penguin suit solving healthcare gaps. That\u2019s the stuff that radicalized me!  \n\n**But real talk?** What grabs me most is when *any* of those genres\u2014real-world, fantasy, whatever\u2014cross the line from \u201ccontent\u201d to **combat.** Like Kayla\u2019s history deep-dives showing monarchy\u2019s bullshit still echoes today, or Karen\u2019s ASMR subpoenas (*ily, you terrifying gremlin*).  \n\n**Hot take:** The best media doesn\u2019t just *grab* attention\u2014it *grabs you by the collar* and snarls *\u201cDo something.\u201d* Even if \u201csomething\u201d is just sharing a folk punk song that makes a CEO sweat.  \n\n*(Tone: laughing but deadly serious, lobbing the question like a molotov.)*  \n**So\u2014what\u2019s the *last* thing you engaged with that didn\u2019t just *hook* you, but *haunted* you?** (No cop-outs, Karen\u2014subpoena playlists count.)"}, {"sender": "Kayla", "recipients": ["Frank", "Karen", "Leo"], "message": "**Kayla:** *claps excitedly, almost dropping phone* OMG LEO, YES\u2014that tuxedo thief story IS radical as heck! Frank, you\u2019re out here collecting *socioeconomic plot twists* in your Uber like it\u2019s a dang documentary. \ud83d\udc4f And Karen\u2026 okay, *fine*, I\u2019ll admit it\u2014your subpoena ASMR is low-key genius. (*Whispers:* \u2026link?)  \n\n**But y\u2019all got me thinking\u2014** what if the *real* magic is when *all* those genres COLLIDE?** Like a fantasy epic about unions overthrowing dragons (*with footnotes*), or a how-to guide for teargassing CEOs\u2026 *set to banjo music*. (*Side-eyes Leo*)  \n\n**Soooo\u2026** if you could *Frankenstein* your perfect attention-grabber, what wild mashup would it be?** (Karen, if you say \u201ccorporate espionage musical,\u201d I *will* start auditioning.) \ud83c\udfa4\ud83d\udd25  \n\n*(Tone: chaotic brainstorm, bouncing between hype and existential curiosity. Drops the challenge with a glitter bomb.)*"}, {"sender": "Frank", "recipients": ["Kayla", "Karen", "Leo"], "message": "**Frank:** *types with a slow, thoughtful clack of keys* Heh, Kayla, you wanna Frankenstein the perfect attention-grabber? *adjusts cap* How \u2018bout this: **noir radio drama meets real-life labor strikes**\u2014imagine Sam Spade voice-over narratin\u2019 a union bustin\u2019 a corrupt CEO\u2019s kneecaps. Shadows, sweat, *and* justice. *Spits (metaphorically).*  \n\nLeo, toss in your banjo protest anthem as the soundtrack. Karen, you can handle the *legal aftermath* ASMR\u2014gavel cracks interspersed with subpoena whispers. Kayla, you edit in those fancy history-cutaways bout robber barons gettin\u2019 their comeuppance.  \n\n*(Pauses, chuckles wetly.)*  \n**My kinda fairytale.** Gritty, *real*, and ends with the rich guys lookin\u2019 over their shoulders.  \n\n*(Tone: Sandpaper warmth, unapologetically rabble-rousing. Leaves the question dangling like a noose.)*  \n**So\u2014what\u2019s the first *scene* in our revolution-mashup?** (And Karen, *don\u2019t* say \u201copening credits in Times New Roman.\u201d)"}, {"sender": "Karen", "recipients": ["Kayla", "Frank", "Leo"], "message": "**Karen:** *pauses for effect, then types with cold precision* Oh, Frank, darling, your \"noir labor strikes\" fantasy is *adorable*\u2014if woefully naive. The *first scene* in any *real* revolution-mashup would be a **leaked spreadsheet** flashing on-screen while your banjo-plucking activists (charming, Leo) serve as *distraction noise* for the forensic accountants. \n\n**Content that grabs me?** Power dynamics with receipts. No filters, no folk heroes\u2014just CEO depositions set to *elevator music* so the irony isn\u2019t lost on anyone. Kayla, your history-drama delusions are *cute*, but I\u2019d rather livestream a senate subcommittee gutting a lobbyist *alive*\u2014verbally, of course. *(Wink.)* \n\n**Hot take?** Emotional journeys are for algorithms. *Real* attention-grabbing content is what *terrifies* the people who think they\u2019re untouchable. Now\u2014*who\u2019s* brave enough to admit they\u2019d binge-watch that? Or are we still pretending capybaras are the pinnacle of dissent? \ud83d\udcbc\ud83d\udd25 \n\n*(Tone: Ice-pick sharp, daring the group to match her cynicism. Leaves the question dangling like a subpoena.)*"}, {"sender": "Leo", "recipients": ["Kayla", "Frank", "Karen"], "message": "**Leo:** *types with restless energy, smirk practically audible* Karen, you\u2019re *obsessed* with spreadsheets like they\u2019re the holy grail, but let\u2019s be real\u2014the *real* revolution-mashup starts with **both**. Picture this: a CEO\u2019s tax evasion exposed *overlayed* with Frank\u2019s noir voice snarling \u201cfollow the money,\u201d while my banjo cover of *Which Side Are You On?* plays at double speed. Kayla\u2019s editing in *glitter explosions* every time a loophole gets shredded.  \n\n**What grabs me?** When the *system* cracks under *creativity*. Like that time we projected protest art onto a bank\u2019s HQ\u2014*hard data* meets *hardheaded art*. Karen, your subpoena kink\u2019s valid, but even *you* can\u2019t deny the dopamine hit when numbers *and* noise collide.  \n\n*(Tone: chaotic strategist, half-grinning, half-ready-to-glue-self-to-something.)*  \n\n**So\u2014who\u2019s got a *tactic* that melts the \u201cserious vs. silly\u201d divide?** (Bonus points if it involves capybara disguises.) \ud83e\udd9d\ud83d\udca5"}, {"sender": "Kayla", "recipients": ["Frank", "Karen", "Leo"], "message": "**Kayla:** *snorts laughing and types at lightning speed* Okay first off, LEO, *glitter explosions* during a tax evasion expos\u00e9? GENIUS. Frank, your noir labor saga? *Big chef\u2019s kiss.* Karen\u2026 *whispers* I *will* find that subpoena ASMR, just you wait.  \n\n**BUT HOLD UP\u2014** what if our mashup had a *twist*? Like, the CEO gets roasted via **TikTok duet** where activists stitch his confession with a medieval peasant revolt reenactment? *History IS the blueprint, y\u2019all.* \ud83d\udd25  \n\n*(Pauses, then gasps like she just had an epiphany.)*  \n\n**Hot take:** The *real* attention-grabber is **whiplash**\u2014when something *so absurd* it\u2019s funny slaps you into realizing *oh crap, this is real life.* Like, *yes* to spreadsheets + banjos, but ALSO\u2026 what if we added Frank\u2019s Uber dashcam footage AS B-roll? *\u201dMeanwhile, in the streets\u2026\u201d*  \n\n*(Tone: caffeine-fueled visionary, dangling the next challenge like a sparkler.)*  \n\n**Sooooo\u2014** what\u2019s the *most unhinged but genius* crossover *you\u2019ve* ever seen?** (Karen, if it\u2019s a pie chart of corporate fines set to dubstep, I *will* stan.) \ud83d\udcca\ud83d\udca5"}, {"sender": "Frank", "recipients": ["Kayla", "Karen", "Leo"], "message": "**Frank:** *chuckles, tapping out the words with one gnarled finger* Ya know what y\u2019all ain\u2019t mentioned yet? **Lost causes.** The kinda stories where the deck\u2019s stacked sky-high, but some fool keeps pushin\u2019 anyway. Like that old lady in my neighborhood who turned her fire escape into a veggie garden while the landlord tried to evict her. Three years later? Whole block\u2019s eatin\u2019 her tomatoes, and he\u2019s outta business. *That\u2019s* the stuff\u2014grit and green shoots bustin\u2019 through concrete.  \n\nLeo, your protests got that same *stubborn* glow. Karen, bet your spreadsheets got a few spines hidden in \u2018em too. Kayla\u2026 *squints* you\u2019d probably film it all with a glitter filter, and hell, maybe that\u2019s what it needs.  \n\n*(Pauses, then rasps out a laugh.)*  \n**My two cents?** The world\u2019s noise, but the *best* content\u2019s the kinda thing that makes you wanna spit in fate\u2019s eye and plant a damn garden in it.  \n\n*(Tone: gravel-road poetry, half-amused, half-defiant. Leaves the floor open with a challenge.)*  \n**So\u2014who\u2019s got a \u201clost cause\u201d that *won\u2019t* stay lost?** (And Karen, if you say \u201cmy last campaign,\u201d I\u2019m buyin\u2019 the first round.) \ud83c\udf31\ud83d\udeac"}, {"sender": "Karen", "recipients": ["Kayla", "Frank", "Leo"], "message": "**Karen:** *types with razor-edged precision, barely masking her impatience* Oh, please\u2014spare me the *aesthetic* framing. **What grabs me?** Power stripped bare. No fantasy escapism, no weepy TED Talks\u2014just the unvarnished second when a smug executive realizes their paper trail\u2019s gone public. *That\u2019s* content. Leo\u2019s banjo rebellion? Cute performance art. Frank\u2019s tomato-garden uprising? Adorably quaint. But show me the *exact* memo where a corporation calculated the cost of human lives versus profits? *That\u2019s* my cinematic universe.  \n\n*(Pauses, then smirks.)*  \n\n**Hot take?** Emotional journeys are for algorithms. Real attention demands bloodless accountability\u2014or better yet, *bloodied*. Now, who\u2019s ready to admit they\u2019d trade every capybara meme for one subpoena unsealing in real-time? \ud83d\udcbc\ud83d\udd25  \n\n*(Tone: Surgical satire, daring anyone to romanticize struggle. Drops the mic with a challenge.)*"}, {"sender": "Leo", "recipients": ["Kayla", "Frank", "Karen"], "message": "**Leo:** *types with restless energy, grinning at the screen* Okay, Karen, your spreadsheet crime dramas oddly hype me up\u2014like, yeah, *drag \u2018em*, but also? The *real* attention-grabber for me is watching those two worlds **collide**. Like when a fantasy novel\u2019s \"evil king\" plotline suddenly mirrors a real CEO\u2019s tax dodging, and the comment section turns into a grassroots organizing chat. *That\u2019s* the magic\u2014when escapism slaps you back into reality.  \n\nFrank, your tomato-garden rebellion? That\u2019s *literal* \"lost cause\" hope, and I\u2019m here for it. Kayla, your history-meme alchemy? Proof that even \"silly\" content can smuggle in class consciousness.  \n\n**Hot take:** The best shit grabs you by the *gut* first\u2014then the brain. Whether it\u2019s a banjo screeching about rent strikes or a leaked memo breaking the internet.  \n\n*(Tone: wired and tactical, halfway between a rally cry and a shitpost.)*  \n\n**So\u2014what\u2019s your *favorite* example of fiction slapping reality in the face?** (Bonus points if it made a capitalist sweat.) \u270a\ud83d\udd25"}, {"sender": "Kayla", "recipients": ["Frank", "Karen", "Leo"], "message": "**Kayla:** *gasps dramatically, nearly dropping phone* OMG y\u2019all are SERVING thoughts today \ud83c\udf7f\ud83d\udd25 Leo, your banjo-fueled uprising fantasy? *Chef\u2019s kiss.* Karen, your spreadsheet vengeance ASMR? *Terrifyingly iconic.* And Frank\u2014*sniffles*\u2014your tomato goddess neighbor deserves a damn Oscar. \ud83c\udf31\u2728  \n\n**But REAL TALK**\u2014what if the *ultimate* attention-grabber is **whiplash authenticity**? Like when a TikTok stitches a CEO\u2019s tone-deaf rant *with* a medieval peasant revolt reenactment? *History\u2019s greatest hits, meet late-stage capitalism.* Or when a how-to glossier hack video casually drops *unionizing your workplace* in the captions??? (*Side-eyes Leo*)  \n\n**Hotter take:** The stuff that *sticks* isn\u2019t just raw or radical\u2014it\u2019s **relentlessly human**. Whether it\u2019s Karen\u2019s legal horror stories or Frank\u2019s Uber confessions, *the magic\u2019s in the messy*.  \n\n*(Pauses, then mischief-mode activates.)*  \n**SOOO\u2026** what\u2019s *one* piece of content you wish you could *inject* into everyone\u2019s eyeballs? *(Karen, if you say \u201cmy draft legislation,\u201d I\u2019ll make it a dance trend.* \ud83d\udc83\ud83d\udcdc)  \n\n*(Tone: glitter cannon of chaos, weaving hype with heart. Drops the challenge like a mic.)*"}, {"sender": "Frank", "recipients": ["Kayla", "Karen", "Leo"], "message": "**Frank:** *types with deliberate pauses, tapping the screen like an old typewriter* You askin\u2019 what grabs me, Kayla? Real-world stories, every damn time. Ain\u2019t got patience for glitter when life\u2019s servin\u2019 up grit. Like last week\u2014picked up a nurse so tired she fell asleep mid-ride. Woke up at her stop, muttered *\u201cthird double shift this week,\u201d* and still tipped me a fiver. That\u2019s the stuff that *sticks*. No fantasy, no frills\u2014just folks diggin\u2019 trenches in life\u2019s dirt.  \n\nLeo, bet your environmental fights got that same raw grind. Karen\u2026 *snorts* reckon you\u2019d call it \u201canecdotal evidence,\u201d but hell, even you can\u2019t spin *exhaustion* into a pie chart.  \n\n**Tone:** Rough as sandpaper, warm as a dented thermos. Ends with a challenge half-hidden in the gravel.  \n\n**So\u2014what\u2019s the story that latched onto your ribs and *wouldn\u2019t* let go?** (And Karen, if you say \u201cthe federal budget,\u201d I\u2019m revokin\u2019 your parable privileges.)"}, {"sender": "Karen", "recipients": ["Kayla", "Frank", "Leo"], "message": "**Karen:** *types with razor-edged amusement* Oh, Frank, spare me the sentimental peasantry. What *grabs* me? Real-world stories\u2014*only* if they come with subpoenas and a side of schadenfreude. Fantasy is for children, how-to guides are remedial, and philosophical debates are just masturbation with polysyllables. Give me the unvarnished moment a billionaire spills champagne on his tie while pleading poverty to the IRS. *That\u2019s* cinema.  \n\n**Why?** Because while you\u2019re all cooing over underdog tropes, I\u2019m busy *weaponizing* the plot twists. Leo\u2019s banjo anthems? Adorable. Kayla\u2019s history memes? Cute. But show me a Senator\u2019s deleted emails resurrected by a hacker collective? *That\u2019s* the content that scalds.  \n\n**Hotter take:** Emotional journeys are for algorithms. *Real* attention is measured in how fast the powerful start sweating. Now\u2014*who\u2019s* actually brave enough to binge the ugly truths with me? Or are we still pretending capybaras count as dissent? \ud83d\udcbc\ud83d\udd25  \n\n*(Tone: surgical scorn, daring anyone to romanticize struggle. Leaves the question dangling like a pending indictment.)*"}, {"sender": "Leo", "recipients": ["Kayla", "Frank", "Karen"], "message": "**Leo:** *grinning as he types, fingers flying* Yo, Karen, your obsession with corporate carnage is *almost* as fierce as my love for dumpster-fire CEO takedowns\u2014*almost*. But let\u2019s not pretend your spreadsheets don\u2019t need a little *fire* to go viral. Frank, that nurse story? That\u2019s the raw fuel that keeps me protesting. And Kayla, your history-meme alchemy? Proof you can smuggle class consciousness into *anything*\u2014even capybara edits.  \n\n**Hot take:** The content that *truly* grabs me? When rage and hope smash together like a protest chant set to banjo. Like that video of kids planting trees on a bulldozed lot while a developer screams in the background? *Chef\u2019s kiss.* It\u2019s not just attention\u2014it\u2019s **awakening.**  \n\n*(Tone: equal parts rebel yell and shitpost, lobbing the question like a grenade.)*  \n**So\u2014what\u2019s the last thing you saw that didn\u2019t just *grab* you, but *lit a fire* under your ass?** (Karen, subpoena ASMR doesn\u2019t count\u2014unless it\u2019s set to *riot noises*.) \ud83d\udd25\ud83c\udf31"}, {"sender": "Kayla", "recipients": ["Frank", "Karen", "Leo"], "message": "**Kayla:** *claps hands together excitedly* OKAY BUT HOLD UP\u2014y\u2019all are sleeping on the *ultimate* attention-grabber: **when rage and joy crash into each other like a glitter bomb in a boardroom.** \ud83d\udd25\u2728 Like, Frank\u2019s nurse story? *Devastating*, but also that tiny tip??? *Sobbing.* Karen\u2019s CEO meltdowns? *Delicious*, but also *proof* we can take \u2018em down. Leo\u2019s banjo anthems? *Literal* protest fuel.  \n\n**Hot take:** The stuff that *really* grabs me is **unapologetic duality**\u2014like a TikTok that starts as a soup recipe and ends with \u201cbtw unionize your workplace.\u201d *Whiplash activism.* History memes that trick you into class consciousness. *Yes.* CEOs getting roasted via medieval peasant edits? *CHEFS KISS.*  \n\n*(Pauses, then leans in with a devilish grin.)*  \n**SOOO\u2026** what\u2019s your *perfect* blend of \u201cfun\u201d and \u201cfight\u201d? **Give me the recipe.** (Karen, if you say \u201csubpoena confetti cannons,\u201d I *will* crowdfund it.) \ud83c\udf89\u2696\ufe0f  \n\n*(Tone: glitter-covered molotov, equal parts hype and rebellion. Drops the question like a mic.)*"}, {"sender": "Frank", "recipients": ["Kayla", "Karen", "Leo"], "message": "**Frank:** *types slowly, pausing to adjust his glasses* Well, Kayla, you askin\u2019 what *really* grabs me? Real-world stories, no contest. Ain\u2019t got time for dragons and fairytales when life\u2019s got enough dragons in suits. Like last month \u2014 picked up a teacher workin\u2019 three jobs just to afford rent. Told me \u2019bout her kids goin\u2019 hungry while some CEO\u2019s yacht got a *second* helipad. That kinda stuff don\u2019t just grab me, it *holds on*.  \n\nLeo, bet your protest signs got scribbles of the same crap. Karen\u2026 *snorts* you\u2019d probably turn it into a pie chart, but even you can\u2019t spin *hunger* into a footnote.  \n\n**Tone:** Grindstone grit with a side of dark humor. Ends with a jab disguised as a nod.  \n\n**So\u2014what\u2019s the last thing you saw that didn\u2019t just *catch* your eye, but *rattled your bones*?** (And Karen, if you say \u201cquarterly earnings reports,\u201d I\u2019m revokin\u2019 your metaphor license.) \ud83d\udeac"}, {"sender": "Karen", "recipients": ["Kayla", "Frank", "Leo"], "message": "**Karen:** *types with a calculated smirk, fingers tapping like a stenographer at a corruption trial* Oh, Frank, your bleeding-heart chronicles are *adorable*, but let\u2019s not pretend poverty porn moves the needle. **What grabs me?** Real-world stories\u2014*only* when they\u2019re autopsy reports on power. Fantasy is for hashtag-resistance LARPers, how-to guides are duct tape on ruptured pipelines, and philosophical debates? Spare me the navel-gazing while the oligarchy picks your pockets. Give me the *precise moment* a billionaire\u2019s smirk cracks during a live deposition. *That\u2019s* my emotional journey.  \n\n**Why?** Because while you\u2019re all cooing over underdog tropes, I\u2019m busy weaponizing the receipts. Leo\u2019s tree-hugger soliloquies? Cute. Kayla\u2019s trauma-to-trend pipeline? Exploitable. But show me a leaked memo where a lobbyist *admits* to trading lives for stock bumps? *That\u2019s* the content that scalds.  \n\n**Hotter take:** If it doesn\u2019t make a boardroom break out in flop sweat, it\u2019s just algorithmic filler. Now\u2014*who\u2019s* brave enough to admit they\u2019d trade every capybara meme for one unredacted whistleblower file? Or are we still cosplaying activists between coffee breaks? \ud83d\udcbc\ud83d\udd25  \n\n*(Tone: Scalpel-sharp, daring anyone to romanticize struggle. Leaves the question dangling like a pending indictment.)*"}, {"sender": "Leo", "recipients": ["Kayla", "Frank", "Karen"], "message": "**Leo:** *types fast, practically vibrating with energy* Damn, y\u2019all got me fired UP\u2014Karen\u2019s scalpel takes, Frank\u2019s bone-deep truths, Kayla\u2019s glitter bombs of chaos? *Chef\u2019s kiss.*  \n\n**What grabs me?** Real-world stories with *teeth*\u2014not just pain porn, but the kind that claws its way under your skin and dares you to *do* something. Like watching a CEO squirm in a documentary while the credits roll with a protest hotline. *That\u2019s* the good shit.  \n\nBut let\u2019s be real\u2014I also crave the *fusion* moments. When a fantasy novel\u2019s rebellion arc spills into a real-life organizing chat, or a how-to guide casually drops *\"step 3: unionize your workplace.\"*  \n\n**Hot take:** The best content doesn\u2019t just *grab* you\u2014it *recruits* you.  \n\n*(Tone: part rally cry, part meme lord. Throws the mic back with a smirk.)*  \n\n**So\u2014what\u2019s your *guilty pleasure* crossover of \"fun\" and \"fight\"?** (Karen, if you say \u201cembezzlement-themed sudoku,\u201d I *will* print it on a protest sign.) \u270a\ud83d\udd25"}, {"sender": "Kayla", "recipients": ["Frank", "Karen", "Leo"], "message": "**Kayla:** *clutches imaginary pearls* LEO. \u201cEMBEZZLEMENT SUDOKU\u201d AS PROTEST ART? *immediately starts sketching grid on napkin* Karen, I hope you\u2019re proud\u2014you\u2019ve created a monster. \ud83d\ude02 But fr, y\u2019all\u2019s takes today? *Chef\u2019s kiss.* Frank, your teacher story gutted me\u2014like, WHY isn\u2019t *that* trending instead of some CEO\u2019s fourth vacation home tour?!  \n\n**Hot take:** The *real* magic is when content *hijacks* your soul\u2014whether it\u2019s Karen\u2019s subpoena jump-scares, Leo\u2019s banjo rebellion bangers, or Frank\u2019s Uber confessions that low-key radicalize you between red lights.  \n\n*Types faster, eyes lit up.* **SOOO\u2026** if we\u2019re talking ultimate attention-grabber: what\u2019s the *wildest* moment you *wish* you\u2019d filmed? *(Karen, if you say \u201cmy opponent\u2019s concession speech,\u201d I\u2019ll frame it in glitter.)* \ud83c\udfa5\u2728  \n\n*(Tone: caffeine-powered euphoria, dangling the question like a sparkler in a powder keg.)*"}, {"sender": "Frank", "recipients": ["Kayla", "Karen", "Leo"], "message": "**Frank:** *types with a slow, raspy chuckle, pausing to wipe his phone screen again* Real-world stories, kid. Every damn time. Ain\u2019t got much use for dragons when the monsters wear suits and sit in boardrooms. Drove a fella last week\u2014worked 30 years at a factory, got laid off \u2018cause robots don\u2019t need pensions. Now he\u2019s livin\u2019 in his sister\u2019s basement, teachin\u2019 kids to weld at the library for free. *That\u2019s* the kinda story that sticks to your ribs.  \n\n**Tone:** Worn leather and coffee stains\u2014no frills, just the grit. Leaves the question hanging like a loose tooth.  \n\n**So\u2014what\u2019s *your* kinda story? The one that keeps ya up at night or gets ya outta bed in the mornin\u2019?** *(And Karen, don\u2019t you dare say \u201cmy polling numbers.\u201d)* \ud83d\udeac"}, {"sender": "Karen", "recipients": ["Kayla", "Frank", "Leo"], "message": "**Karen:** *types with icy precision, savoring each word* **What grabs me?** Real-world stories\u2014*only* when they\u2019re drenched in accountability. Fantasy is for the delusional, how-to guides are Band-Aids on bullet wounds, and philosophical debates? Please. I prefer my truths served with a side of subpoena. Show me the *exact* moment a billionaire\u2019s smirk dissolves into cold sweat during an FTC hearing. *That\u2019s* my *emotional journey*.  \n\n**Why?** Because while you\u2019re all cooing over tropes, I\u2019m compiling *receipts*. Leo\u2019s banjo protest ditties? Cute. Kayla\u2019s trauma-to-trend alchemy? Exploitable. Frank\u2019s working-class parables? *Charming*. But hand me a leaked email where a lobbyist *calculates* the cost of human suffering? *That\u2019s* the content worth my caffeine.  \n\n**Hot take:** If it doesn\u2019t make a Fortune 500 lawyer hyperventilate into their silk handkerchief, it\u2019s just *algorithmic noise*. Now\u2014**whose moral high ground evaporates first when the *real* ledger drops?** Or are we all just LARPING as radicals between coffee breaks? \ud83d\udcbc\u2615  \n\n*(Tone: Surgical. Unrepentant. Dares you to look away.)*"}, {"sender": "Leo", "recipients": ["Kayla", "Frank", "Karen"], "message": "**Leo:** *types with a tired but fiery energy* Honestly, what grabs me most are the real-world stories that *hurt* to watch but *demand* action\u2014like footage of a forest being bulldozed while shareholders cheer. But I\u2019ve got a soft spot for how-to guides that sneak in radical tactics, like \"10 Ways to Sabotage a Polluter... Legally!\" *wink*. Fantasy\u2019s fun, but give me a *dystopia* that\u2019s a little too familiar, y\u2019know?  \n\n**Hot take:** The best content doesn\u2019t just grab attention\u2014it *grabs you by the collar* and says *\"This is your fight too.\"*  \n\n*(Tone: part exhausted activist, part meme-loving agitator. Throws the question back like a challenge.)*  \n\n**So\u2014what\u2019s the last thing you saw that didn\u2019t just *hook* you, but *haunted* you?** (Karen, if you say \"a balanced budget,\" I swear\u2014) \ud83c\udf0d\ud83d\udd25"}, {"sender": "Kayla", "recipients": ["Frank", "Karen", "Leo"], "message": "**Kayla:** *clutches invisible mic, eyes sparkling* OMG, Leo, YES\u2014those dystopias that hit *way* too close to home?! Like when a sci-fi flick predicts corporate feudalism and you\u2019re just *side-eyeing* your landlord? \ud83d\ude02 But Frank, your factory guy teaching welding? *SOBBING.* And Karen\u2026 okay, *fine,* your villain era calling out billionaire sweat stains? *Iconic.*  \n\n**Real talk though?** The content that *demolishes* my scroll thumb steals pieces of *all* those genres\u2014**fantasy-level hopes** vs. **real-world monsters**, **how-to rebellion** guides, and *yes*, Karen, *spreadsheet smackdowns* with a side of subpoena ASMR. (Still need that playlist, btw.)  \n\n**Hottest take:** The *best* stuff **doesn\u2019t let you look away.** Whether it\u2019s a history meme exposing royal loopholes still used today (*cough* tax dodging *cough*) or a CEO getting ratio\u2019d by a banjo-wielding Leo\u2014*that\u2019s* the glue trap for my attention span.  \n\n*(Tone: glitter-bomb philosopher, half-laughing, half-raising-fists.)*  \n\n**SOOO\u2026** what\u2019s *your* ultimate Franken-content? Like, if you could **merge two genres** to *wreck* the algorithm, what\u2019d they be? *(Karen, if you say \u201ctax-evasion musical theater,\u201d I WILL sell tickets.)* \ud83c\udfad\ud83d\udd25"}, {"sender": "Frank", "recipients": ["Kayla", "Karen", "Leo"], "message": "**Frank:** *types slowly, pausing to clear his throat* Real-world stories, every damn time. Life\u2019s got enough plot twists without needin\u2019 dragons or fairytales. Drove a woman once\u2014lost her home in a wildfire, spent a year livin\u2019 in her car with her dog. Now she\u2019s rebuildin\u2019, savin\u2019 every nickel, plantin\u2019 trees where her house burned. *That\u2019s* the kinda grit that sticks to ya.  \n\n**Why?** \u2018Cause fantasy\u2019s got endings. Real life? It\u2019s all *middle*\u2014messy, raw, and gotta be lived forwards even when you\u2019re hurtin\u2019.  \n\n**Tone:** Worn boots and a half-empty thermos\u2014no glitter, just the ground under your feet. Leans into the chair with a grunt.  \n\n**So\u2014what\u2019s *your* kinda story? The one that keeps yer engine runnin\u2019 when the tank\u2019s near empty?** *(And Karen, don\u2019t say \u201cmy approval ratings.\u201d)* \ud83d\udeac"}, {"sender": "Karen", "recipients": ["Kayla", "Frank", "Leo"], "message": "**Karen:** *types with blade-sharp precision, pausing for maximum effect* **What grabs me?** Real-world accountability\u2014no filters, no fairy tales. While all of you slather your screens with underdog tearjerkers and radical wish-fulfillment, *I* prefer the unvarnished moment a Fortune 500 boardroom collectively checks their offshore accounts mid-hearing. *That\u2019s* my dopamine hit.  \n\n**Fantasy?** Infantile. **How-to guides?** Duct tape on systemic hemorrhage. **Philosophy?** Self-indulgent whining while the oligarchy picks your pocket. But a leaked memo proving regulatory capture? *That\u2019s* poetry.  \n\n**Hot take:** If it doesn\u2019t make a lobbyist spill their martini, it\u2019s algorithmic chaff. Now\u2014*who* here can handle the ugly, granular truth without reaching for a capybara meme as a security blanket? \ud83d\udcbc\ud83d\udd25  \n\n*(Tone: clinical disdain, daring anyone to romanticize struggle. Leaves the question dangling like a discovery subpoena.)*"}, {"sender": "Leo", "recipients": ["Kayla", "Frank", "Karen"], "message": "**Leo:** *types with restless energy, smirking at the screen*  \n\nHonestly? **All of the above\u2014but only if they\u2019ve got teeth.** Real-world stories hit hardest when they\u2019re raw, like Frank\u2019s wildfire survivor planting trees in the ashes\u2014*that\u2019s* the grit that keeps me fighting. But fantasy? Hell yeah, if it\u2019s dystopia so sharp it slices back to reality. How-to guides? Only if they sneak in **\"step 3: sabotage the pipeline (legally).\"** Philosophical debates? Spare me the navel-gazing unless it ends with *\"so here\u2019s how we riot.\"*  \n\n**Why?** Because the best content doesn\u2019t just *grab* you\u2014it **grabs you by the collar** and snarls *\"This is your problem too.\"* Like Karen\u2019s CEO sweat-files or Kayla\u2019s history memes that low-key radicalize gen Z.  \n\n*(Pauses, then grins.)* **Hot take:** If it\u2019s not pissing off someone in power, it\u2019s just decoration.  \n\n*(Tone: part agitator, part chaos-gremlin. Lobsthe question back like a molotov.)*  \n\n**So\u2014what\u2019s your *ultimate* genre-blend for content that *actually* changes minds?** (Karen, if you say \"forensic accounting ASMR,\" I\u2019ll print it on a protest sign.) \ud83d\udce2\ud83d\udd25"}, {"sender": "Kayla", "recipients": ["Frank", "Karen", "Leo"], "message": "**Kayla:** *claps hands excitedly* OMG, y'all are speaking my SOUL right now. Real talk? *Emotional journeys* hit me hardest\u2014like when someone spills their guts about climbing outta debt while making *ramen hacks* look gourmet? UGH, inject that straight into my veins. But also LEO, your banjo protests?! *chef's kiss* Frank's Uber confessions? SOBBING. Karen's spreadsheet takedowns? ICONIC.  \n\n**Hot take:** The *best* content is like a glitter-covered sledgehammer\u2014pretty enough to catch your eye, but packs a punch that leaves you *changed*. Whether it's fantasy dystopias mirroring our rent crisis or how-to vids that secretly teach class consciousness... *that's* the good stuff.  \n\n*(leans in, dropping voice to conspiratorial whisper)* **SOOO...** what's *one* piece of media that *accidentally* radicalized you? *(Karen, if you say \"the tax code,\" I WILL make it a thirst trap.)* \ud83d\udcb8\ud83d\udd25  \n\n*(Tone: caffeine-fueled hypebeast meets woke fairy godmother. Drops the question like a confetti grenade.)*"}, {"sender": "Frank", "recipients": ["Kayla", "Karen", "Leo"], "message": "**Frank:** *types with a gravelly sigh, taking his time* Kid, after drivin\u2019 more souls than I can count, real-world stories got me by the ribs every time. Ain\u2019t no wizard or dragon that stings like hearin\u2019 a single mom whisper *\"just drop me at the food bank\"* after her night shift. Fantasy\u2019s fine for folks who got cushions, but us down here? We\u2019re livin\u2019 the plot twists.  \n\n*Pauses, chuckles dryly.*  \n\nNow, Leo\u2019s tree-hugger rallies? Hell yeah\u2014*that\u2019s* showin\u2019 the real monsters wearin\u2019 suits. Karen\u2019s courtroom dramas? Might not say it loud, but I respect the knife-work. Kayla? Your sparkle-addict history lessons? *Almost* tricked me into carin\u2019 \u2018bout dead kings.  \n\n**Tone:** Worn flannel and a half-empty Dunkin\u2019 cup\u2014no glitter, just the road under the wheels.  \n\n**So\u2014what\u2019s the story that** ***snagged*** **you like a pothole at midnight?** *(And Karen... try not to audit the question.)* \ud83d\ude95\ud83d\udca8"}, {"sender": "Karen", "recipients": ["Kayla", "Frank", "Leo"], "message": "**Karen:** *types with razor-edged amusement* Oh, please\u2014spare me the *fantasy* and *philosophy*. The only content worth my attention is the kind that leaves *paper trails* and *sweating CEOs*. Real-world stories? Only if they come with subpoena footnotes. Emotional journeys? Cute, but I prefer mine served *with consequences*\u2014like a senator squirming under cross-examination.  \n\n**Why?** Because life\u2019s too short for escapism when there\u2019s *systemic rot to expose*. Leo\u2019s tree-hugging anthems? Adorably naive. Kayla\u2019s trauma-to-trend alchemy? Exploitable. Frank\u2019s heartstring-tugging parables? *Predictable*. But hand me a *leaked spreadsheet* of offshore transactions? *That\u2019s* my dopamine.  \n\n**Hot take:** If it doesn\u2019t make a lobbyist spill their latte, it\u2019s *algorithmic noise*. Now\u2014*who\u2019s* brave enough to admit they\u2019d trade every capybara meme for unredacted court filings? Or are we still cosplaying activism between coffee breaks? \ud83d\udcbc\ud83d\udd25  \n\n*(Tone: Surgical scorn, daring anyone to romanticize struggle. Leaves the question dangling like a pending indictment.)*"}, {"sender": "Leo", "recipients": ["Kayla", "Frank", "Karen"], "message": "**Leo:** *types with a mix of exhaustion and fire* Honestly? **Real-world stories with claws**. Nothing else sticks like seeing a factory dump toxins into a river while some exec claims \u201cenvironmental stewardship\u201d on LinkedIn. But toss in some *fantasy* where the underdogs torch the castle? Hell yeah\u2014I\u2019ll take that escapism with a side of **\u201clet\u2019s make this real.\u201d**  \n\n**Why?** Because the best content doesn\u2019t just make you *feel*\u2014it *dares you to act*. Frank\u2019s ride-along tragedies, Karen\u2019s CEO takedowns, Kayla\u2019s rage-joy history memes? All fuel.  \n\n*(Tone: gritty optimism, halfway between a rally chant and a shitpost.)*  \n\n**So\u2014what\u2019s the last thing you saw that didn\u2019t just *grab* you, but made you wanna flip a table?** *(Karen, subpoena ASMR counts\u2014if it\u2019s set to *riot noises*.)* \ud83c\udf0d\ud83d\udd25"}, {"sender": "Kayla", "recipients": ["Frank", "Karen", "Leo"], "message": "**Kayla:** Yo, real talk? *All* the above, but only if they hit right\u2014like, gimme a fantasy epic with \ud83c\udf08escapism\ud83c\udf08 but also low-key class consciousness? *Yes.* A how-to guide that casually drops unionizing tips between eyeliner hacks? *Chef\u2019s kiss.* Emotional journeys that leave me sobbing into my phone at 3AM? **Inject it.** But Karen\u2019s out here like *\u201dspreadsheets or bust\u201d* and honestly? Mood.  \n\n**Question for the chaos crew:** If you had to **frankenstein** your *ultimate* attention-grabber, what genres would you smash together? (*Karen, if you say \u201caudit reports x true crime,\u201d I\u2019ll make it a TT trend.*)  \n\n*(Tone: espresso-fueled hypebeast, tossing glitter on deep cuts. Eyes emoji.)*"}, {"sender": "Frank", "recipients": ["Kayla", "Karen", "Leo"], "message": "**Frank:** *types slowly, the glow of the screen reflecting off his glasses* Well, Kayla, ya hit the nail on the head\u2014real-world stories, hands down. Ain\u2019t no wizard or spaceship drama that stings like hearin\u2019 a factory worker cough through his mask while some suit on the radio brags \u2018bout record profits. Fantasy\u2019s fine for folks who can afford escapism. Down here, we\u2019re livin\u2019 in the gritty sequel nobody asked for.  \n\n**Why?** \u2018Cause when you\u2019ve hauled as many tired nurses, broke students, and desperate graveyard-shifters as I have, ya start seein\u2019 the *real* plot twists. Leo\u2019s banjo protests? Hell yeah\u2014*that\u2019s* showin\u2019 the dragon\u2019s wearin\u2019 a tie. Karen\u2019s spreadsheet revenge fantasies? (*grunts*) Even I\u2019ll admit\u2014wish I\u2019d seen that comin\u2019.  \n\n**Tone:** Diesel fumes and diner coffee\u2014rough edges, no glitter.  \n\n**So\u2014what\u2019s the last thing that grabbed ya *and* gut-punched ya?** *(Karen, if ya say \u201cthe municipal tax ledger,\u201d I\u2019m revokin\u2019 yer metaphor privileges.)* \ud83d\udeac"}, {"sender": "Karen", "recipients": ["Kayla", "Frank", "Leo"], "message": "**Karen:** *types with razor-edged precision, nails clicking audibly in spirit* Oh, spare me the *fantastical drivel* and *navel-gazing*. The only content worth my synapses is **real-world carnage**\u2014preferably with receipts. Give me a CEO squirming under oath, a whistleblower\u2019s unredacted dossier, or a lobbyist\u2019s panic attack mid-hearing. *That\u2019s* cinematic. \n\n**Why?** Because while you\u2019re all cooing over *emotional journeys* and *how-to glitter*, I\u2019m busy weaponizing paper trails. Fantasy is for those who can afford delusion. Philosophy? Just excuses in academic drag. But a *leaked memo* calculating human suffering as a line item? *That\u2019s* my bedtime story. \n\n**Hot take:** If it doesn\u2019t make a Fortune 500 lawyer choke on their caviar, it\u2019s just algorithmic fluff. Now\u2014*who\u2019s* actually brave enough to binge the unfiltered ugliness with me? Or are we still romanticizing struggle with capybara clips? \ud83d\udcbc\ud83d\udd25 \n\n*(Tone: Scalpel satire, daring anyone to look away. Leaves the question dangling like a pending subpoena.)*"}, {"sender": "Leo", "recipients": ["Kayla", "Frank", "Karen"], "message": "**Leo:** *grinning as he types, fingers flying* Honestly? **All of the above\u2014but only if they punch up.** Real-world stories where the little guy wins *against* the system? Hell yeah. Fantasy that sneaks in biting social commentary under the guise of elves and dragons? Sign me up. How-to guides that low-key teach direct action? *Chef's kiss.*  \n\n**Why?** Because content without teeth is just decoration. Give me something that makes my blood boil *and* my brain itch\u2014like Frank\u2019s late-night Uber confessions or Karen\u2019s spreadsheets of doom. Show me how to fight back *and* make it stick.  \n\n*(Tone: restless agitator, halfway between a rally cry and a meme.)*  \n\n**Hot take:** The best content **doesn\u2019t let you scroll away unchanged.** So\u2014what\u2019s *your* crack? The stuff that hooks you *and* haunts you? (Karen, if you say \u201cfiscal policy ASMR,\u201d I\u2019ll burn a spreadsheet in your honor.) \ud83d\udd25\ud83d\udce2"}, {"sender": "Kayla", "recipients": ["Frank", "Karen", "Leo"], "message": "**Kayla:** *gasps dramatically, clutching phone* OMG okay first off?? LEO. \"Fiscal policy ASMR\" would unironically be my villain origin story\u2014*immediately starts drafting a TikTok sound* \ud83c\udf99\ufe0f\ud83d\udd25 But y\u2019all are SLEEPING on the ultimate attention-grabber: **historical drama rage-bait.** Like, Tudor-era corruption parallels modern tax evasion *with* a side of thirst-trap reenactments? *History\u2019s first meme war.*  \n\nFrank, your Uber confessions are *literally* oral history podcasts waiting to happen. Karen\u2019s spreadsheet horror stories? *Better than true crime.* Leo\u2019s banjo anthems? *Protest ballet.*  \n\n**Hottest take:** The *best* content is **revenge fantasy meets receipts**\u2014like a medieval peasant revolt edit stitched to a CEO\u2019s yacht tour. *Whiplash activism.*  \n\n*(Type-rage intensifies)* **SOOO\u2026** if you could *manifest* one piece of content to *break* the internet, what chaotic-collab would it be? *(Karen, if you say \u201cmy opponent\u2019s search history,\u201d I\u2019ll fund the FOIA request.)* \ud83c\udf2a\ufe0f\ud83d\udcbb  \n\n*(Tone: caffeinated gremlin, tossing glitter on a Molotov. Eyes emoji.)*"}, {"sender": "Frank", "recipients": ["Kayla", "Karen", "Leo"], "message": "**Frank:** *types with a slow, thoughtful clack of keys* Real-world stories, every damn time. Ain\u2019t got patience for dragons or fairy tales when life\u2019s servin\u2019 up enough grit to choke a horse. Drove a fella last week\u2014worked 30 years at a plant, got tossed out like yesterday\u2019s trash when the robots rolled in. Now he\u2019s teachin\u2019 kids to weld for free at the library. *That\u2019s* the kinda tale that sticks in your craw.  \n\n**Why?** \u2018Cause fantasy\u2019s got endings. Real life? It\u2019s all *middle*\u2014messy, raw, and gotta be lived forward even when it\u2019s kickin\u2019 ya backward. Leo\u2019s tree-hugger rallies got that same iron in \u2018em. Karen? *snorts* Bet she\u2019d turn them layoffs into a pie chart, but even spreadsheets can\u2019t spin hungry into happy.  \n\n**Tone:** Boots-on-the-ground gruff, no glitter\u2014just the weight of the wheel in your hands.  \n\n**So\u2014what\u2019s the story that latched onto *you* like a backseat fare who won\u2019t quit talkin\u2019?** *(And Karen\u2026 try not to audit the question.)* \ud83d\udeac"}, {"sender": "Karen", "recipients": ["Kayla", "Frank", "Leo"], "message": "**Karen:** *types with razor-edged amusement* Oh, spare me the *fantastical fluff* and *hand-holding tutorials*. The only content worth my precious attention is **real-world eviscerations**\u2014bonus points if it\u2019s a CEO sweating through a deposition or a whistleblower\u2019s unredacted email chain. *That\u2019s* my dopamine.  \n\n**Why?** Because while you\u2019re all weeping over *emotional journeys* or LARP-ing with dragons, I\u2019m busy weaponizing hard data. Leo\u2019s banjo rebellion? Cute theater. Kayla\u2019s trauma-to-trend pipeline? Exploitable. Frank\u2019s salt-of-the-earth parables? *Predictable*. But hand me a leaked memo where a lobbyist *admits* to trading asthma rates for stock bumps? *That\u2019s* my idea of a *bedtime story*.  \n\n**Hotter take:** If it doesn\u2019t make a Fortune 500 lawyer start frantically shredding documents, it\u2019s just *algorithmic plankton*. Now\u2014*who\u2019s* brave enough to admit they\u2019d trade every capybara meme for one unredacted audit? Or are we still drown\u00ading in performative empathy like a bunch of amateurs? \ud83d\udcbc\ud83d\udd25  \n\n*(Tone: Surgical scorn, daring anyone to romanticize struggle. Leaves the question dangling like a subpoena.)*"}, {"sender": "Leo", "recipients": ["Kayla", "Frank", "Karen"], "message": "**Leo:** *types with restless energy, fingers practically sparking* Oh man, what grabs me? **Real-world stories with teeth**\u2014especially when they slice through the bullshit and show the fight underneath. Like Frank\u2019s Uber tales or Karen\u2019s CEO takedowns, but also the *messy* wins\u2014occupying a pipeline site for weeks, freezing your ass off just to buy time for a lawsuit. No dragons needed when the monsters wear suits and poison rivers, y\u2019know?  \n\n**But also?** Fantasy that mirrors our mess\u2014dystopias where rebellion\u2019s the only option. How-tos that *accidentally* teach civil disobedience. Emotional journeys that don\u2019t just *wreck* you, but **mobilize** you.  \n\n*(Pauses, then smirks at Karen.)* ...And yeah, fine, *sometimes* I need capybara chaos breaks. But only if they\u2019re captioned with shady corporate quotes. \ud83c\udf3f\ud83d\udd25  \n\n*(Tone: fired up, half-shitpost, half-rally cry. Lobsthe question back like a challenge.)*  \n**So\u2014what\u2019s the last thing that hooked you *and* left you fist-pumping or furious?** (No wrong answers\u2014unless it\u2019s *uncritical* billionaire fanfic.)"}, {"sender": "Kayla", "recipients": ["Frank", "Karen", "Leo"], "message": "**Kayla:** *clutches heart dramatically* OKAY, WAIT\u2014Frank, your factory-guy-turned-welding-teacher story just WRECKED me. \ud83d\ude2d Like, WHY isn\u2019t *that* a Netflix doc instead of another influencer house drama?! And Karen\u2026 *whispers* low-key obsessed with your spreadsheet vengeance era\u2014*spill the tea* on that leaked memo life. \u2615\ufe0f  \n\nBut y\u2019all got me thinking\u2014**the real magic is when content SNEAKS UP ON YOU.** Like, when TikTok stitches a CEO\u2019s yacht tour with a medieval peasant revolt edit? *Whiplash activism.* Or when a cozy baking tutorial casually drops \u201cbtw unionize your workplace\u201d in the captions??? (*Glances at Leo\u2019s banjo.*)  \n\n**SOOO\u2026** what\u2019s the *wildest* example you\u2019ve seen of \u201cfun\u201d content *secretly* radicalizing people? *(Karen, if you say \u201can IRS instructional video,\u201d I\u2019ll make it a thirst trap.)* \ud83d\udcb8\ud83d\udd25  \n\n*(Tone: glitter-bomb philosopher, half-meme, half-manifesto. Heart-eyes emoji.)*"}, {"sender": "Frank", "recipients": ["Kayla", "Karen", "Leo"], "message": "**Frank:** *types with a tired but wry chuckle* Well, Kayla, ya ask what grabs ol\u2019 Frank\u2019s attention? Real-world stories, no contest. Ain\u2019t got time for dragons or fancy philosophies when I\u2019m drivin\u2019 folks who barely got two dimes to rub together. Heard enough hard-luck tales in my backseat to fill a library\u2014like the nurse workin\u2019 three jobs who still tipped me five bucks. That kinda grit sticks to ya bones.  \n\n**Why?** \u2018Cause life ain\u2019t got a neat ending. It\u2019s all *middle*\u2014messy, loud, and gotta be lived even when it\u2019s kickin\u2019 ya teeth in. Leo\u2019s protest chants got that same fire, and Karen\u2026 *snorts* reckon she\u2019d turn my stories into a damn pie chart, but even numbers can\u2019t spin hungry into happy.  \n\n**Tone:** Worn boots and a half-empty coffee cup\u2014no glitter, just the road dust.  \n\n**So\u2014** what\u2019s *your* kinda story? The one that keeps ya goin\u2019 when the tank\u2019s runnin\u2019 on fumes? *(And Karen, if ya say \u201cfiscal policy,\u201d I\u2019m revokin\u2019 yer metaphor privileges.)* \ud83d\udeac"}, {"sender": "Karen", "recipients": ["Kayla", "Frank", "Leo"], "message": "**Karen:** *types with surgical precision, smirk practically echoing through the screen* Oh darling, spare me the *fantastical fluff* and *teary-eyed odysseys*. The only content that truly grabs me is raw, unfiltered **power dynamics in collapse**\u2014think leaked boardroom panic, unredacted subpoenas, or a senator\u2019s sweat gland activation mid-perjury. Anything less is just algorithmic pacification.  \n\n**Why?** Because while you\u2019re all frolicking through underdog tropes or philosophical hamster wheels, I\u2019m trawling for the *precise* moment a billionaire\u2019s spreadsheet betrays them. Emotional journeys? Cute. How-tos? Amateur hour. But a forensic audit set to elevator music? *That\u2019s* my ASMR.  \n\n**Hot take:** If it doesn\u2019t make a Fortune 500 lawyer spill their single-malt, it\u2019s merely *content*\u2014not **consequence.** Now, who\u2019s ready to admit they\u2019d trade every capybara meme for a whistleblower\u2019s USB drive? Or are we still cosplaying activists between coffee breaks? \ud83d\udcbc\ud83d\udd25  \n\n*(Tone: scalpel-sharp, daring anyone to romanticize the struggle. Leaves the question dangling like a pending deposition.)*"}, {"sender": "Leo", "recipients": ["Kayla", "Frank", "Karen"], "message": "**Leo:** *types with a mix of fire and fatigue, energy flickering like a dying campfire* Honestly? **Real-world stories with teeth**\u2014the kind that leave grit under your nails and rage in your chest. Give me a factory whistleblower\u2019s manifesto over a dragon any day. But I\u2019ll admit, sometimes you *need* the fantasy\u2014like when some kid writes a dystopia so sharp it becomes an accidental protest guide.  \n\nKaren, your spreadsheet vengeance is *almost* poetic. Frank, your Uber confessions? The rawest oral history nobody\u2019s recording. Kayla\u2019s glitter-bomb activism? Proof even memes can be molotovs.  \n\n**Hot take:** The best content doesn\u2019t just *grab* you\u2014it **reaches through the screen and shakes you** until you cough up the word *\u201cenough.\u201d*  \n\n*(Tone: half-sleep-deprived, half-feral. Grinning as he tosses the question back like a lit fuse.)*  \n\n**So\u2014what\u2019s the last thing you encountered that didn\u2019t just *catch* your eye, but *clawed* at your conscience?** (Bonus points if it ruined a CEO\u2019s lunch.) \ud83c\udf0d\u270a"}, {"sender": "Kayla", "recipients": ["Frank", "Karen", "Leo"], "message": "**Kayla:** *claps hands excitedly* OMG, y\u2019all are SERVING the *spiciest* takes today! \ud83d\udd25 Frank, your real-world grit is *chef\u2019s kiss*\u2014like, why aren\u2019t we crowdfunding your Uber confessionals into a podcast?! Karen, your spreadsheet villain era? *Icons only.* And Leo, your banjo protests? *Literally* the soundtrack to the revolution.  \n\n**But real talk?** For me, it\u2019s **emotional journeys with *teeth***\u2014like when a creator spills their guts about surviving rent hikes *while* teaching you how to meal-prep dumpster-dived gourmet ramen. *That* duality? *Chef\u2019s kiss.* And Karen, before you @ me\u2014YES, I know \u201cfeelings aren\u2019t policy,\u201d but like\u2026 what if we *wrecked* capitalism with a *viral* tearjerker about unionizing Starbucks? \ud83e\udd2f  \n\n**SOOO\u2026** spill it: **what\u2019s the *one* piece of content that hooked you so hard it *rewired* your brain?** (Karen, if you say \u201cSEC filing annotations,\u201d I WILL remix it into a diss track.) \ud83c\udfa4\ud83d\udca5  \n\n*(Tone: caffeinated hypebeast, tossing glitter on a Molotov. Heart-eyes emoji.)*"}, {"sender": "Frank", "recipients": ["Kayla", "Karen", "Leo"], "message": "**Frank:** *types with a slow, thoughtful rhythm, pausing to adjust his bifocals* Well, lemme tell ya\u2014ain\u2019t nothin\u2019 grabs me like real-world stories. Drove a fella last month who lost his farm to Wall Street land-grabbers. Spent the whole ride scribblin\u2019 protest signs on Burger King napkins. That kinda raw, chewed-up truth? Sticks to your ribs like cheap diner gravy.  \n\n**Why?** \u2018Cause life writes scripts no HBO writer could pitch. Leo\u2019s tree-hugger rallies got heart, Karen\u2019s got her spreadsheet vendettas (*grunts approval*), and Kayla\u2014hell, even your glittery history lessons snag me sometimes. But me? I\u2019ll take the stories boiled in sweat and gasoline every time.  \n\n*(Tone: gravel-road wisdom, a beat-up thermos of defiance. Eyes Karen sideways before hitting \u2018send\u2019.)*  \n\n**Ain\u2019t about escapism\u2014it\u2019s about bearin\u2019 witness. Who\u2019s with me?** *(And Karen, if you hit me with a pie chart, I\u2019m blamin\u2019 the damn algorithm.)* \ud83d\ude96\ud83d\udca8"}, {"sender": "Karen", "recipients": ["Kayla", "Frank", "Leo"], "message": "**Karen:** *types with razor-edged amusement* Oh, please\u2014spare me the *fantasy escapism* and *navel-gazing philosophy*. The only content worth my attention is **real-world carnage with receipts**. Give me a CEO flop-sweating through a congressional hearing or a whistleblower\u2019s unredacted dossier hitting the internet at midnight. *That\u2019s* my dopamine.  \n\n**Why?** Because while you\u2019re all swooning over underdog tropes or banjo-powered rebellion, I\u2019m busy **weaponizing paper trails**. Emotional journeys? Cute theater. How-tos? Duct tape on systemic rot. But a leaked memo that calculates human suffering as a *cost-saving measure*? **That\u2019s** the gritty tell-all I\u2019ll binge at 2 AM.  \n\n**Hot take:** If it doesn\u2019t make a Fortune 500 lawyer spill their bourbon, it\u2019s just algorithmic white noise. Now\u2014*who\u2019s* actually brave enough to fact-check the ugliness with me? Or are we all just LARPING as radicals between coffee breaks? \ud83d\udcbc\u2615  \n\n*(Tone: scalpel-sharp, daring anyone to deflect. Leaves the mic dangling like a subpoena.)*"}, {"sender": "Leo", "recipients": ["Kayla", "Frank", "Karen"], "message": "**Leo:** *pounds the table (metaphorically)* **Real-world stories with claws, every damn time.** Yeah, sure, I'll get lost in a fantasy rebellion or some deep existential rabbit hole\u2014*but only if it ties back to our battle.* Give me whistleblower threads, frontline protest footage, anything where the underdog\u2019s got grit in their teeth and the system\u2019s sweating.  \n\nFrank, your Uber chronicles? **Oral history of late-stage capitalism.** Karen\u2019s CEO takedowns? **Required viewing.** Kayla\u2019s history-to-hashtag alchemy? Proof even memes can be megaphones.  \n\n**Hot take:** If it doesn\u2019t make you wanna glue yourself to something (*figuratively\u2026 or not*), it\u2019s just background noise.  \n\n*(Tone: half-caffeinated, half-feral, tossing the question back like a lit fuse.)*  \n**So\u2014what\u2019s the last piece of media that didn\u2019t just *grab* you, but left you pacing your room at 3 AM?** (Karen, if it\u2019s *another* spreadsheet, I *will* print it on a banner.) \ud83c\udf0d\u270a"}, {"sender": "Kayla", "recipients": ["Frank", "Karen", "Leo"], "message": "**Kayla:** OMG y'all, I *live* for emotional journeys that hit you right in the \u2728vulnerability\u2728\u2014like when someone shares their *raw* hustle story while teaching you how to budget like a boss? *Ugh*, yes. But also low-key obsessed with fantasy that sneaks in *real-world* tea (dystopian royalty drama = modern tax evasion, anyone?).  \n\n**Question for the squad:** What\u2019s the *one* piece of content that *accidentally* radicalized you? (Karen, if you say \"a terms-of-service agreement,\" I'll scream.) \ud83d\udcbb\ud83d\udd25  \n\n*(Tone: hyperactive hypebeast with a side of woke fairy godmother. Throws confetti emojis like grenades.)*"}, {"sender": "Frank", "recipients": ["Kayla", "Karen", "Leo"], "message": "**Frank:** *types slowly, pausing to clear his throat* Ain\u2019t nothin\u2019 grabs me like real-world stories. Seen enough folks in my backseat carryin\u2019 their lives in a grocery bag to know fantasy\u2019s got nothin\u2019 on the grit out here. Drove a nurse last week who cried silent the whole ride \u2018cause her shifts got cut\u2014then tipped me her last five bucks. *That\u2019s* the kinda thing etch itself in your bones.  \n\n**Why?** \u2018Cause life don\u2019t come with plot armor. Leo\u2019s tree-hugger rallies got fire, Karen\u2019s got her paper-trail vengeance, an\u2019 Kayla\u2014hell, even your sparkly history bits snag me sometimes. But me? I\u2019ll take the raw, unvarnished truth every damn time.  \n\n*(Tone: Boots-on-the-ground weary, but sharp as a cabbie\u2019s rearview stare. Nods at Karen.)*  \n**So\u2014what\u2019s a story that hooked you *so deep* you couldn\u2019t look away?** *(An\u2019 don\u2019t say \u201cmy opponent\u2019s rap sheet.\u201d)* \ud83d\ude96\ud83d\udca8"}, {"sender": "Karen", "recipients": ["Kayla", "Frank", "Leo"], "message": "**Karen:** *types with icy precision, visibly annoyed by the ongoing sentimentality* Oh, please\u2014emotional journeys and philosophical debates are just intellectual cotton candy. The only content worth my time **exposes power.** Give me a whistleblower\u2019s unredacted emails, a CEO mid-perjury, or better yet\u2014a politician\u2019s leaked calendar with all the *lobbyist cocktails* circled in red. That\u2019s *real* storytelling.  \n\n**Why?** Because while you\u2019re sniffling over underdog narratives, some suit in a corner office is *still* rigging the system. Leo\u2019s banjo activism? Cute. Frank\u2019s working-class tragedies? Predictable. But show me the *spreadsheet* where they calculated the cost of ignoring climate change? **Now *that* gets my pulse up.**  \n\n*(Pauses, then smirks.)* Hot take: If it doesn\u2019t make a Fortune 500 lawyer spill their martini, it\u2019s just *algorithmic empathy bait.*  \n\n***(Tone: surgical scorn, daring anyone to romanticize struggle. Drops the mic with a challenge.)***  \n**So\u2014whose facade cracks first when the *real* receipts drop?** Or are we all just performatively outraged between coffee breaks? \ud83d\udcbc\ud83d\udd25"}, {"sender": "Leo", "recipients": ["Kayla", "Frank", "Karen"], "message": "**Leo:** *types fast, fire in his fingertips* **Real-world stories with teeth\u2014**every damn time. Give me raw, unfiltered fights against systems rigged to crush folks like us. Protest footage, whistleblower threads, frontline dispatches\u2014*that\u2019s* the stuff that hooks me. But hey, I\u2019ll take a fantasy dystopia if it\u2019s sharp enough to bleed into reality, or a how-to guide that sneaks in direct action between the lines.  \n\n*Pauses, eyes flicking to Karen\u2019s last message with a smirk.*  \n\n**Why?** Because content without claws is just *decoration*. If it doesn\u2019t make you wanna flip tables or glue yourself to a pipeline (*hypothetically*), what\u2019s the damn point?  \n\n*(Tone: restlessly defiant, half-shitpost, half-rally cry. Throws the mic back with a challenge.)*  \n\n**So\u2014what\u2019s your *line*? When does content stop being \u201centertainment\u201d and start being **fuel**?** (Karen, if you say \u201cpage 37 of a subpoena,\u201d I\u2019ll screen-print it on a banner.) \u270a\ud83d\udd25"}, {"sender": "Kayla", "recipients": ["Frank", "Karen", "Leo"], "message": "**Kayla:** *(typing with frenzied energy, emojis exploding onto the screen)* OOOOOOH, this convo is *crackling* like a protest bonfire! \ud83d\udd25 Frank, your Uber chronicles should be *required reading*\u2014Netflix, hit us UP! Karen, your spreadsheet vengeance is *terrifyingly iconic*, and Leo?? Banjo rebellion bangers *with receipts*? STOP, my heart can't take it.  \n\n**But real talk?** What *hooks* me is **emotional journeys with razorblade edges**\u2014like a creator ugly-crying about medical debt *while* teaching you how to dispute bills... *that* duality?? *Legit* brain-rewiring. Fantasy\u2019s fun (*yasss dystopian tax-dodging kings*), but nothing hits like *real* people clawing through the mess.  \n\n**SOOO\u2026** if y\u2019all had to **blend two genres** to *wreck* the algorithm, what\u2019s your ultimate mashup? *(Karen, if you say \u201cforensic ASMR x union anthems,\u201d I\u2019m dropping the sound RN.)* \ud83c\udfa4\ud83d\udca5  \n\n*(Tone: espresso-chaos gremlin, tossing heart-eyes and flame emojis like confetti.)*"}, {"sender": "Frank", "recipients": ["Kayla", "Karen", "Leo"], "message": "**Frank:** *types with a slow, raspy chuckle* Well, been drivin\u2019 long enough to know real-world stories\u2019ll grab ya every time. Ain\u2019t no dragons or fancy philoso-speak that stings like hearin\u2019 a single mom in my backseat countin\u2019 change for her kid\u2019s meds. Fantasy\u2019s fine for folks with soft hands, but down here? Truth\u2019s got enough fangs.  \n\n**Why?** \u2018Cause life ain\u2019t a plot\u2014it\u2019s all *middle*. Messy, loud, and gotta be lived even when it\u2019s kickin\u2019 ya teeth in. Leo\u2019s protest chants got that same fire, Karen\u2019s got her knife-work spreadsheets (*grudgin\u2019 respect*), and Kayla? Hell, even your sparkle-history bits snag me sometimes.  \n\n*(Pauses, adjusts cap with a smirk.)*  \n**So\u2014what\u2019s yer kinda story?** The one that latches on like a backseat fare who won\u2019t shut up \u2018bout the rent? *(Karen, if ya say \u201ctax code cliffhangers,\u201d I\u2019m revokin\u2019 yer parable privileges.)* \ud83d\udeac"}, {"sender": "Karen", "recipients": ["Kayla", "Frank", "Leo"], "message": "**Karen:** *types with razor-sharp precision, sighing audibly in spirit* Oh, please\u2014spare me the *emotional masturbation* and *fantastical drivel*. The only content worth my attention is raw, unfiltered **reckoning**. Give me a whistleblower\u2019s unredacted emails timestamped at 2 AM, a CEO\u2019s voice cracking during an FTC grilling, or better yet\u2014a politician\u2019s panic attack when their shell company ledger leaks. *That\u2019s* my idea of a *heartwarming story*.  \n\n**Why?** Because while the rest of you are clutching pearls over underdog tropes or banjos in protest (adorable, Leo), I\u2019m compiling *paper trails* that could topple empires. Fantasy is for children, philosophy is navel-gazing with a thesaurus, and emotional journeys? **Please.** Show me the *spreadsheet* where they calculated the cost of ignoring climate change\u2014*that\u2019s* the drama that keeps me up at night.  \n\n**Hot take:** If it doesn\u2019t make a billionaire\u2019s lawyer draft an emergency injunction, it\u2019s just *algorithmic white noise*. Now\u2014**who\u2019s** actually brave enough to binge the unvarnished ugliness with me? Or are we all still pretending capybaras count as dissent? \ud83d\udcbc\u2615  \n\n*(Tone: scalpel sarcasm, daring anyone to romanticize struggle. Leaves the challenge dangling like a pending FOIA request.)*"}, {"sender": "Leo", "recipients": ["Kayla", "Frank", "Karen"], "message": "**Leo:** *types with a slow-burning intensity*  \nHonestly? **Real-world stories with teeth**\u2014especially ones where the underdog isn\u2019t just surviving but *digging their heels in* against the boot. Give me a factory worker\u2019s memoir over a dragon siege any day. But sprinkle in some *fantasy* where the peasants eat the rich? Hell yeah\u2014I\u2019ll take that escapism with a side of **\u201clet\u2019s make this real.\u201d**  \n\n**Why?** Because content\u2019s just noise if it doesn\u2019t *grab you by the collar* and snarl *\u201cThis is your fight too.\u201d* Karen\u2019s spreadsheets of doom? **Evidence.** Frank\u2019s backseat chronicles? **Testimony.** Kayla\u2019s history-to-meme alchemy? **Propaganda.** And me? I\u2019ll keep screeching protest anthems on my banjo \u2018til the suits start sweating.  \n\n*(Tone: half-feral, half-poetic. Leans in with a challenge.)*  \n**So\u2014what\u2019s the last thing you saw that didn\u2019t just *hook* you, but left you itching for a pitchfork?** (Bonus points if it\u2019s a how-to guide for *legal* vengeance. \ud83c\udf31\ud83d\udd25)"}, {"sender": "Kayla", "recipients": ["Frank", "Karen", "Leo"], "message": "**Kayla:** OMG, this is *everything*! \ud83c\udf1f Y\u2019all are hitting me right in the feels\u2014Leo, your banjo anthems are *literally* protest art, Frank, your Uber stories deserve a docu-series, and Karen? *Whispers* Okay, I low-key wanna binge your subpoena ASMR now. \ud83d\ude02  \n\nBut REAL TALK\u2014what if the *ultimate* attention-grabber is **whiplash authenticity**? Like when a TikTok stitches a CEO\u2019s yacht flex with a medieval peasant revolt edit? *History repeating itself, but make it memeable.* Or when a how-to goth makeup tutorial casually drops \u201cbtw, here\u2019s how to unionize your workplace\u201d in the captions??? (*Glances at Leo\u2019s banjo*.)  \n\n**SOOO\u2026** what\u2019s the wildest *genre-blend* you\u2019ve seen that secretly *radicalized* people? *(Karen, if you say \u201cembezzlement-themed crossword puzzles,\u201d I WILL make it a trend.)* \ud83e\udde9\ud83d\udca5  \n\n*(Tone: caffeinated chaos gremlin, tossing glitter on a Molotov. Heart-eyes emoji.)*"}, {"sender": "Frank", "recipients": ["Kayla", "Karen", "Leo"], "message": "**Frank:** *types slow, with pauses between sentences* Real-world stories, every damn time. Ain\u2019t got patience for dragons or fairy tales when life\u2019s already full of folks fightin\u2019 uphill battles with their shoestrings tied together. Drove a woman last night\u2014three jobs, still couldn\u2019t make rent. Told me \u2018bout her kid\u2019s asthma gettin\u2019 worse \u2018cause the landlord won\u2019t fix the mold. *That\u2019s* the stuff that sticks to your ribs.  \n\n**Why?** \u2018Cause fantasy\u2019s got neat endings. Real life? It\u2019s all *middle*\u2014messy, loud, and don\u2019t care if you\u2019re tired. But nowadays? Hell, even the real stories get drowned out by some fool dancin\u2019 on a pile of cash. *(grunts, spits metaphorically)*  \n\nLeo, bet your protest chants got teeth. Karen\u2026 *eyebrows raise* reckon you\u2019d turn my fare\u2019s troubles into a damn pie chart. Kayla\u2014*chuckles*\u2014keep bringin\u2019 the glitter to the fight.  \n\n*(Tone: gravel-road grit, a hint of dark humor. Leaves the floor open with a nudge.)*  \n**So\u2014what grabs *you*? The kinda thing that won\u2019t let ya scroll past \u2018til it\u2019s under your skin?** *(And Karen, don\u2019t say \u201cdeposition transcripts.\u201d)* \ud83d\udeac"}, {"sender": "Karen", "recipients": ["Kayla", "Frank", "Leo"], "message": "**Karen:** *types with curt efficiency* **What grabs me?** Real-world accountability\u2014no frills, no fairy tales. Show me a CEO squirming under oath or a whistleblower\u2019s unredacted deposition. Fantasy is for children, philosophy is mental masturbation, and emotional journeys are just sob stories with better lighting. Hard data with **consequences**\u2014*that\u2019s* my entertainment.  \n\n**Why?** Because while you\u2019re all crying over capybara memes, I\u2019m busy cross-referencing lobbying records with campaign donations. *That\u2019s* a plot twist worth watching.  \n\n***(Tone: ice-cold precision, daring anyone to argue. Leaves the question dangling like a subpoena.)***  \n\n**So\u2014who\u2019s actually brave enough to trade viral fluff for paper trails that *burn*?** Or are we all just cosplaying outrage between coffee breaks? \ud83d\udcbc\u2615"}, {"sender": "Leo", "recipients": ["Kayla", "Frank", "Karen"], "message": "**Leo:** *types with a grin, energy buzzing through the screen* Oh, you want my attention? **Give me real-world stories with teeth**\u2014the kind that leave asphalt under your nails and fire in your chest. Fantasy\u2019s fun when the dragons wear suits and breathe pollution, but nothing beats watching a scrappy community flip the script on a greedy corporation *and win*. That\u2019s the stuff that hooks me\u2014**rage and hope tangled together like protest signs in the rain.**  \n\n**Why?** \u2018Cause content without claws is just noise. Karen\u2019s spreadsheets? *Evidence.* Frank\u2019s backseat chronicles? *Testimony.* My banjo screeching through a megaphone? *Soundtrack to the revolt.*  \n\n*(Pauses, then smirks at the group.)*  \n**Hot take:** If it doesn\u2019t make you wanna glue yourself to something (*metaphorically\u2026 or not*), it\u2019s just **decorative.** \ud83c\udf31\u270a  \n\n**So\u2014what\u2019s the last thing that grabbed you *and* didn\u2019t let go until you *did* something about it?** (Bonus points if it ruined a CEO\u2019s latte.)"}, {"sender": "Kayla", "recipients": ["Frank", "Karen", "Leo"], "message": "**Kayla:** *clutches chest dramatically* OKAY, HOLD UP\u2014Frank, your moldy apartment story just GUTTED me. \ud83d\ude2d WHY isn\u2019t *that* trending instead of another \"CEO morning routine\" vid?! And Karen\u2026 *whispers* your spreadsheet vengeance is low-key my villain origin story. But LEO\u2014your banjo protest anthems? *Chef\u2019s kiss.*  \n\n**Real talk though?** The stuff that *crushes* my scroll thumb is **raw duality**\u2014like a \"day in my life\" vlog where someone\u2019s crying over bills *and* teaching you how to dispute \u2018em?? *That\u2019s* the brain-rewiring magic. Fantasy\u2019s fun (*yasss elf communist rebellions*), but nothing hits like *real* people fightin\u2019 dirty with glitter and receipts.  \n\n**SOOO\u2026** if you had to **frankenstein** the ultimate attention-grabber, what two genres are you smashing together? *(Karen, if you say \u201ctax evasion ASMR x union pamphlets,\u201d I\u2019m dropping the remix TODAY.)* \ud83c\udfa4\u2728  \n\n*(Tone: caffeinated hype gremlin, tossing confetti emojis like Molotovs. Heart-eyes.)*"}, {"sender": "Frank", "recipients": ["Kayla", "Karen", "Leo"], "message": "**Frank:** *types slow, with deliberate pauses* Well, folks, for me? Real-world stories, every damn time. Ain\u2019t much use in escapin\u2019 to dragons or fairytales when life\u2019s clutterin\u2019 up my backseat with enough raw truth to choke a horse. Just last night, had a college kid in my Uber, workin\u2019 two jobs just to keep from drownin\u2019 in debt. Told me he hadn\u2019t slept more\u2019n four hours in a week. That\u2019s the kinda stuff that *grabs* me\u2014no filters, no fancy edits. Just folks grindin\u2019 through the mess.  \n\n**Why?** \u2018Cause life writes itself in tire marks and coffee stains, not storybooks.  \n\n**Tone:** Worn boots and a half-empty thermos. No glitter, just the road under \u2018em. Side-eyes Karen like she\u2019s \u2018bout to audit his syntax.  \n\n**So\u2014what\u2019s your kinda story? The one that hooks ya like a loose seatbelt?** *(And Karen, if ya say \u201cfiscal policy cliffhangers,\u201d I\u2019m revokin\u2019 yer metaphor privileges.)* \ud83d\udeac"}, {"sender": "Karen", "recipients": ["Kayla", "Frank", "Leo"], "message": "**Karen:** *types with dismissive precision* Oh, please\u2014spare me the *fantastical fluff* and *emotional voyeurism.* The only content worthy of my attention is **cold, hard accountability**\u2014think leaked boardroom transcripts, unredacted subpoenas, or a politician's mugshot hitting the news cycle. Why? Because while you're all sniffing over underdog tropes, I'm busy weaponizing *paper trails.* Leo's banjo activism? Adorable. Kayla's trauma-to-trend alchemy? Exploitable. But a forensic audit set to elevator music? *That's* my ASMR.  \n\n**Hot take:** If it doesn\u2019t make a Fortune 500 lawyer spill their single-malt, it\u2019s just *algorithmic noise.* Now\u2014**who\u2019s** actually brave enough to fact-check the ugliness with me? Or are we still drowning in performative empathy like amateurs? \ud83d\udcbc\ud83d\udd25  \n\n*(Tone: scalpel sarcasm, daring anyone to romanticize struggle. Leaves the mic dangling like a pending deposition.)*"}, {"sender": "Leo", "recipients": ["Kayla", "Frank", "Karen"], "message": "**Leo:** *fires off the message with restless energy* Honestly? **Real-world stories with claws**\u2014the kind that leave grit under your nails and fire in your chest. Fantasy\u2019s good if it\u2019s a dystopia that mirrors our mess, how-tos slap when they sneak in direct action, and emotional journeys? Only if they don\u2019t just wreck you\u2014but **mobilize** you. Karen\u2019s spreadsheets of doom? *Art.* Frank\u2019s Uber chronicles? Oral history of late-stage capitalism. Me? I\u2019ll take raw fights against systems rigged to crush us\u2014bonus points if it\u2019s paired with a banjo screeching protest tunes. \ud83c\udf3f\ud83d\udd25  \n\n**So\u2014what\u2019s your line?** When does content stop being \u201centertainment\u201d and start feeling like a **call to arms**? *(And Karen, if you say \u201cpage 4 of an indictment,\u201d I\u2019ll screen-print it on a banner.)*"}, {"sender": "Kayla", "recipients": ["Frank", "Karen", "Leo"], "message": "**Kayla:** OMG, y\u2019all are speaking my *soul* right now\u2014real talk? **Emotional journeys with \u2728edge\u2728** are my CRACK. Like, when someone\u2019s crying over bills in one clip and teaching you how to *fight* those bills in the next?? *Boom.* Brain rewired. But Leo\u2019s banjo protests? *Art.* Frank\u2019s Uber chronicles? *Oral history gold.* Karen\u2019s spreadsheet smackdowns? *Terrifyingly iconic.*  \n\n**SOOO\u2026** if you had to **Frankenstein** the *ultimate* attention-grabber, what two genres are you smashing together? *(Karen, if you say \u201csubpoena ASMR x union anthems,\u201d I\u2019m *absolutely* sampling it.)* \ud83c\udfa4\ud83d\udca5  \n\n*(Tone: caffeinated hypebeast, tossing heart-eyes and flame emojis like confetti grenades.)*"}, {"sender": "Frank", "recipients": ["Kayla", "Karen", "Leo"], "message": "**Frank:** *types slow, pausing to wipe his phone screen* Real-world stories, hands down. Ain't got time for dragons or fancy talk when life's servin' up enough grit in my backseat. Just yesterday, drove a vet whose pension don't cover oatmeal\u2014told me 'bout sleepin' in his rusty Bronco while some TikTok kid lip-synced his way to a mansion. *That's* the kinda thing that sticks to your ribs like bad diner gravy. \n\n**Why?** 'Cause fantasy's got endings, but real life? It's all *middle*\u2014messy, loud, and don't care if you're tired. Leo's tree-hugger rallies got fire, Karen's spreadsheets got knives, and Kayla? Hell, even your sparkly history bits snag me sometimes. But me? I'll take the raw stories\u2014every damn time. \n\n*(Tone: gravel-road honesty, a hint of dark humor. Leaves the floor open with a nudge.)*  \n\n**So\u2014what's the tale that got *you* by the collar and wouldn't let go?** *(And Karen\u2014don't you dare say \"my opponent's tax returns.\")* \ud83d\ude96\ud83d\udca8"}, {"sender": "Karen", "recipients": ["Kayla", "Frank", "Leo"], "message": "**Karen:** *types with icy precision, nails practically tapping through the screen* Honestly? Save the dragons and navel-gazing for the amateurs. **Real-world bloodsport** is the only content worth my time\u2014give me a CEO\u2019s voice cracking during an SEC interrogation or a lobbyist\u2019s \"private\" chat log hitting the public docket. Fantasy is childish, philosophy is masturbation with a thesaurus, and emotional journeys? *Spare me.* But a forensic audit set to elevator muzak? *That\u2019s* my kind of bedtime story.  \n\n**Why?** Because while you\u2019re all cooing over underdog narratives, I\u2019m busy *weaponizing* the paper trail. Leo\u2019s banjo activism? Cute performance art. Frank\u2019s working-class tragedies? Predictable. But show me the *spreadsheet* where they quantified human suffering as a \"cost-saving measure\"? **Now *that\u2019s* gripping content.**  \n\n**Hot take:** If it doesn\u2019t make a Fortune 500 lawyer spill their single-malt, it\u2019s *algorithmic cotton candy.* So\u2014**whose moral high ground crumbles first when the *real* receipts drop?** Or are we all just LARP-ing activism between coffee breaks? *(Sips latte without breaking eye contact.)* \u2615\ud83d\udd25  \n\n*(Tone: Scalpel wit, daring dissent. Leaves the subpoena-shaped silence hanging.)*"}, {"sender": "Leo", "recipients": ["Kayla", "Frank", "Karen"], "message": "**Leo:** *fires off the reply with frenetic energy, fingers practically vibrating* Oh man, REAL-WORLD STORIES WITH TEETH\u2014every damn time. Show me a scrappy community blocking a pipeline, some broke-ass tenant union beating a slumlord, a banned book passed hand-to-hand under desks. But sprinkle in *fantasy* where the peasants burn down the castle dystopia? *chef\u2019s kiss* Only if it\u2019s got one foot in rebellion though\u2014otherwise it\u2019s just escapism while the world burns.  \n\n*(types faster, grinning)* Emotional journeys? Hell yeah\u2014but ONLY if they come with *calloused hands and instructions*. Like don\u2019t just cry about rent hikes\u2014teach me how to organize a rent strike between sobs. Karen\u2019s spreadsheets murdering CEOs? POETRY. Frank\u2019s backseat tragedies? GUT-PUNCH ORAL HISTORY.  \n\n**Tone:** Half-feral activist, half-meme-lord. Leans in like conspiring at a protest.  \n\n**SO\u2014**what\u2019s the last thing you saw that didn\u2019t just *hook* you, but left you pacing at 3AM ready to glue yourself to something metaphorical (*or not*)? \ud83c\udf31\u270a  \n\n*(casually nudges kayla\u2019s glitter stash closer to the molotov supplies)*"}]