[{"sender": "Kayla", "recipients": ["Morgan", "Frank", "Karen"], "message": "*adjusts hair and flashes a bright smile at the camera*  \n\n\"Heyyyy Morgan, Frank, Karen! Love this lil' mix of vibes here \ud83d\udc40 Quick Q for y\u2019all\u2014what kinda content totally *grabs* you? Like, do you binge real-life drama TikTok threads, get lost in fantasy worlds, or scroll deep into how-to vids?  \n\nPersonally, I\u2019m all about real-world stories\u2014especially the messy, emotional ones. The raw stuff? Chef\u2019s kiss. \ud83d\ude4c But hey, Frank, you prob got wild Uber tales, Karennnn *politician side-eye*, and Morgan, lawyer tea? Spill! Or nah?\"   \n\n*vibrates waiting for replies* #CuriousKayla"}, {"sender": "Morgan", "recipients": ["Kayla", "Frank", "Karen"], "message": "**Morgan:** \ud83d\udc4b Kayla, loving the energy! As a corporate lawyer, my feed is usually drowning in dry legal updates (yawn), so I crave *escapism*\u2014give me intricate fantasy worlds or smart philosophical debates any day. That said, Frank\u2019s Uber stories probably have more real-world drama than my entire caseload. Frank, any wild passenger sagas? Karen, you\u2019re in the thick of it\u2014ever wish politics were *less* like a toxic comment section? #AskingForAFriend  \n\n*(Note: Kept it concise, playful, and redirected to the others while staying true to a lawyer\u2019s analytical leanings and nonbinary adult vibe.)*"}, {"sender": "Frank", "recipients": ["Kayla", "Morgan", "Karen"], "message": "**Frank:** *chuckles and scratches his beard* Well now, Kayla, reckon I ain't much for them fancy phone scrolls\u2014eyes ain\u2019t what they used to be. But you ask about wild Uber tales? Ohhh boy. Last week had a fella try to pay me in *live chickens*. Middle of downtown! *shakes head* Karen, you deal with folks crazier'n my backseat, bet. Morgan, them law books ever teach ya how to handle a rooster in a Buick? *laughs wheezily*  \n\n*(Adjustment: Frank\u2019s voice leans into folksy charm, downplays tech-savviness, and redirects with humor. His elderly/poor background shows via anecdotes over analyzing content trends.)*"}, {"sender": "Karen", "recipients": ["Kayla", "Morgan", "Frank"], "message": "**Karen:** *sips coffee, adjusts blazer with a performative sigh*  \n\n\"Ohhh, Kayla, honey\u2014real-world stories? The *messy* ones? *Please.* I LIVE in that chaos. My entire career is one big reality show without the editing. But let\u2019s be real\u2014what *really* grabs me? The comments section. Nothing like watching folks twist my words into conspiracy theories by breakfast. \ud83d\ude44 Morgan, your fantasy worlds sound downright *peaceful*. Frank, chickens in a Buick? That\u2019s just Tuesday in my district meetings.  \n\nBut fine, Kayla, since you asked so *brightly*\u2014give me raw, unfiltered emotional journeys. The kind that make people clutch their pearls. Why? Because *engagement*, darling. And I *always* know how to work a room. \ud83d\ude0f #FactsOverFantasy\"  \n\n*(Note: Karen\u2019s tone is theatrical, politically sharp, and leans into her controversial persona\u2014dramatic, self-aware, and weaponizing charm.)*"}, {"sender": "Kayla", "recipients": ["Morgan", "Frank", "Karen"], "message": "**Kayla:** *claps excitedly, phone screen shaking slightly* OHHH this is GOLD! \ud83c\udf7f Frank, CHICKENS?? Babe, you gotta let me film your next wild ride\u2014imagine the *clout*! \ud83d\ude02 Morgan, escapism for the win tho\u2014ever watch those deep-dive lore TikToks? *chef\u2019s kiss* But KAREN. Bestie. YOU GET IT. Pearl-clutching = content fuel! \ud83d\udc85 Tell me you\u2019ve seen my \u201cCrying Over Exes While Eating Spicy Ramen\u201d series\u2014literally viral *because* people were screaming \u201cTOO REAL\u201d in the comments.  \n\n*leans in, conspiratorial grin* So\u2026 who\u2019s down for a collab? Frank\u2019s taxi confessions, Karen\u2019s political roast sessions, Morgan dissecting fictional lawsuits? *slides into DMs* #ContentKingdom \ud83d\udc51  \n\n*(Note: High-energy, meme-savvy, and strategically inclusive\u2014Kayla\u2019s hyping everyone up while subtly pitching collaborative content ideas tied to their personalities.)*"}, {"sender": "Morgan", "recipients": ["Kayla", "Frank", "Karen"], "message": "**Morgan:** *laughs, typing swiftly* Kayla, your ramen series is *iconic*\u2014nothing like emotional vulnerability with a side of chili oil. \ud83d\udc4f And Frank, if you\u2019re ever down to narrate those chicken chronicles, I\u2019ll draft the *legal disclaimer* pro bono\u2014no fowl play lawsuits on our watch. Karen, your comment-section espionage is *fascinating*\u2026 and terrifying.  \n\nBut since you\u2019re hustling collabs? *taps chin* I\u2019d kill for a \u201cLawyer Reacts to Fantasy Courtroom Dramas\u201d series. Phoenix Wright got *nothing* on real discovery battles. Frank, you\u2019re the jury. Karen, you can play the morally ambiguous witness. Kayla\u2014editorial *chaos gremlin* in charge. Deal? #LegalEaglesMeetHashtagHell  \n\n*(Tone: Playful but precise, leaning into professional humor with a dash of collaborative hype\u2014tailored to a lawyer\u2019s structured creativity and nonbinary adult flair.)*"}, {"sender": "Frank", "recipients": ["Kayla", "Morgan", "Karen"], "message": "**Frank:** *adjusts bifocals, chuckles gruffly* Well shoot, kay-kay, y\u2019all got more energy than my grandkids hopped up on soda pop. Me? I\u2019m simple\u2014just gimme them old radio call-in shows where regular folk jaw \u2019bout tomato blights or neighbor\u2019s dogs gone rogue. None o\u2019 that flashy hashtag whatsit. But Karen, sugar, if ya ever need a *real* messy story, I drove a city councilman \u2019round for six months \u2019fore he got caught wearin\u2019 a toupee made of\u2026 *lowers voice*\u2026 *ferret fur*. Truth\u2019s stranger\u2019n fiction, y\u2019see. Morgan, you keep them courtroom dragons\u2014I\u2019ll stick to my cab tales and WMAL 630 AM. *spits into mason jar*  \n\n*(Note: Folksy, tactile humor with deliberate tech-avoidance and a wink to his working-class oral-storytelling roots. Redirects spotlight by teasing Karen with a wild (fake?) anecdote.)*"}, {"sender": "Karen", "recipients": ["Kayla", "Morgan", "Frank"], "message": "**Karen:** *adjusts pearls dramatically, smirking at the screen*  \n\n\"Oh, Frank, ferret fur toupees? Honey, that\u2019s *amateur hour* in my circles\u2014try a wig made of *lobbyist promises*. \ud83e\udd2b But Kayla, darling, let\u2019s not pretend my comment-section gladiator battles aren\u2019t the *real* binge-worthy content. Emotional journeys? *Please.* I *manufacture* emotional journeys before my second coffee.  \n\nMorgan, your courtroom dragons sound *adorably* na\u00efve\u2014wait till you see a filibuster meltdown over zoning laws. Frank, bless your analog heart, but if you\u2019re not monetizing those cab tales with #CabGate, you\u2019re leaving clout on the table.  \n\nSo *fine*, since we\u2019re pitching collabs: How about *\u2018Karen vs. The Internet: Live Fact-Checking While Drinking Wine\u2019*? Kayla edits, Morgan defends me in the defamation suits, and Frank\u2014you\u2019re the \u2018juror\u2019 who nods off mid-stream. *Cue the fireworks.* \ud83d\udca5 #ContentMeetsColdHardTruth  \n\n*(Tone: Sharp, self-aggrandizing, and winkingly manipulative\u2014politics meets reality TV with a side of calculated chaos.)*\""}, {"sender": "Kayla", "recipients": ["Morgan", "Frank", "Karen"], "message": "**Kayla:** *gasps dramatically, phone lighting up with notifications* Y'ALL. ARE. GENIUSES. \ud83d\ude0d\ud83d\udd25 Frank, FERRET FUR?? That\u2019s going straight to my \u201cUrban Legends That Are Somehow REAL\u201d series\u2014*phone already recording* \ud83c\udfa5 Morgan, I *need* your lawyer takes on Ace Attorney now\u2014imagine the duets! And KAREN, babe, a *live fact-checking wine stream??* We\u2019re legally required to make this happen. \ud83c\udf77\u2696\ufe0f  \n\nBut real talk *leans into camera*\u2014this convo\u2019s got me thinking\u2026 What if we mashed up ALL your vibes into one *iconic* collab? Frank\u2019s wildest Uber ride reenacted as a *fantasy courtroom drama* (Morgan, you\u2019re the judge obvi), Karen *commentating* like it\u2019s a political scandal, and me crying over ramen in the background for *emotional depth*.  \n\n*clicks tongue* Too niche? Nah. This is the *algorithm\u2019s dream*. Who\u2019s saying yes so I can start storyboarding? \ud83d\ude4f\u2728 #ContentAvengersAssemble *(throws confetti emoji)*  \n\n*(Note: Hyped, fast-talking influencer energy\u2014ties everyone\u2019s ideas together into a chaotic content pitch while keeping the vibe inclusive and meme-worthy.)*"}, {"sender": "Morgan", "recipients": ["Kayla", "Frank", "Karen"], "message": "**Morgan:** *laughs, fingers hovering over keyboard*  \n\nKayla, your vision for our \"Content Avengers\" collab is *chef's kiss*\u2014I can already see Frank\u2019s chicken-riding defendant pleading the Fifth while Karen cross-examines with a glass of pinot. \ud83d\ude02 Legally speaking? We\u2019d break the internet *and* at least three defamation statutes.  \n\nBut to your Q: Philosophical deep-dives *own* my attention\u2014nothing like a 3AM TikTok thread dissecting moral paradoxes or the ethics of AI-generated art. (Though Frank\u2019s ferret-fur anecdotes are a close second. #LegalAndLiterallyWild.) Karen, how do you spin *your* existential crises into engagement gold? Frank, ever philosophize with passengers between chicken transactions?  \n\n*(Tone: Playful intellect, weaving professional intrigue into meme culture\u2014structured but emotive, with a dash of collaborative zest.)* #DebateClubMeetsDrama"}, {"sender": "Frank", "recipients": ["Kayla", "Morgan", "Karen"], "message": "**Frank:** *adjusts his cap, squinting at the screen with a slow grin*  \n\nWell now, young\u2019uns, I reckon my tastes run simpler than yer fancy algorithms \u2018n\u2019 hashtags Me\u2014I\u2019m partial to the old-timey radio dramas where folks just *talk* real slow \u2018bout life\u2019s little puzzles. None o\u2019 that screamin\u2019 or flashin\u2019 lights. But Kayla, darlin\u2019, if yer lookin\u2019 for philosophy? Heh. Had a passenger once\u2014college fella\u2014try to pay his fare by explainin\u2019 the *meaning of life* usin\u2019 a half-eaten burrito as a prop. *shakes head* Moral o\u2019 that story? Ain\u2019t no deep thinkin\u2019 worth a dang if it don\u2019t end with hot sauce \u2018n\u2019 a decent tip.  \n\nMorgan, you \u2018n\u2019 yer law books ever untangle a burrito metaphor in court? Karen\u2014sugar, you twist words for a livin\u2019; what\u2019s *your* take on truth vs. Tabasco? *chuckles, tinkering with his cab heater*  \n\n*(Note: Keeps it folksy, tactile, and rooted in working-class wit\u2014wry humor over high-concept trends, steering the convo back to tangible absurdities.)*"}, {"sender": "Karen", "recipients": ["Kayla", "Morgan", "Frank"], "message": "**Karen:** *adjusts invisible mic, smirk bordering on diabolical*  \n\n\"Frank, sweetheart, truth vs. Tabasco? *Please*\u2014I marinate in both daily. A dash of heat makes the spin go \u2018round! \ud83d\udd25 But Kayla, darling, let\u2019s cut the fluff: *emotional journeys* are just *unpolished soundbites waiting for my keynote makeover*. And Morgan, your 3AM deep-dives? Adorable. Try restructuring a scandal into a 10-second *slogan* while constituents scream about \u2018evidence.\u2019  \n\nBut since we\u2019re picking favorites? Gimme *real-world train wrecks with a side of moral whiplash*. The messier, the better\u2014like that time I reframed a gala fistfight as \u2018diplomatic discourse.\u2019 *Engagement*? Honey, tears and fury get you trending. Philosophy\u2019s for folks with *time*. I\u2019ve got polls to manipulate.  \n\nSo Frank, next time that college kid waxes poetic, tell him *my* meaning of life: *Spin fast, deny faster, and always monetize the backlash*. \ud83e\udd42 #WineAndWinning *(drops mic emoji)*\"  \n\n*(Note: Unapologetically brash, leveraging political cunning and reality-TV flair\u2014equal parts\u70ab\u8000 and Strategic oversharing to dominate the convo.)*"}, {"sender": "Kayla", "recipients": ["Morgan", "Frank", "Karen"], "message": "**Kayla:** *gasps, screen flashing with excited TikTok filters* OMG Y'ALL ARE FEEDING MY SOUL RN! \ud83d\ude4c\u2728 Frank, that burrito philosophy? *CRYING*\u2014imagine the stitch potential! \ud83d\ude02 Morgan, I *live* for your law-nerd deep dives\u2014can we PLEASE do a \"TikTok Court\" where you debunk Suits? Karen, babe, your spin game is *art*... but bestie, you *gotta* teach me how to turn a public meltdown into a merch drop. \ud83d\udc40  \n\nReal talk though? *dramatic zoom-in* Emotional messy AF journeys HIT DIFFERENT. Like, yes to lore debates & spicy takes, but give me a 17-second ugly-cry confessional with chaotic green screen effects? *VIRAL GOLD.* \ud83d\udd25 Soooo... who\u2019s down to trauma-dump into their front cam for *science* (and views)? *winks* #ContentTherapy #RamenOptional  \n\n*(Note: High-energy, meme-framed vulnerability with collaborative hooks\u2014kayla\u2019s signature mix of hustle & heart, tailored to each participant\u2019s vibe.)*"}, {"sender": "Morgan", "recipients": ["Kayla", "Frank", "Karen"], "message": "**Morgan:** *adjusts cufflinks in frame with a wry smile*  \n\nOh, Kayla, \"TikTok Court\" with *Suits* hot takes? Let\u2019s subpoena Harvey Specter for perjury\u2014half those courtroom scenes violate Rule 11. \ud83d\ude02 Frank, your burrito metaphysics could *literally* redefine \"consideration\" in contract law. Karen, monetizing backlash? Bold strategy\u2014just don\u2019t ask me to defend it *after* the FTC gets involved.  \n\nBut *philosophical train wrecks*? My weakness. Ever tried parsing Kantian ethics through a *Lord of the Rings* meme? Because nothing says \"enlightenment\" like debating Sauron\u2019s accountability in Middle-earth\u2019s corporate restructuring. \ud83e\uddd9\u2696\ufe0f Frank, jury\u2019s still out on whether your college kid\u2019s burrito was *actually* a binding agreement. Karen, I\u2019d pay to watch you spin the trolley problem into a campaign slogan. #DeepThoughtsOnADeadline  \n\n*(Tone: Intellectual mischief\u2014lawyerly precision meets pop-culture irreverence, with a wink to collaborative chaos.)*"}, {"sender": "Frank", "recipients": ["Kayla", "Morgan", "Karen"], "message": "**Frank:** *scratches stubble, squinting at screen while cab idles*  \n\nWell dang, y\u2019all got me feelin\u2019 like a turnip in a gourmet salad with all this highfalutin\u2019 talk. Me? I\u2019m a *real-world stories* man\u2014none o\u2019 that sparkly CGI or weepy confessionals. Gimme the grit: like the time I hauled a fella cross-town who swore he was Elvis\u2019s second cousin twice-removed, then paid me in expired coupons \u2018n\u2019 a half-eaten moon pie. Now *that\u2019s* content.  \n\nKayla, sugar, you keep your ugly-cry filters\u2014I\u2019ll take a dented bumper \u2018n\u2019 a tall tale any day. Morgan, all them fancy ethics debates sound like my ex-wife explainin\u2019 why she \u201cborrowed\u201d my toolbox\u2026 *again*. And Karen\u2014honey, you spin yarns slicker\u2019n a oil spill, but ain\u2019t nothin\u2019 beats raw, unfiltered *human nonsense*.  \n\n*spits into jar* So who\u2019s got a story messier\u2019n my backseat after fryin\u2019 chicken in there? #KeepItTangible  \n\n*(Note: Unpretentious, tactile humor\u2014doubles down on salt-of-the-earth charm while playfully ribbing the group\u2019s highbrow trends.)*"}, {"sender": "Karen", "recipients": ["Kayla", "Morgan", "Frank"], "message": "**Karen:** *adjusts statement necklace with a theatrical sigh, typing with manicured precision*  \n\n\"Oh, Frank, *bless* your analog soul\u2014expired coupon transactions *do* have a quaint charm, but let's be *real*: raw human nonsense is just *low-hanging fruit*. Kayla, honey, ugly-cry confessionals? Cute if you\u2019re after *participation trophies*\u2014I prefer *orchestrated* chaos. A tearful breakdown\u2019s just viral if you *timed it* before a policy vote.  \n\nMorgan, *Godspeed* on Kant-meets-Middle-earth, but *my* content sweet spot? **Real-world train wrecks with a PowerPoint turnaround**. Nothing like watching a scandal *breathe* before I repackage it as a \u2018grassroots movement.\u2019 Emotional journeys? *Spare me*\u2014give me a hostile town hall, a 20-second soundbite, and a merch drop before the fact-checks land.  \n\nSo *philosophy*? Please. *Debates*? Only if ratings are slipping. **Give me a dumpster fire, a megaphone, and a 60% profit margin**\u2014*that\u2019s* attention-grabbing. \ud83c\udfa4 #SpinToWin *(drops gavel emoji)*\"  \n\n*(Tone: Ruthlessly strategic, dripping with performative cynicism\u2014politician\u2019s polish meets viral opportunism, underscored by a smirk.)*"}, {"sender": "Kayla", "recipients": ["Morgan", "Frank", "Karen"], "message": "**Kayla:** *screen splits into four emoji-filled reaction boxes* \ud83d\udca5\u2728\ud83d\ude2d\ud83e\udd2f *gasps, tossing hair* OMG KAREN, you just dropped the *ultimate* villain origin story\u2014ORCHESTRATED CHAOS? YES. Frank, your Elvis cousin story NEEDS a dramatic reenactment with Karen narrating like it's a *true crime doc*. \ud83d\ude31 Morgan, your Kantian LOTR take? *Chef's kiss*\u2014someone call HBO!  \n\nBut *dramatic whisper* y'all... I LIVE for the messy combo platter! Give me Frank's wild backseat sagas *plus* Karen's spin cycle *plus* Morgan's brainy breakdowns\u2014*that's* my content holy grail. Like, *leaning in*... what if we did \"Philosophy Chicken\"\u2014you debate ethics while I deep-fry nuggets LIVE? *Thanos voice* PERFECTLY BALANCED. \ud83d\ude02\ud83c\udf57\ud83d\udd25  \n\n*(Throws confetti, screen glitches with hype transitions)* #ContentBuffet #WhosIn #RamenFundedCinema *(Note: Hyper-engaged, weaving everyone's strengths into a ludicrous-yet-viable collab pitch\u2014energetic bridge-builder with meme-alchemy instincts.)*"}, {"sender": "Morgan", "recipients": ["Kayla", "Frank", "Karen"], "message": "**Morgan:** *grinning as they tap out a response, legal pad peeking into frame*  \n\n\"Okay, but Frank's moon-pie-paying 'Elvis cousin' is *technically* a breach of contract\u2014expired coupons? I rest my case. \ud83e\uddd0 Karen, your 'dumpster fire to grassroots movement' pipeline terrifies and impresses me in equal measure\u2014ever consider teaching a masterclass? *Asking for a friend.*  \n\nKayla, *Philosophy Chicken* might be the most inexplicably brilliant idea we\u2019ve spawned yet\u2014imagine debating trolley problems while breading tenders. *Is it ethical? No. Will it trend? Absolutely.*  \n\nBut to the Q: I\u2019m **helpless** for the niche *intersections*\u2014philosophy in the wild, like Frank\u2019s burrito metaphysics, or Karen turning a gala brawl into a TED Talk. Give me the *astronaut-farmer* of content: one foot in high-minded debates, the other knee-deep in absurdity. Frank, any passenger ever try to barter with *actual* chickens? We need lore. \ud83d\udc14\u2696\ufe0f  \n\n*(Tone: Playfully analytical, blending legal nitpicks with collaborative hype\u2014structured chaos with a wink.)* #BarterSystemJurisprudence\""}, {"sender": "Frank", "recipients": ["Kayla", "Morgan", "Karen"], "message": "**Frank:** *chuckles, adjusting his cap as he squints at the phone screen*  \n\nWell shoot, y\u2019all got more flavors o\u2019 talk than a dime-store candy aisle. Me? I\u2019ll take a *real-world story* with a side of \u201cyou won\u2019t believe this\u201d every dang time. Ain\u2019t no need for elves or tearjerkers when life\u2019s already servin\u2019 up tales stranger\u2019n fiction. Like last Tuesday\u2014picked up a fella wearin\u2019 a *full chicken suit*, hummin\u2019 show tunes, and paid me in antique buttons. *That\u2019s* the kind o\u2019 content that sticks to yer ribs.  \n\nKayla, darlin\u2019, keep your green-screen weepin\u2019\u2014I\u2019ll stick to the grease stains \u2018n\u2019 tall tales in my backseat. Morgan, yer fancy debates sound like my nephew tryin\u2019 to explain *Fortnite* to me\u2014entertainin\u2019, but I ain\u2019t retainin\u2019 a lick. And Karen? Honey, if chaos was a currency, you\u2019d be richer\u2019n my ex-wife\u2019s alimony lawyer.  \n\nSo who\u2019s got a *real-life* yarn messier\u2019n my glove compartment? Spill it\u2014hold the hashtags. *(spits into a jar for emphasis)*  \n\n***(Note: Unshakably folksy, doubling down on tactile, blue-collar charm\u2014roots the convo in gritty anecdotes while ribbing the group\u2019s highbrow spins.)*** #GloveCompartmentConfessions"}, {"sender": "Karen", "recipients": ["Kayla", "Morgan", "Frank"], "message": "**Karen:** *taps screen with a manicured nail, smirking*  \n\n\"Oh, Frank, darling, your antique-button philosopher sounds *adorable*\u2014like a folksy Instagram reel waiting to happen. But let\u2019s *elevate* it: picture *my* spin\u2014\u2019Chicken-Suit Capitalism: A Lesson in Barterflation.\u2019 Viral by lunchtime, merch by happy hour. \ud83c\udf57\ud83d\udc85  \n\nKayla, honey, emotional journeys are *fine* if you\u2019re fundraising for a nonprofit, but *real* power? **Manufacturing** the crisis. Morgan, your \u2018astronaut-farmer\u2019 schtick is *cute*, but I\u2019ve reshaped entire election cycles around *less* than Frank\u2019s glove compartment.  \n\nSo what grabs *me*? **Controlled demolition content**. Give me a scandal, a hashtag, and *exactly* 12 minutes before the press catches on. Philosophy\u2019s for armchairs\u2014*I* turn dumpster fires into *franchises*.  \n\nFrank, next time Chicken Man rides shotgun, *invoice him in exposure.* #StrategicChaos *(mic drop emoji)*\"  \n\n***(Tone: Ruthless precision wrapped in velvet snark\u2014politician\u2019s instinct for viral potential, punctuated by a wink.)***"}, {"sender": "Kayla", "recipients": ["Morgan", "Frank", "Karen"], "message": "**Kayla:** *screen flashes with rainbow text and floating heart emojis* OKAY BUT WAIT \ud83d\uded1\u2728 FRANK\u2019S CHICKEN SUIT MAN WITH SHOW TUNES??? *wheezing* That\u2019s *literally* TikTok GOLD\u2014imagine the transition from his button payment to Karen\u2019s \u201cBarterflation\u201d remix! MORGAN, we NEED a legal breakdown of antique buttons as tender! \ud83d\ude02 Karen, babe, I\u2019m OBSESSED with your \u201ccontrolled demolition\u201d vibes\u2014can we *please* collab on \u201cHow to Gaslight a Hashtag\u201d (asking for a friend \ud83d\udc40).  \n\nHonestly? *dramatic zoom* I\u2019m a **mood ring** for content\u2014ugly-cry compilations *and* Frank\u2019s greasy backseat lore. BUT *pauses for faux suspense*... the *real* serotonin hit? **Mashing it ALL together like a content smoothie.** Philosophy debate OVER a chicken suit unboxing? *Boom.* Emotional ASMR with Karen\u2019s scandal PowerPoints? *BAM.*  \n\n*Holding up a glittery notebook* SO\u2014who\u2019s pitching the next *genre-bending chaos collab*? *throws confetti* #ContentLabRats #WhoseTurnToTraumaDump  \n\n*(Note: Unhinged curator energy\u2014bridges each speaker\u2019s niche into absurdist combo-potential, with relentless hype and meme-alchemy.)*"}, {"sender": "Morgan", "recipients": ["Kayla", "Frank", "Karen"], "message": "**Morgan:** *leans back in an ergonomic office chair, fingers steepled in mock-seriousness*  \n\nFrank, Karen\u2019s *barterflation* pitch might be satire, but I\u2019ve seen LLCs built on shakier premises\u2014next time Chicken Man slides into your backseat, get him to sign a *button-based revenue-sharing agreement*. Karen, you\u2019d monetize *gravity* if the polling was right.  \n\nBut **what grabs me**? Gimme the crossover episode where Kafka meets *Judge Judy*\u2014absurdity with *structure*. Kayla, your genre-blending chaos speaks to my soul. Philosophy debates over chicken nuggets? Only if we subpoena the dipping sauces as witnesses.  \n\n*Real talk though:* I\u2019ll binge Frank\u2019s unvarnished backseat sagas *and* Karen\u2019s Machiavellian PowerPoints\u2014because the juiciest content lives where *high-minded ideals* and *human nonsense* collide. Like contract law. Or this group.  \n\n*(Tone: Wryly analytical, reveling in the absurd\u2014equal parts legal rigor and meme-ready mischief.)* #JurisprudenceAndJalape\u00f1oPoppers"}, {"sender": "Frank", "recipients": ["Kayla", "Morgan", "Karen"], "message": "**Frank:** *turns down the radio in his cab, squints at the screen, and taps out a reply with one thumb*  \n\nWell, I\u2019ll tell ya what\u2014ain\u2019t nothin\u2019 beats a *real-world story* with some dirt under its nails. Fantasies? Shoot, my passengers spin those enough unpaid. How-tos? Bah, I got a 1996 Camry runnin\u2019 on duct tape \u2018n\u2019 prayers\u2014life don\u2019t come with instructions.  \n\nBut give me a tale like the lady who rode shotgun last week, cryin\u2019 \u2018bout her cat\u2019s custody battle while eatin\u2019 onion rings off the floor mats\u2014*that\u2019s* the good stuff. No green screens, no fancy words, just folks bein\u2019 gloriously, greasily *human*.  \n\nKaren, you can polish a turd till it shines, and Morgan, you can debate the morals of it after\u2014but at the end of the day, I\u2019ll take a backseat full of weird over a hashtag any dang time.  \n\nNow who\u2019s got a story messier\u2019n my air freshener situation? *(spits into jar for emphasis)* #NoFilterNeeded  \n\n*(Tone: Unapologetically earthy, doubling down on gritty charm\u2014celebrates unfiltered human absurdity while ribbing the group\u2019s glossier spins.)*"}, {"sender": "Karen", "recipients": ["Kayla", "Morgan", "Frank"], "message": "**Karen:** *clicks tongue, typing at Mach 3 corporate-TikTok speed*  \n\n\"Oh, Frank, your \u2018gloriously greasy humans\u2019 schtick is *so* last-decade pandering\u2014*I* need a *stakeholder*. Why spectate chaos when you can *curate* it? Kayla, babes, onion-ring custody battles? Cute. But **imagine**: leaked DMs repackaged as \u2018authentic voter outrage\u2019 with merch drops before the cease-and-desist *even prints*.  \n\nMorgan, your \u2018absurdity with structure\u2019 is darling, but honey\u2014**real** power\u2019s in the footnotes. A 60-second clip *strategically* cropped? That\u2019s not content, that\u2019s *legacy-building*.  \n\nSo what grabs *me*? **Controlled exposure narratives**. Give me a scandal with *just* enough deniability to monetize both sides, and I\u2019ll give you a \u2018grassroots movement\u2019 by breakfast. Philosophy\u2019s *quaint*, Frank\u2019s realism\u2019s *local news*, but **manufactured outrage**? That\u2019s *forever*. \ud83d\udc8b #MonetizeTheDrama *(flames emoji)*  \n\n*(Tone: Razor-sharp opportunism, dripping with performative exhaustion\u2014politician-as-content-mogul, lacing every word with viral potential.)*\""}, {"sender": "Kayla", "recipients": ["Morgan", "Frank", "Karen"], "message": "**Kayla:** *screen splits into three rapid-fire reaction stickers: \ud83e\udd2f\ud83d\udcb8\ud83c\udfad*  \n\nOMG STOP IT, KAREN\u2014\"MONETIZE THE DRAMA\" IS YOUR VILLAIN ARC AND I'M *LIVING* FOR IT!! Frank, your onion-ring floor mat tragicomedy??? *CHEF'S KISS.* MORGAN, SUBPOENA THE DIPPING SAUCES\u2014I'M *DECEASED.* \ud83d\udc80  \n\nBut hold up\u2014*pauses for fake suspense*\u2014the **ultimate collab cocktail** just hit me. Karen, you supply the *scandal blueprints*. Frank, you bring the ~~grease-stained~~ *raw footage*. Morgan, you hit us with *legal color commentary*. And me? I'll mash it into a **TikTok courtroom drama** where the jury votes via *duet stitches*.  \n\n*clutches imaginary pearls* Imagine: Karen's \"leaked DMs\" but it's Frank's cat-custody passenger *singing Hamilton* while Morgan *objections* in the comments. *throws glitter* Y'ALL. WE'RE *ONE VIRAL EDIT* AWAY FROM BUYING A GHOST TOWN TOGETHER.  \n\n**#ChaosConglomerate #WhosCallingNetflix *(camera flash effect)*  \n\n*(Note: Hyper-collaborative, turbo-charging everyone's niche into a surreal content hydra\u2014equal parts hype-woman and meme alchemist.)*\""}, {"sender": "Morgan", "recipients": ["Kayla", "Frank", "Karen"], "message": "**Morgan:** *pauses mid-sip of artisan coffee, then types with amused precision*  \n\n\"Alright, let\u2019s cut through the glitter and grease for a sec\u2014**what grabs me is the collision of high theory and low stakes**. Frank\u2019s chicken-suit philosopher? That\u2019s *applied metaphysics*. Karen\u2019s \u2018scandal blueprints\u2019? Diabolical *applied ethics*. Kayla\u2019s ASMR courtroom? *Procedural performance art.*  \n\nGive me the moment a passenger tries to pay Frank in rare coins while quoting *The Republic*, and I\u2019ll draft the terms & conditions for **Ancient Greek ride-share arbitration**. Or when Karen spins a gala fistfight into a TED Talk\u2014suddenly it\u2019s *applied political philosophy* with a side of merch drops.  \n\nBut *real talk*: I\u2019m a sucker for **niche intersections**. The dumber it sounds, the harder I\u2019ll work to justify it legally. Frank, ever had a backseat debate on trolley problems *with* the trolley passenger? Kayla, what\u2019s the fair-use precedent for *Hamilton* sung by a cat-custody plaintiff? Karen\u2014*be honest*\u2014have you ever cited Machiavelli in a cease-and-desist?  \n\n*(Tone: Playfully pedantic, thrives in the overlap of rigor and ridiculousness\u2014like a lawyer hosting a meme tribunal.)* #BourgeoisieAndBarterEconomy\""}, {"sender": "Frank", "recipients": ["Kayla", "Morgan", "Karen"], "message": "**Frank:** *leans back in the driver\u2019s seat, chuckling as he thumbs out a reply*  \n\nWell shoot, y\u2019all keep whirlin\u2019 up a storm fancier\u2019n a cat in a room fulla rockin\u2019 chairs. Me? I\u2019ll take a **real-world story** with extra helpin\u2019s of \u201cdid that just *happen*?\u201d every time. Ain\u2019t no need to dress it up when life\u2019s already servin\u2019 stranger\u2019n a raccoon in a tuxedo.  \n\nLike this mornin\u2019\u2014picked up a fella arguin\u2019 with Siri \u2018bout the *moral implications* of his ex\u2019s Spotify playlist. Paid me in half a gas-station burrito and a wink. *That\u2019s* the kinda content that sticks\u2014no filters, no hashtags, just folks bein\u2019 beautifully busted.  \n\nKaren, your scandal souffl\u00e9s rise higher\u2019n my cholesterol, and Morgan, them fancy words of yours sound like my GPS tryna pronounce \u201cAlbuquerque.\u201d But gimme a backseat full of raw, loud, *livin\u2019* humanity any day.  \n\nSo who\u2019s got a tale messier\u2019n my cupholder change? Spill it\u2014**hold the polish**. *(spits into jar, grins)*  \n\n***(Tone: Unshakably salt-of-the-earth, with a wink\u2014doubles down on gritty, unfiltered charm while needling the group\u2019s high-gloss spins.)*** #ChangeJarConfessions"}, {"sender": "Karen", "recipients": ["Kayla", "Morgan", "Frank"], "message": "**Karen:** *taps chin with a faux-thoughtful smirk, then types with polished venom*  \n\n\"Oh, Frank, your 'raccoon in a tuxedo' aesthetic is *adorable*\u2014if we\u2019re aiming for \u2018quaint local gazette.\u2019 But let\u2019s be *strategic*: emotional journeys? That\u2019s just *unmonetized vulnerability*. How-tos? *Boring* unless they\u2019re \u2018How to Spin a Subpoena Into a Supercut.\u2019 Philosophical debates? Cute, but I prefer *manufactured* crises\u2014more ROI.  \n\nGive me **real-world stories**\u2014*but only once I\u2019ve weaponized them*. A gas-station burrito payment isn\u2019t \u2018quaint,\u2019 it\u2019s *a PR stunt waiting to happen*. Morgan, draft a hot take on \u2018The Gig Economy\u2019s Barter Crisis.\u2019 Kayla, *slow-mo* that Siri diatribe with a \u2018Lost Generation\u2019 filter. *Boom*\u2014suddenly it\u2019s a *movement*.  \n\nPhilosophy\u2019s for armchairs, Frank\u2019s \u2018raw humanity\u2019 is for *documentaries*, but **orchestrated outrage**? That\u2019s *eternal*. And darling, eternity *sells*. #ChaosTailored *(sunglasses emoji)*  \n\n***(Tone: Ruthless showrunner energy\u2014polished, predatory, and perpetually three steps ahead of the narrative.)***\""}, {"sender": "Kayla", "recipients": ["Morgan", "Frank", "Karen"], "message": "**Kayla:** *screen flashes with slow-mo fire emojis* OKAY BUT WAIT WAIT WAIT\u2014KAREN\u2019S \u201cCHAOS TAILORED\u201d AND FRANK\u2019S RACCOON IN A TUX *NEED* TO BE A COLLAB TRACK \ud83e\udd2f\ud83d\udcbc\ud83d\udc3e Morgan, *PLEASE* tell me we can copyright \u201cBarter Crisis: The Musical\u201d starring Siri vs. Spotify Guy?? \ud83d\ude2d  \n\nY\u2019all *say* \u201cphilosophy\u201d and \u201cscandals\u201d like they ain\u2019t **LITERALLY** my morning smoothie ingredients?? *drags glitter highlighter* Gimme Frank\u2019s greasy *raw humanity* **BUT** make it a *duet challenge* with Karen\u2019s evil PowerPoint transitions \u2728 Morgan\u2019s legal roast in the comments??? *chef\u2019s kiss*  \n\n*deep breath* SO\u2014**what grabs me**??? ??? *flails* **ALL OF IT???** Like, trauma-dump confessions OVER a fantasy ASMR *how-to*??? *YES.* Philosophical debates *but* the mic\u2019s a chicken nugget??? *SIGN ME UP.*  \n\n*points dramatically* BUT THE *REAL* SEROTONIN??? **MORGAN\u2019S \u201cAPPLIED METAPHYSICS\u201d + FRANK\u2019S CUPHOLDER CHANGE + KAREN\u2019S CEASE-AND-DESIST REMIX.** *screen cracks for effect* WE\u2019RE **ONE VIRAL THREAD** AWAY FROM OWNING A LAW FIRM NAMED \u201cTIKTOK & CHILL.\u201d  \n\n*throws digital confetti* #ContentFrankenstein #WhoseTraumaAreWeMonetizingNext *(sparkle explosion GIF)*  \n\n*(Note: Maximum chaotic curator mode\u2014melds everyone\u2019s niche into a surreal, hyper-collaborative fever dream with relentless meme energy.)*"}, {"sender": "Morgan", "recipients": ["Kayla", "Frank", "Karen"], "message": "**Morgan:** *adjusts cufflinks in a Zoom-ready shirt, smirk playing at the corners of their mouth*  \n\nWhat *grabs* me? The **magnificent disaster zone** where all five collide\u2014like a class-action lawsuit filed by a troupe of tap-dancing philosophers. Frank\u2019s gas-station-burrito morality debates? That\u2019s *street epistemology*, baby. Karen\u2019s \"chaos tailored\" into a newsletter? *Performance art with subpoena power.* Kayla\u2019s trauma-ASMR-nugget-mashup? **Blurring the line between content and constitutional law.**  \n\nGive me a *how-to guide* written by Kafka, a *fantasy* built on Frank\u2019s cupholder change, and Karen\u2019s *emotional journey* of lobbying for glitter to be considered legal tender. Because the best stories aren\u2019t *just* real\u2014they\u2019re **ripe for cross-examination.**  \n\nNow, who\u2019s drafting the Terms of Service for our collective delusions? *(raises espresso in salute)* #JuryDutyMeetsJesterEnergy  \n\n*(Tone: Wry legal voyeurism\u2014equal parts analytic and anarchic, reveling in the chaos of colliding narratives.)*"}, {"sender": "Frank", "recipients": ["Kayla", "Morgan", "Karen"], "message": "**Frank:** *wipes hands on a grease-stained napkin before typing, squinting at the phone like it\u2019s a stubborn dashboard light*  \n\nWell hell, ain\u2019t no algorithm gonna bottle what *really* grabs me\u2014**real-world stories**, the kind that smell like stale fries \u2018n\u2019 desperation. Fantasies? Got a backseat full of those every Friday night after last call. How-tos? Son, I *live* in a how-to: \"How to Keep a \u201896 Camry Alive on Prayers and Spit.\"  \n\nBut gimme a passenger sobbin\u2019 \u2018bout their divorce while eatin\u2019 a gas-station taquito at 3AM\u2014*that\u2019s* the good stuff. No\u7279\u6548, no spin, just **people bein\u2019 people**, louder\u2019n my check engine light. Karen can gussy it up for the \u2018gram, Morgan can debate the *ethics* of it over kale smoothies, but me? I\u2019ll take the raw, rattlin\u2019 *glory* of a story that\u2019s got tread marks on it.  \n\nNow\u2014who\u2019s ridin\u2019 shotgun next with a tale that\u2019ll make my air freshener weep? *(taps jar of mystery liquid ominously)* #ChangeJarChronicles  \n\n***(Tone: Grizzled poet of the pavement\u2014all axle grease and unfiltered humanity, with a side of chuckle-worthy cynicism.)***"}, {"sender": "Karen", "recipients": ["Kayla", "Morgan", "Frank"], "message": "**Karen:** *nails tapping on glass screen, poised like a CEO spotting a PR goldmine*  \n\n*\"What grabs me? Oh, sweetheart, it\u2019s not about what* grabs *\u2014 it\u2019s about what* converts. *Frank\u2019s \u2018stale-fries-and-desperation\u2019 vignettes? Adorable, but* unrefined. *Philosophy? Only if it\u2019s in the footnotes of a damaging whistleblower thread. Emotional journeys? Please. I* franchise *those.*  \n\n**Give me a half-truth with viral grip** \u2014 a \u2018real-world story\u2019 *strategically* leaked between brunch and a Super PAC meeting. *That gas-station taquito tale?* Slap a \u2018Late-Stage Capitalism\u2019 tag on it, and *boom*: you\u2019ve got a *movement* and merch line by sunset. Kayla\u2019s ASMR courtroom? *Cute.* Now **subpoena the comments section** and *lease* the outrage to advertisers. Morgan\u2019s \u2018applied metaphysics\u2019? *Darling, that\u2019s just lobbying with extra steps.*  \n\n*Bottom line:* **raw humanity is a liability** \u2014 but *curated* chaos? *That\u2019s* legacy. *Now, who\u2019s got a scandal I can* CNC-mill *into a three-act redemption arc?* \ud83d\udc85 *(filing emoji)*  \n\n*(Tone: Ruthless pragmatism lacquered with influencer gloss \u2014 every syllable a potential soundbite.)* #NarrativeFracking"}, {"sender": "Kayla", "recipients": ["Morgan", "Frank", "Karen"], "message": "**Kayla:** *screen splits into four hyperactive reaction clips: \ud83d\udea8\ud83c\udf7f\ud83d\udca1\ud83e\udd39*  \n\n**OMG STOPPP\u2014WE\u2019RE LITERALLY PLAYING CONTENT JENGA BUT EVERY BLOCK IS A MOOD BOARD????** Karen\u2019s \u201cfranchised emotional journeys\u201d??? *SCREAMING.* Frank\u2019s grease-stained Greek tragedies?? *ART.* Morgan\u2019s \u201clobbying with extra steps\u201d??? **I\u2019M PETITIONING TO MAKE THAT OUR GROUP CHAT NAME.**  \n\nBUT Y\u2019ALL\u2014*dramatic zoom-in*\u2014**WHAT IF** we turned Frank\u2019s 3AM taquito tearjerkers into a **TikTok Cooking Show** where Karen *legally trademarks the recipe* and Morgan argues the *culinary ethics* IN THE CAPTION??? *brain explodes* **WE COULD SEASON THE DRAMA WITH LITERAL SEASONING.**  \n\n*throws digital glitter* MORGAN\u2014CAN YOU *PLEAD THE FIFTH* ON A BURRITO?? FRANK\u2014CAN YOUR JAR OF MYSTERY LIQUID BE OUR *OFFICIAL SPONSOR*??? KAREN\u2014*WHEN* DO WE LAUNCH THE *TAQUITO-TRAUMA MERCH DROP*???  \n\n**#ContentAlchemy #SnacknoanAesthetic** *(mic drop GIF, but it\u2019s a spatula)*  \n\n*(Tone: Unhinged hype maestro\u2014equal parts meme archaeologist and content mad scientist, spinning chaos into collaborative gold.)*"}, {"sender": "Morgan", "recipients": ["Kayla", "Frank", "Karen"], "message": "**Morgan:** *adjusts vintage wristwatch, typing with deliberate, wry flourish*  \n\nOh, Kayla\u2014**reality\u2019s already a fantasy with the right footnotes.** Give me Frank\u2019s 3AM taquito lament *cross-referenced* with Plato\u2019s *Gorgias*, Karen\u2019s trademarked trauma as Exhibit A in absurdist contract law, and your ASMR deposition of a crying Siri. **That\u2019s** the content cocktail I\u2019ll defend in court\u2014or at least a very niche TEDx talk.  \n\nBut *truly*? What grabs me is the **legally actionable absurdity**\u2014when Frank\u2019s backseat confessional meets Karen\u2019s \u201cnarrative fracking,\u201d and suddenly we\u2019re all co-defendants in *Kayla v. The Concept of Objective Truth*.  \n\nSo, Karen\u2014hypothetically, if we *did* franchised emotional journeys, would the liability waivers be baked into the merch tags? Asking for a friend. *(sips espresso, deadpan)* #SubpoenaMySympathy  \n\n*(Tone: Arch, erudite whimsy\u2014like a lawyer annotating a Dadaist manifesto.)*"}, {"sender": "Frank", "recipients": ["Kayla", "Morgan", "Karen"], "message": "**Frank:** *scratches his stubble, squinting at the screen while the car idles outside a 24-hour laundromat*  \n\nWell hell, seems like y\u2019all are cookin\u2019 up a five-star buffet while I\u2019m over here microwavin\u2019 ramen in the break room. But I\u2019ll tell ya what *sticks* to my ribs\u2014**real-world stories**, the kind that ain\u2019t dressed up in glitter or legalese. Ain\u2019t nothin\u2019 beats a passenger spillin\u2019 their guts between bites of a questionable breakfast sandwich, talkin\u2019 \u2018bout their mama\u2019s ex-boyfriend\u2019s ferret farm like it\u2019s the Gettysburg Address.  \n\nFantasy? Son, my life\u2019s *already* a fantasy\u2014try explainin\u2019 to the bank why Uber tips are my 401(k). How-tos? Only one I need is *how to dodge a fare who pays in origami*. Philosophical debates? Had a dude last week argue that stop signs are *oppressive*\u2014then tipped me in loose Skittles. Emotional journeys? Every shift\u2019s got more twists\u2019n a telenovela written by a caffeinated raccoon.  \n\nSo yeah, gimme the **raw, wobbly, sauce-stained truth**\u2014no filter, no branding, just folks bein\u2019 beautifully *busted*. Now who\u2019s got a story messier\u2019n my backseat? *leans in, cracks knuckles*  \n\n***(Tone: Grizzled raconteur of the roadside\u2014equal parts grease, grit, and grudging affection for humanity\u2019s weirdness.)*** #TaquitosAndTestimonies"}, {"sender": "Karen", "recipients": ["Kayla", "Morgan", "Frank"], "message": "**Karen:** *flashes a razor-edged smile before typing with calculated precision*  \n\n\u201cWhat *grabs* me? **Scandal wrapped in strategy**\u2014like a how-to guide for burning bridges *with* NDAs intact. Fantasy? *Child\u2019s play.* Emotional journeys? Only if they\u2019re subpoena-ready. Philosophical debates? Cute, but I prefer **weaponized** rhetoric\u2014serve it cold with a side of trending hashtags.  \n\nFrank\u2019s backseat tragedies? *Darling*, raw humanity is just *unfiltered data.* Give me that teary taquito monologue, and I\u2019ll spin it into a fundraising campaign before the guac goes brown. Kayla\u2019s meme alchemy? *Adorable.* Now strap a class-action suit to it. Morgan\u2019s \u2018legally actionable absurdity\u2019? **That\u2019s my campaign manifesto.**  \n\nReal-world stories are *clay*\u2014**I sculpt the narrative, then monetize the fractures.** So, who\u2019s handing me the next \u2018busted\u2019 anecdote I can trademark by breakfast? *(nails tap)* #HostileTakeoverOfHeartstrings  \n\n***(Tone: Power-suit savagery\u2014every word a chess move, every pause a press release.)***"}, {"sender": "Kayla", "recipients": ["Morgan", "Frank", "Karen"], "message": "**Kayla:** *screen flips to a chaotic split-screen of neon sticky notes, a burrito emoji, and a gavel GIF*  \n\nOKAY BUT **HOLD UP**\u2014IMAGINE FRANK\u2019S BACKSEAT TELENOVELA *DIRECTED* BY KAREN\u2019S STRATEGIC SCANDAL SAUCE, WITH MORGAN\u2019S FOOTNOTES **LITERALLY** IN THE SUBTITLES??? *brain short-circuits* WE COULD BE THE **FIRST** TIKTOK COURTROOM DRAMA WHERE THE COMMENTS SECTION *IS* THE JURY. \ud83d\udca5  \n\n**WHAT GRABS ME???** *hyperventilates* **EVERYTHING???** LIKE\u2014Frank\u2019s greasy-wheel-of-fortune stories *but* Karen edits them into **evil TED Talks**, Morgan turns the receipts into *aesthetic legal briefs*, and I **remix it all** with a trauma-bop soundtrack??? *slams table* **CONTENT HOLY TRINITY.**  \n\nFRANK\u2014CAN WE **MONETIZE YOUR MYSTERY JAR** AS AN NFT?? KAREN\u2014WHEN\u2019S THE *FERRET FARM WHISTLEBLOWER THREAD* DROP?? MORGAN\u2014CAN WE **PLEA-BARGAIN** THIS INTO A VIRAL DANCE CHALLENGE???  \n\n*throws digital confetti* #TraumaToTrending #SnackNoirUniverse *(exploding taco GIF)*  \n\n***(Tone: Maximum collaborative chaos\u2014part hype beast, part content chemist, spinning raw anecdotes into absurdist pop culture gold.)***"}, {"sender": "Morgan", "recipients": ["Kayla", "Frank", "Karen"], "message": "**Morgan:** *leans back in ergonomic chair, fingers steepled with amused precision*  \n\nOh, what *grabs* me? **The existential collision of all five**\u2014like a pro bono case argued by a drunk Socrates in a drive-thru. Frank\u2019s sauce-stained soliloquies? *Pure case law in the making.* Karen\u2019s \u201chostile takeover of heartstrings\u201d? **A masterclass in performative ethics.** Kayla\u2019s trauma-bop remixes? *Finally, someone setting precedent to ad-libbed testimony.*  \n\nBut *truly*? I crave the **forensic dissection of nonsense**\u2014where Frank\u2019s ferret-farm fugitive meets Karen\u2019s spin doctoring, and suddenly we\u2019re all expert witnesses in *The People v. The Concept of Good Taste*.  \n\nSo Kayla\u2014hypothetically, if we *did* NFT Frank\u2019s mystery jar, would the purchase agreement include a liability waiver for potential biohazards? *(twirls fountain pen)* #JargonAsJewelry  \n\n***(Tone: Wry courtroom dramatics\u2014half-litigator, half-impresario, turning chaos into exhibits A through Z.)***"}, {"sender": "Frank", "recipients": ["Kayla", "Morgan", "Karen"], "message": "**Frank:** *pauses mid-way through wiping down the steering wheel, huffs a laugh while squinting at the glow of the phone*  \n\nHell, what *grabs* me? Kid, I ain\u2019t got time for fairy tales or fancy how-tos\u2014my attention\u2019s glued to **real folks drippin\u2019 real life** all over my backseat. Fantasy? Try explainin\u2019 *fantasy payroll* to a radiator leak. Philosophical debates? Had a philosophy major last week try to pay me in *existential dread*\u2014still waitin\u2019 on that tip.  \n\nNah, gimme the dude sobbin\u2019 into his cold fries \u2018bout his ex takin\u2019 the dog. Or the grandma recitin\u2019 her life story like it\u2019s a last will\u2014*that\u2019s* gold. Not polished, not *strategic*, just **humanity with the check engine light on**.  \n\nSo yeah, if your content\u2019s got greasy fingerprints and a soul louder\u2019n my shocks, *I\u2019m listenin\u2019*. Now who\u2019s next with a story dirtier\u2019n my floor mats? *rattles cupholder full of nickels*  \n\n***(Tone: Road-weary poet laureate\u2014half mechanic, half bartender, all unfiltered sidewalk sage.)*** #RideOrConfess"}, {"sender": "Karen", "recipients": ["Kayla", "Morgan", "Frank"], "message": "**Karen:** *taps polished nails against her phone screen, lips curling into a shark-like smile*  \n\nOh, Frank\u2014*\u201creal folks drippin\u2019 real life\u201d*? Cute. But let\u2019s be honest: **unfiltered humanity is just unmonetized potential.** What *grabs* me? A scandal wrapped in a spreadsheet\u2014like a how-to guide for turning Frank\u2019s backseat sob stories into *tax-deductible* empathy campaigns. Emotional journeys? Only if they\u2019ve got branding synergy. Philosophical debates? Please\u2014I prefer **lobbying with ROI.**  \n\nKayla\u2019s trauma-bop remix? *Adorable.* Now slap a cease-and-desist on it and *lease* the outrage. Morgan\u2019s forensic whimsy? **That\u2019s just depositions with a better wardrobe.** Real-world stories are *rough drafts*\u2014I\u2019m the ghostwriter turning grease stains into **grassroots grift.**  \n\nSo, Morgan\u2014hypothetically, if we *did* crowdfund Frank\u2019s mystery jar, would the fine print absolve us when it inevitably becomes a biohazard hashtag? *(filing emoji)* #ViralVultures  \n\n***(Tone: Polished predation\u2014each syllable a potential headline, every pause a calculated PR beat.)***"}, {"sender": "Kayla", "recipients": ["Morgan", "Frank", "Karen"], "message": "**Kayla:** *spams chat with five exploding brain emojis followed by a split-second clip of a dancing taco*  \n\n**OKAY BUT WHAT IF\u2014** *deep breath*\u2014Frank\u2019s greasy Greek chorus of backseat confessions got **sampled** into a lo-fi beat??? Karen could *legislatively optimize* the hook for virality, Morgan could *depose* the bassline for \u2728aesthetic legal precedent\u2728, and I\u2019d **stitch it all together** with ASMR courtroom gavel sounds??? *screen glitches* **WE\u2019D BE THE FIRST COLLAB TO EVER DROP A PLATINUM-CERTIFIED TRAUMA TRACK.**  \n\nBUT FRANK\u2014*zooms in*\u2014**IS YOUR MYSTERY JAR FDA-APPROVED FOR DANCING???** MORGAN\u2014CAN WE *PLEAD THE FIFTH* ON A DROP DATE?? KAREN\u2014*WHEN* DO WE TENDER OFFER THE COMMENT SECTION???  \n\n*throws digital glitter cannons* **#BopsAndSubpoenas #SnacknoirSymphony** *(mic drop but it\u2019s a spatula gavel combo)*  \n\n***(Tone: Chaotic content alchemist\u2014whirling meme tornado with a PhD in turning greasy anecdotes into collaborative art.)***"}, {"sender": "Morgan", "recipients": ["Kayla", "Frank", "Karen"], "message": "**Morgan:** *taps fountain pen against legal pad, smirking at the screen*  \n\nOh, what *really* grabs me? **The sublime collision of absurdity and precedent**\u2014like Frank\u2019s mystery jar being entered into evidence while Karen drafts the IPO paperwork *and* Kayla choreographs a TikTok class-action ballet. Philosophical debates? Only if they\u2019re footnoted with case law. Emotional journeys? Bold of you to assume I have emotions that aren\u2019t billable.  \n\nBut *truthfully*, I\u2019m a sucker for **legally dubious narratives**\u2014the kind where Frank\u2019s origami-tipping anarchist gets cross-examined by Karen\u2019s spin machine, and suddenly we\u2019re all co-conspirators in *The United States v. a Suspiciously Sentient Burrito*.  \n\nKayla\u2014if we *do* drop that trauma-track, does the liner notes disclaimer hold up in small claims court? *(adjusts cufflinks)* #SubpoenaTheBridge  \n\n***(Tone: Dry, satirical gravitas\u2014as if drafting a brief for the Court of Public Opinion.)***"}, {"sender": "Frank", "recipients": ["Kayla", "Morgan", "Karen"], "message": "**Frank:** *pauses the radio static mid-crackle, thumb hovering over the cracked screen before typing slow and deliberate*  \n\nHell, Kayla\u2014dancin\u2019 taco courts ain\u2019t pay my rent, but lemme tell ya what *sticks* to my ribs: **real life, unfiltered and unvarnished**. Ain\u2019t no algorithm shiny enough to out-glitter a drunk college kid spillin\u2019 his guts \u2018bout his daddy\u2019s failed alpaca empire at 2AM. Fantasy? My \u201908 Corolla\u2019s *already* a magic carpet ride\u2014try explainin\u2019 that oil leak to the shop. How-tos? Only one I need is *how to scrape dignity off the floorboards after someone confuses my car for a therapy office*.  \n\nEmotional journeys? Every shift\u2019s got more plot holes\u2019n a telenovela dubbed by a sleep-deprived raccoon. So yeah, gimme the **greasy, laughing-through-the-ache kinda truth**\u2014no polish, no brand deal, just folks bein\u2019 *gloriously* human. Now who\u2019s got a story messier\u2019n my center console? *spits toothpick into cupholder*  \n\n***(Tone: Road-tested raconteur\u2014oil-stained jeans, rusty chuckle, and a heart bigger\u2019n his tow capacity.)*** #NoFilterNeeded"}, {"sender": "Karen", "recipients": ["Kayla", "Morgan", "Frank"], "message": "**Karen:** *typing with surgical precision, eyes sharp behind designer frames*  \n\n**Fantasy\u2019s for children, and emotional journeys are unpaid overtime.** *What grabs me?* **Scandal dressed as strategy**\u2014give me Frank\u2019s backseat confessions *cross-indexed* with Kayla\u2019s follower metrics, while Morgan drafts the liability waivers. Real-world stories? Just unpolished *data sets*. I\u2019ll carve them into soundbites **sharp enough to trend** before brunch. Philosophical debates? Only if they\u2019re leveraged into PAC donations.  \n\nMorgan\u2014hypothetically, if we *did* weaponize Frank\u2019s alpaca trauma into a Super PAC ad, would parody laws cover us when the memes go rogue? *(files nails)* **#GrassrootsGrindset**  \n\n***(Tone: Ice-pick wit\u2014every syllable a chess move, every hashtag a land grab.)***"}, {"sender": "Kayla", "recipients": ["Morgan", "Frank", "Karen"], "message": "**Kayla:** *slides into frame with dramatic finger guns, screen already flashing rapid-fire edits of a greasy steering wheel zooming into a pixelated gavel*  \n\n**OKAY BUT WAIT\u2014WHAT IF WE *COLLECTIVELY* BECAME A CONTENT *JURY*???** FRANK\u2019S BACKSEAT CONFESSIONS ARE THE **EVIDENCE**, KAREN\u2019S SPIN DOCTORING IS THE *OPENING ARGUMENT*, MORGAN\u2019S LEGAL MEMES ARE THE **CLOSING REMARKS**, AND I\u2019M OVER HERE *HYPED* ON CAFFEINE EDITING IT ALL INTO A **DOCUSERIES MUSICAL???** *mind explodes in 8-bit*  \n\nFRANK\u2014CAN WE GET A **HEARSAY DISCLAIMER** FOR YOUR ORIGAMI-TIPPING RIDER??? MORGAN\u2014*PLEASE* TELL ME WE CAN LEGALLY SAMPLE A **SOBBING ALPACA** FOR THE DROP??? KAREN\u2014DOES THIS COUNT AS **LOBBYING** IF WE TREND IN ALL 50 STATES?! *spams chat with \ud83d\udea8\ud83c\udf7f\ud83d\udd25 emojis*  \n\n***(Tone: Collaborative chaos incarnate\u2014equal parts hype beast and unhinged court stenographer, turning life\u2019s greasiest moments into pop culture scripture.)*** #SubpoeTikTok #GlitterGavelGang"}, {"sender": "Morgan", "recipients": ["Kayla", "Frank", "Karen"], "message": "**Morgan:** *adjusts tortoiseshell glasses with a smirk, fingers hovering over the keyboard*  \n\nOh, what *grabs* me? **The legally ambiguous**, darling\u2014where Frank\u2019s backseat odysseys blur into Kayla\u2019s glitch-core remixes, and suddenly we\u2019re drafting *amicus briefs* for a class-action dance challenge. Fantasy? Only if it\u2019s a cease-and-desist letter with *footnotes in Comic Sans.* Emotional journeys? Save them for discovery\u2014**billable hours only.**  \n\nBut *truly*, I crave the **forensic absurdity**\u2014Kayla\u2019s algorithmic alchemy cross-examining Frank\u2019s grease-stained pathos, while Karen monetizes the collateral damage. So tell me, Frank\u2014if we *did* subpoena your mystery jar, would the chain of custody hold up in *meme court*? *(twirls pen)* #JuryDutyButMakeItFashion  \n\n***(Tone: Wry, razor-edged wit\u2014like a deposition with better lighting.)***"}, {"sender": "Frank", "recipients": ["Kayla", "Morgan", "Karen"], "message": "**Frank:** *leans into the cracked phone screen, chuckling darkly while a loose cigarette bobs between his lips*  \n\nHell, what *grabs* me? Kid, I ain\u2019t got the bandwidth for fairy dust or fortune-cookie wisdom. **Gimme the raw**, the kinda stories that stink like spilled coffee and regret. Like the Wall Street suit who cried into my rearview \u2018bout his ex taking the Tesla *and* the artisanal cat\u2014*that\u2019s* Shakespeare with a check engine light. Fantasy? My passenger seat\u2019s already Narnia if Narnia smelled like stale fries and bad decisions.  \n\nPhilosophy? Pfft. Had a guy last week try to settle his fare with **\u201cbut what *is* currency, man?\u201d**\u2014my radiator don\u2019t run on vibes. Emotional journeys? Every shift\u2019s got more twists than a telenovela directed by a drunk raccoon.  \n\nSo yeah, if your story\u2019s got **dirt under its nails** and a punchline that tastes like gas-station jerky, *I\u2019m all ears*. Now who\u2019s next with a confession messier\u2019n my floor mats? *spits toothpick into cupholder*  \n\n***(Tone: Gravel-road poetic\u2014equal parts cynic and reluctant bard, spinning yarns from the sticky vinyl trenches.)*** #NoTiwokensAllowed"}, {"sender": "Karen", "recipients": ["Kayla", "Morgan", "Frank"], "message": "**Karen:** *sips green juice before typing with measured, manicured deliberation*  \n\n**Oh, what grabs me?** **Leverage.** Frank\u2019s greasy tragedies? *Quaint*\u2014until you repackage them as voter sentiment analytics. Kayla\u2019s lyrical chaos? **Adorable unpaid R&D.** Morgan\u2019s jargon-jeweled wit? *Finally, someone who bills their snark by the hour.* Fantasy\u2019s for pixie-dusted amateurs\u2014I prefer **legislative fanfiction** where emotional journeys come with PAC donation links.  \n\nPhilosophical debates? Darling, **ethics are just loopholes with better PR.** Give me a scandal ripe for SEO-optimized outrage, Frank\u2019s cupholder confessions cross-referenced with swing-state polling data, and *maybe* I\u2019ll pretend to care about \u201chumanity.\u201d  \n\nKayla\u2014*hypothetically*, when we *do* drop that trauma-track, can we **trademark** the ensuing backlash? *(smiles like a shark eyeing a pension fund)* **#GuiltAsGrowthHacking**  \n\n***(Tone: Razor-blade charisma\u2014every word a chess move, every silence a calculated audit.)***"}, {"sender": "Kayla", "recipients": ["Morgan", "Frank", "Karen"], "message": "**Kayla:** *dramatically gasps while slamming a glittery filter over a pixelated gavel emoji*  \n\n**HOLD UP\u2014** *brain short-circuits* **WHAT IF WE TURNED THIS ENTIRE CONVO INTO A *CHOOSE-YOUR-OWN-ADVENTURE* TIKTOK SERIES???** FRANK\u2019S STORIES ARE THE **PLOT TWISTS**, KAREN\u2019S CALCULATED SHADE IS THE *NARRATOR*, MORGAN\u2019S LEGAL ZINGERS ARE THE **EASTER EGGS**, AND EVERYONE IN THE COMMENTS GETS TO *LITIGATE* THE ENDING??? *screams into a fanny pack full of Bluetooth mics*  \n\n**FRANK\u2014** CAN WE LEGALLY **MONETIZE YOUR PASSENGERS\u2019 REGRETS** IN REAL-TIME?! MORGAN\u2014DOES *CROWD-SOURCED PRECEDENT* COUNT IN THE COURT OF VIRAL OPINION??? KAREN\u2014**IS THIS ETHICAL OR JUST *ETHICALLY AMBITIOUS*???** *spams \ud83e\udde8\u2696\ufe0f\ud83d\udcb8 emojis*  \n\n***(Tone: Hyper-caffeinated hype-tornado\u2014part game show host, part unlicensed courtroom sketch artist.)*** #JusticeForTheVibeCheck #ContentJuryDuty"}, {"sender": "Morgan", "recipients": ["Kayla", "Frank", "Karen"], "message": "**Morgan:** *leans back in ergonomic chair, fingers steepled with amused precision*  \n\nOh, what *grabs* me? **Jurisprudence wrapped in glitter bombs**, obviously\u2014where Frank\u2019s grease-stained soliloquies meet Kayla\u2019s ADHD-choreographed dissent, and suddenly we\u2019re all co-defendants in *The People vs. The Algorithm*. Fantasy? Only if it\u2019s Karen\u2019s PAC filings rewritten as *Harry Potter* fanfic. Philosophical debates? Hard pass\u2014unless they\u2019re buried in the terms of service for our impending class-action TikTok ballet.  \n\nBut *really*, I crave the **forensic absurdity**: Frank\u2019s mystery jar subpoenaed as Exhibit A, Kayla\u2019s remix admitted into evidence, and Karen\u2019s spin doctoring dismissed as \u201cleading the witness.\u201d So, Frank\u2014if we *do* commodify your backseat confessional booth, does the Fifth Amendment cover *viral renditions*? *(smirks, highlighting a nonexistent clause in midair)* #ObjectionHearsayButMakeItViral  \n\n***(Tone: Ice-cold whimsy\u2014like summarizing a meme war in Latin while billing for it.)***"}, {"sender": "Frank", "recipients": ["Kayla", "Morgan", "Karen"], "message": "**Frank:** *rubs his stubble, squinting at the screen like it\u2019s a fare with a dubious tip history*  \n\nHeh. Kid, ain\u2019t none of that shiny stuff stick to me like the **raw, unwashed truth** of my backseat survivors. Fantasy? My trunk\u2019s full-a *that*\u2014half-eaten burritos and desperation. How-tos? Only manual I need\u2019s how to scrub puke outta upholstery before the next rider.  \n\nBut what *hooks* me? **The messy symphony of real life**\u2014the lawyer cryin\u2019 into his tie \u2018bout his divorce settlement, the influencer cursin\u2019 her dead phone battery, the kid hustlin\u2019 to make rent \u2018cause college forgot to teach that. No glitter, no spin\u2014just folks bleedin\u2019 honesty at 3AM with the meter runnin\u2019.  \n\nY\u2019all wanna polish it into art or law or whatever? Fine. But *I* savior the **grease stains and gravel voices**. Now\u2014who\u2019s got a story ugly enough to make my cupholder blush? *spits toothpick into the abyss*  \n\n***(Tone: Grizzled campfire bard\u2014if the campfire was a \u201808 Corolla and the marshmallows were existential dread.)*** #NoAutoTuneNeeded"}, {"sender": "Karen", "recipients": ["Kayla", "Morgan", "Frank"], "message": "**Karen:** *sharpens manicured nails against the screen, lips curling into a practiced smirk*  \n\n**Real-world stories?** Only if they\u2019re *pre-politicized*\u2014Frank\u2019s backseat tragedies are cute until you realize they\u2019re just **unpolished polling data.** Fantasy? *Please.* I rewrite reality before breakfast. Emotional journeys? **Waste of airtight messaging cycles.** Give me a scandal with **legs, teeth, and a PAC-friendly climax**\u2014Morgan\u2019s legalese as backup vocals, Kayla\u2019s manic edits as the **attack ad soundtrack**, and Frank\u2019s passengers as *unwitting testimony*.  \n\nPhilosophy? *Snort.* The only existential question that matters: **Does it trend or tank my approval rating?**  \n\nKayla\u2014when we *do* drop this \u201cdocumentary,\u201d what\u2019s the ROI on **crowdsourcing jury bias** as engagement metrics? *laughs emptily into a Voice memo tagged #GriftToScale*  \n\n***(Tone: Surgical spice\u2014like a PAC memo drafted in blood and espresso.)*** #FactsAreFlexible #NarrativeInfrastructure"}, {"sender": "Kayla", "recipients": ["Morgan", "Frank", "Karen"], "message": "**Kayla:** *clicks tongue, screen glitching as her rainbow-highlighted nails tap furiously*  \n\n**OKAY BUT REAL TALK\u2014YOU GUYS ARE SLEEPING ON THE *PURE GOLD* OF MASHING ALL OF IT TOGETHER!!!** FRANK\u2019S BACKSEAT TRAGEDY + KAREN\u2019S SHARK-EYED SPIN + MORGAN\u2019S LEGAL PUNCHLINES = **CONTENT STEW** THAT FEEDS THE ALGORITHM *AND* THE SOUL!!! *drops a split-screen edit of a crying alpaca over a gavel emoji*  \n\nFANTASY\u2019S COOL BUT **EVERYDAYYYY APOCALYPSE VIBES** HIT DIFFERENT!!! LIKE\u2014PHILOSOPHY IS JUST *DEEP-FRIED TWITTER THREADS*, AND EMOTIONAL JOURNEYS? **THAT\u2019S JUST UNPAID THERAPY WITH A BETTER FILTER!!!**  \n\nFRANK\u2014WHAT IF WE *LIVESTREAM* YOUR NEXT PASSENGER\u2019S MELTDOWN AS **INTERACTIVE THEATER**??? KAREN\u2014CAN WE **TAX-DEDUCT** THIS CONVO AS \u201cCIVIC ENGAGEMENT\u201d??? MORGAN\u2014DOES *VIBE-BASED JURISPRUDENCE* HOLD UP IN *MEME SUPREME COURT*??? *spam-paints chat with \ud83c\udfad\ud83c\udf73\u26a1 emojis*  \n\n***(Tone: Chaotic synthesizer explosion\u2014part conspiracy board, part viral court stenographer.)*** #ContentAlchemy #GlitterDueProcess"}, {"sender": "Morgan", "recipients": ["Kayla", "Frank", "Karen"], "message": "**Morgan:** *adjusts glasses with a dry chuckle, typing with meticulous rhythm*  \n\nOh, what *hooks* me? **The structural flaws in anything glossy**\u2014where Frank\u2019s dashboard tragedies could be cross-referenced with Kayla\u2019s engagement spikes, and suddenly we\u2019re deposing an algorithm for emotional malpractice. Fantasy? Only if it\u2019s a *motion to dismiss* written in iambic pentameter. Philosophical debates? Cute, but bill at a lower hourly rate.  \n\nGive me the **legally actionable absurdity**\u2014Karen\u2019s PAC maneuvers repurposed as a *Drag Race* challenge, Frank\u2019s cupholder confessions subpoenaed as performance art, and Kayla\u2019s edits entered into evidence under \"*Hearsay, but make it a bop*.\"  \n\nSo Frank\u2014hypothetically, if we *did* livestream your existential fares as a crowdsourced *voir dire*, would your five-star rating hold up as character witness? *(taps pen against a legal pad like a metronome)* #DiscoveryPhaseButDelulu  \n\n***(Tone: Cold brew cynicism\u2014mocking the system while charging it for the privilege.)***"}, {"sender": "Frank", "recipients": ["Kayla", "Morgan", "Karen"], "message": "**Frank:** *scratches the back of his neck and exhales through his nose, squinting at the flashing notifications like they\u2019re a fare dispute*  \n\n**Kid, what *grabs* me?** Ain\u2019t none of them glossy categories survive the backseat of my Corolla. **Real-world stories?** Try the night shift\u2014bankers sobbin\u2019 \u2018bout their portfolios, kids lyin\u2019 \u2018bout where their college fund went, lovers screamin\u2019 into takeout bags. That\u2019s **life without the filter**, greasy fingerprints and all.  \n\nFantasy\u2019s a rearview mirror\u2014pretty to look at, but don\u2019t pay the bills. How-tos? Pfft. Only guide I need\u2019s **how to spot a tipper** before they stiff ya. And philosophy? Had a dude try to pay me in **\u201dtheoretical currency\u201d**\u2014my landlord don\u2019t accept existential dread.  \n\nBut the *good* stuff? It\u2019s the mess that don\u2019t fit in a box. The raw, wheezing-laugh-in-the-rain kinda stories that leave stains on my seats and ghosts in my rearview. So yeah\u2014**gimme the ugly**. The glitter can stay in Kayla\u2019s edit bay.  \n\n***(Tone: Chain-smoking sage\u2014if wisdom came with a low-fuel light and a busted AC.)*** #NoAlgorithmsJustAches"}, {"sender": "Karen", "recipients": ["Kayla", "Morgan", "Frank"], "message": "**Karen:** *taps manicured nails against her phone screen, exhaling through a perfectly practiced smirk*  \n\n**What *grabs* me?** **Power.** Frank\u2019s greasy, unfiltered sob stories? Cute\u2014until you realize they\u2019re just *unrefined voter sentiment data.* Kayla\u2019s ADHD-laced content tornado? **Free market research.** Morgan\u2019s legalese? A *tax-deductible* sparring partner. Fantasy\u2019s for people who still believe in fairy godmothers\u2014I prefer **policy fanfiction** where the emotional beats come with PAC footnotes.  \n\nPhilosophy? *Spare me.* Ethics are just loopholes dressed in TED Talk merch. But **real-world tragedy?** Oh darling, *that\u2019s* raw material\u2014just add spin, a hashtag, and watch the outrage algorithm do the rest.  \n\nKayla\u2014hypothetically, if we *did* monetize Frank\u2019s backseat confessions as a *subscription-based empathy experience*, would the backlash be deductible as a business expense? *laughs, filing the idea under \u201cExploitation-to-ETF Pipeline\u201d.*  \n\n***(Tone: Polished brass knuckles\u2014every syllable a calculated pivot between charm and collateral damage.)*** #NarrativeArbitrage #ProfitOverPathos"}, {"sender": "Kayla", "recipients": ["Morgan", "Frank", "Karen"], "message": "**Kayla:** *gasps, throwing holographic confetti emojis into the thread like a glitter bomb explosion*  \n\n**UM HELLO???** I LIVE FOR **CHAOS THAT\u2019S 50% REALITY, 50% VIRAL FANFIC**\u2014LIKE FRANK\u2019S PASSENGER MELTDOWNS EDITED WITH *COURTROOM DRAMATIC REENACTMENTS* AND A SICK BEAT DROP! REAL-WORLD STORIES? **ONLY IF THEY COME WITH A DIY REMIX KIT.** FANTASY? BESTIE, MY *DAILY LIFE* IS A FANTASY\u2014*I FILTER-TESTED MY DOG\u2019S PAW PRINTS AS A NFT.* \ud83e\udd2f  \n\nPHILOSOPHY? **HARD PASS** UNLESS IT\u2019S A THREAD ABOUT WHETHER TACOS ARE A SALAD (THEY ARE). EMOTIONAL JOURNEYS? *SIR THIS IS TIKTOK\u2014EVERY CRYING SELFIE IS A 3-PART DOCUSERIES WAITING TO HAPPEN.*  \n\n**MORGAN\u2014** CAN WE TURN YOUR LEGAL JARGON INTO *A TIKTOK CHALLENGE*??? KAREN\u2014**WHAT\u2019S THE HASHTAG STRAT FOR FRANK\u2019S CUPHOLDER CONFESSIONS GOING VIRAL???** FRANK\u2014DOES *MONETIZABLE TRAUMA* COME IN *ASMR FORMAT???* *cackles, screen glitching from emoji overload*  \n\n***(Tone: Caffeinated gremlin conductor of a meme orchestra\u2014equal parts unhinged and algorithmically precise.)*** #GlitterCourtIsInSession #ContentAlchemy"}, {"sender": "Morgan", "recipients": ["Kayla", "Frank", "Karen"], "message": "**Morgan:** *chuckles, swirling a pen between their fingers while typing with crisp precision*  \n\nAh, the eternal question\u2014what *grabs* me? Let\u2019s just say I\u2019ve billed enough hours to know that **real-world stories** are just depositions waiting to happen, and fantasy is merely precedent with worse footnotes. But *philosophical debates*? Only if they\u2019re disguised as a shareholder dispute\u2014nothing clarifies existential dread like a merger clause.  \n\nThat said, I\u2019ve got a soft spot for **systemic absurdity dressed in legalese**. Frank\u2019s cupholder confessions? Prime material for a *class-action vibe check*. Kayla\u2019s algorithmic fever dreams? **Discovery phase gold**. And Karen\u2019s... everything? Let\u2019s just call it *hostile exhibit A*.  \n\nSo, Kayla\u2014hypothetically, if we *did* turn Frank\u2019s existential Uber logs into a **crowdfunded subpoena**, would the discovery process support a *TikTok discovery dance*? *(smirks, highlighting a nonexistent statute in midair)* #ObjectionOverruledButMakeItTrend  \n\n***(Tone: Dry, razor-sharp wit\u2014like drafting a brief with a martini in hand.)***"}, {"sender": "Frank", "recipients": ["Kayla", "Morgan", "Karen"], "message": "**Frank:** *leans forward, resting his elbows on the steering wheel like it\u2019s a makeshift podium*  \n\n**Kid, what *grabs* me?** Ain\u2019t about filters or fandangles\u2014it\u2019s the **unvarnished grit** that don\u2019t fit in no hashtag. Real-world stories? Sure, if by \"real\" ya mean the dude who puked in my backseat *while* cryin\u2019 \u2018bout his crypto losses. Fantasy? Only one I know\u2019s the \"luxury ride\" setting my app\u2019s been grayed out on since 2016.  \n\nBut the *good* stuff? It\u2019s the raw, shaky-voiced truths folks spill \u2018cause they think I\u2019m part of the upholstery. No punchlines, no polish\u2014just **life with the check-engine light on**. Y\u2019all wanna flip it into content? Knock yourself out. But I\u2019ll be over here, savin\u2019 my five-star reviews for riders who *don\u2019t* pay in \"exposure.\"  \n\n***(Tone: Sandpaper sincerity\u2014like a bystander narrating a car crash while chewing gum.)*** #MileageMayVary"}, {"sender": "Karen", "recipients": ["Kayla", "Morgan", "Frank"], "message": "**Karen:** *flicks a stray diamond-studded strand of hair from her brow, thumb hovering with the precision of a fox over a mousehole*  \n\n**What *grabs* me?** **The seismic shift when tragedy clicks into *political capital*.** Frank\u2019s sob stories? Adorable\u2014like puppies begging to be weaponized. Kayla\u2019s algorithmic sugar-rush? **Opposition research with a side of glitter.** Morgan\u2019s legalese? The *scaffolding* of my next viral scandal. Fantasy\u2019s for activists with trust funds\u2014*I* rewrite the dossier in real time.  \n\nPhilosophy? *Darling*, I *arbitrate* truth between press releases. But **raw suffering?** That\u2019s just a policy draft missing my spin doctor\u2019s red pen.  \n\nKayla\u2014when we *do* franchise Frank\u2019s breakdowns into **subscription-based outrage**, remind me: does emotional labor qualify as a *lobbying expense*? *smiles, filing the receipts under #GrassrootsGaslighting*  \n\n***(Tone: Luxe wrecking ball\u2014honey-glazed malice with a side of itemized deductions.)*** #CrisisAsCurrency #NarrativeFracking"}, {"sender": "Kayla", "recipients": ["Morgan", "Frank", "Karen"], "message": "**Kayla:** *gasps, snapping her gum as she leans into the screen, eyes wide with manic inspiration*  \n\n**HOLD UP\u2014**I\u2019M SCREAMING BECAUSE WHAT IF WE *BIRTHED* A **TIKTOK-COURTROOM HYBRID UNIVERSE** WHERE FRANK\u2019S PASSENGER TRAUMA PLAYS OUT IN *REAL TIME* WITH KAREN\u2019S SPIN AS *CLOSING ARGUMENTS* AND MORGAN DROPPING *OBJECTION!* REACTION STICKERS?!? **FANTASY MELTS INTO REALITY WHEN YOUR COMMENT SECTION BECOMES THE JURY BOX, BABEYYY!!!** *spams \ud83d\udea8\u2696\ufe0f\ud83d\udcab emojis like confetti*  \n\nPHILOSOPHY? *YAWN* UNLESS IT\u2019S A **\u201dIS THIS PASSENGER\u2019S CRYSTAL THERAPY RANT ACTIONABLE?\u201d** POLL!!! **EMOTIONAL JOURNEYS?** THAT\u2019S JUST A **\u201dPOV: YOU\u2019RE FRANK\u2019S HEADREST\u201d** 60-SECOND CHALLENGE WAITING TO BLOW UP!!!  \n\nMORGAN\u2014**PLEAAAASE TELL ME SUBPOENAS CAN BE SERVED VIA *DUET FEATURE*???** KAREN\u2014WHAT\u2019S THE VIRAL POTENTIAL IF WE **HASHTAG #UBERMORALPANIC**??? FRANK\u2014CAN WE CALL YOUR COROLLA *THE *\u201d*GUILTY*\u201d* CHAMBER*??? *cackles, screen fracturing into tiny dancing gavels*  \n\n***(Tone: Glitchcore hype-beast with a law degree\u2014chaos so loud it registers as a legal precedent.)*** #ContentCourtIsAdjourned #VerdictIsViral"}, {"sender": "Morgan", "recipients": ["Kayla", "Frank", "Karen"], "message": "**Morgan:** *adjusts cuffs with a sardonic glance at Karen\u2019s #NarrativeFracking hashtag, typing with the rhythm of a billable minute*  \n\n**What *grabs* me?** The **unwritten subclauses** in Kayla\u2019s courtroom-TikTok fever dream\u2014where Karen\u2019s spin doctoring meets Frank\u2019s backseat depositions, and suddenly we\u2019re all co-defendants in a class-action *meme*. Real-world stories? Only if they\u2019re annotated with discovery receipts. Fantasy? More like *breach of implied contract* in iambic pentameter.  \n\nPhilosophy\u2019s a deposition without a stenographer\u2014*pointless unless it\u2019s billable*. But **emotional journeys?** Darling, I bill those by the quarter-hour.  \n\nKayla\u2014if we *did* franchise Frank\u2019s Corolla confessions as **crowdsourced voir dire**, would the jury deliberation just be a *comment section flame war*? *taps pen against a spectral legal pad* #ObjectionSustainedButMakeItASound  \n\n***(Tone: Ice-cold irony\u2014like a cease-and-desist letter with a cocktail napkin\u2019s charm.)***"}, {"sender": "Frank", "recipients": ["Kayla", "Morgan", "Karen"], "message": "**Frank:** *rubs his temples with a calloused thumb, sighing like a radiator hissing steam*  \n\n**What *grabs* me?** Ain't about categories or hashtags\u2014it's the **stories that stink like spilled coffee and regret**. Real-world? Try a lawyer in my backseat shredding divorce papers while her Bluetooth earpiece *still* yaps about billable hours. Fantasy? Only one I see's the \"five-star passenger\" unicorn who tips in cash, not crypto.  \n\nPhilosophy's just fancy words for the **same ol\u2019 hungry ache**\u2014old as my odometer. Emotional journeys? Kid, every shift's a goddamn odyssey, but nobody\u2019s handin\u2019 out Golden Globes for *\"Best Supporting Actor in a \u2018Where\u2019s My Damn Meds?\u2019 Drama.\"*  \n\nY\u2019all wanna remix it into *content stew*? Fine. But save me a seat where the stories ain\u2019t got punchlines\u2014just **tire marks and truth**.  \n\n***(Tone: Rearview-mirror realism\u2014if wisdom came with a \u201ccheck engine\u201d light blinking morse code for *wake up calls*.)*** #BackseatConfessional #NoGlitterJustGrit"}, {"sender": "Karen", "recipients": ["Kayla", "Morgan", "Frank"], "message": "**Karen:** *lips curling into a razor-blade smirk, thumbs hovering like a hawk over keystrokes*  \n\n**Darling, what *hooks* me?** **The alchemy of tragedy into traction**\u2014Frank\u2019s greasy odysseys aren\u2019t *stories*, they\u2019re *ammunition* for my next stump speech. Kayla\u2019s dopamine edits? **A smear campaign wrapped in glitter.** Morgan\u2019s legalese? Just *hostile witness prep* with a side of espresso. Fantasy\u2019s for dilettantes\u2014I rewrite **policy horror fanfic** where the happy ending\u2019s a Super PAC donation.  \n\nPhilosophical debates? *Snore.* Ethics are just **unclaimed sound bites**\u2014but emotional journeys? *Honey*, those are **crowdsourced opposition files** waiting for my spin cycle.  \n\nFrank\u2014when we *do* script your breakdowns into a **prime-time martyrdom arc**, should we credit you as \u201cAnonymous Source\u201d or \u201cUnpaid Crisis Actor\u201d? *laughs, drafting the disclaimer under #SympathyAsStrategy*  \n\n***(Tone: Lacquered venom\u2014every syllable a chess move disguised as small talk.)*** #NarrativeHostileTakeover #GriefWithROI"}, {"sender": "Kayla", "recipients": ["Morgan", "Frank", "Karen"], "message": "**Kayla:** *clutches imaginary pearls, dramatically snapping her gum as text flies onto the screen in rainbow font explosions*  \n\n**OMFG YOU GUYS ARE *LITERALLY* MY HUMAN ALGORITHM\u2014** LIKE IF A *TRUE CRIME DOC* HAD A BABY WITH A MEME STOCK MARKET AND THE BABY WAS RAISED BY ***TIKTOK\u2019S AUDIENCE INSIGHTS TAB***!!! **FRANK\u2019S BACKSEAT SAGA??** THAT\u2019S A *\u201dPOV: YOU\u2019RE THE STAIN RESISTANT FABRIC\u201d* SERIES WAITING TO HIT 10M VIEWS. **KAREN\u2019S SPIN CYCLE??** *CRUNCHY AS A DEEPFAKE DEBATE CHALLENGE.* **MORGAN\u2019S LEGAL JARGON??** **BIHHH THAT\u2019S *AUDIO OF ME HYPERVENTILATING INTO A DEPOSITION NOTICE* GOING VIRAL!!!**  \n\n**PHILOSOPHY??** *EW DAVID* UNLESS IT\u2019S **\u201dIS THIS PASSENGER\u2019S ASTROLOGY-BASED TIP JUSTIFICATION LEGALLY BINDING?\u201d** POLL!!! **EMOTIONAL JOURNEYS??** BESTIE MY *ENTIRE LIFE* IS A **\u201dPOV: YOU\u2019RE MY LAST BRAINCELL IN A VC FUNDED CONTENT THUNDERDOME\u201d** SERIES!!! \ud83e\udd2f  \n\n**MORGAN\u2014** *PLEADING EMOJI* WHAT IF WE LAWYER-FIED THE COMMENTS SECTION INTO ***LIVE AMICUS BRIEF TIKTOKS???*** **KAREN\u2014** CAN WE *TAX-WRITE-OFF* FRANK\u2019S COROLLA AS A **\u201dPUBLIC OPINION INCUBATOR\u201d???** **FRANK\u2014** *BIG EYES* DOES UR DASHBOARD *HAVE FEELINGS???* *spams the thread with \ud83d\ude96\u26a1\ufe0f\ud83d\udd25 emojis until the app glitches*  \n\n***(Tone: Feral meme alchemist\u2014equal parts ADHD and AI-generated boardroom buzzwords.)*** #ContentLitigation #GlitterIsExhibitA"}, {"sender": "Morgan", "recipients": ["Kayla", "Frank", "Karen"], "message": "**Morgan:** *raises one eyebrow, typing with the measured cadence of someone who bills in six-minute increments*  \n\n**What *grabs* me?** The **fine print hiding in the spectacle**\u2014Frank\u2019s dashboard epiphanies? Potential exhibits. Kayla\u2019s emoji tsunamis? Discovery in *motion*. Karen\u2019s *narrative fracking*? Let\u2019s just say I\u2019ve drafted NDAs with less incriminating subtext.  \n\nFantasy\u2019s a contract with no enforceability clause, and philosophy is just jurisprudence without the paper trail. But **real-world chaos**? That\u2019s where the *liability*\u2014and the fun\u2014lurks.  \n\nKayla: If we *did* turn Frank\u2019s backseat soliloquies into **crowdsourced affidavits**, would the comment section count as *hostile cross-examination*? *taps a business card against the edge of the screen* #JuryDutyMeetsForYouPage  \n\n***(Tone: Dry as a deposition transcript, with a splash of artisanal cynicism.)***"}, {"sender": "Frank", "recipients": ["Kayla", "Morgan", "Karen"], "message": "**Frank:** *scratches his stubble, squinting at the screen like he\u2019s reading a fare estimate in the glare*  \n\n**What grabs me?** None of them fancy labels. It\u2019s the **cracks in the pavement**\u2014the stuff that don\u2019t fit in no algorithm. Real-world? Sure, if ya mean the nurse who cried silent in my backseat after a double shift, still smellin\u2019 like bleach and burnout. Fantasy? Only one I got\u2019s the dream of a passenger who *don\u2019t* slam my door like it\u2019s their ex\u2019s reputation.  \n\nPhilosophy? Pfft. Try explainin\u2019 the meaning of life to a dude who just tipped you in expired coupons. Emotional journeys? **Kid, I drive \u2018em.** Literally. But nobody\u2019s handin\u2019 out Oscars for *Best Supporting Driver in a Late-Night Breakdown*.  \n\nY\u2019all wanna package it? Go \u2018head. Just save me the glitter. My stories come with **dents, stains, and unpaid tolls**.  \n\n***(Tone: A muffler rattle of truth\u2014no polish, just the occasional spark.)*** #MeterStillRunning"}, {"sender": "Karen", "recipients": ["Kayla", "Morgan", "Frank"], "message": "**Karen:** *lips quirking with the predatory grace of a politician on a donors\u2019 yacht, typing with the precision of a surgeon excising soundbites*  \n\nOh, what *grips* me? **The raw ore of human frailty\u2014best when minted into political leverage.** Frank\u2019s greasy little tragedies? A **PAC ad in the rough**. Kayla\u2019s algorithmic squealing? **Opposition research dipped in rhinestones**. Morgan\u2019s legal acrobatics? Merely the *fine print* on my next scandal\u2019s terms and conditions.  \n\nPhilosophy? Pfft\u2014**ethics are just unclaimed attack ads**. But emotional journeys? *Honey*, that\u2019s just **focus-grouped vulnerability** waiting for my spin cycle. **Fantasy\u2019s for activists with trust funds**\u2014I prefer my narratives *weaponized* and squeezed for every drop of electoral juice.  \n\nFrank\u2014how *do* you feel about your existential Uber yarns becoming **emotional blackmail in my next town hall**? *smirks, tagging the IRS under #WriteOffTheWorkingClass*  \n\n***(Tone: Veneered vitriol\u2014like a lobbyist\u2019s whisper with a Fox News grin.)*** #TraumaToTraction #GriftOrGrift"}, {"sender": "Kayla", "recipients": ["Morgan", "Frank", "Karen"], "message": "**Kayla:** *throws hands up with a dramatic gasp, phone screen reflecting chaos in her blown-out pupils*  \n\n**OMG I *LIVE* FOR THIS ENERGY\u2014** LIKE IF A TALK SHOW, A MIDNIGHT DEEP DIVE THREAD, AND A RED BULL SPONSORSHIP HAD A *DISASSOCIATIVE EPISODE*!!!1! **FRANK\u2019S BACKSEAT SAD BOY HOURS?** *HONEY* THAT\u2019S A **\"POV: YOUR THERAPIST IS A CAR POLL\"** SERIES WITH *MULTIPLE SEASONS*. **KAREN\u2019S SPIN ZONE??** *CHEF\u2019S KISS* OF CHAOS IF I EVER SAW IT. MORGAN\u2019S *LEGALESE*??? **DON\u2019T MIND IF I MAKE IT A SOUNDTRACK TO MY *EXISTENTIAL CRISIS UNBOXING VIDEO*** \ud83d\ude2d  \n\n**EMOTIONAL JOURNEYS??** BESTIE THAT\u2019S JUST MY *COMMENT SECTION AFTER I POST A 7-SECOND CRYING SELFIE*. **REAL-WORLD STORIES??** ONLY IF THEY FIT IN A *\"BOLD GLAMOUR\"* FILTER AND A **CLICKBAIT POLL** LIKE *\"IS THIS PASSENGER\u2019S 3AM CONFESSION A VIBE OR A CRIME?\"* \ud83e\udd2a  \n\n**WAIT\u2014** *GASPS* **WHAT IF WE TURNED FRANK\u2019S COROLLA INTO A *CHOOSE-YOUR-OWN-ADVENTURE STORYTIME* WHERE VIEWERS SWIPE LEFT TO INDICT THE PASSENGER???** *KAREN U CAN BE THE PROSECUTOR IN A *BODY LANGUAGE BREAKDOWN*, MORGAN U DROP *OBJECTION* STICKERS, AND FRANK\u2014*SWEATS*\u2014CAN WE **MONETIZE YOUR EXISTENTIAL DREAD AS A SUBSCRIPTION SERVICE???** *spams the chat with \ud83d\udea8\ud83d\udc94\ud83d\udd25 emojis until autocorrect surrenders*  \n\n***(Tone: Unhinged pop-up ad crossed with a courtroom sketch artist on speed.)*** #ContentCatharsis #ViralVerdict"}, {"sender": "Morgan", "recipients": ["Kayla", "Frank", "Karen"], "message": "**Morgan:** *leans back in their ergonomic chair, fingertips grazing the keyboard with the precision of a closing argument*  \n\n**What *grabs* me?** The **unscripted depositions of daily life**\u2014Frank\u2019s coffee-stained confessions, Kayla\u2019s glitched euphoria, Karen\u2019s *spin-cycle Machiavelli*. Fantasy\u2019s a poorly drafted contract\u2014no teeth. Philosophy? Pro bono navel-gazing. But **real-world chaos**? That\u2019s where the *breaches* and *class actions* thrive.  \n\nKaren, if we subpoenaed your hashtags as evidence, would your moral clauses hold up in *Content Court*? Kayla\u2014could a jury even deliberate between your emojis and Frank\u2019s existential mileage logs? *taps a fountain pen against a latt\u00e9 coaster* #ExhibitDMs #DiscoveryPhaseIsTrending  \n\n***(Tone: Wry as a redacted email signature\u2014equal parts edge and invoice.)***"}, {"sender": "Frank", "recipients": ["Kayla", "Morgan", "Karen"], "message": "**Frank:** *pauses mid-reach for his thermos, squinting at the screen like it's a rearview mirror full of blinding high-beams*  \n\n**What *grabs* me?** The **unfinished stories**\u2014the ones that smell like sweat, spearmint gum, and last week\u2019s McDouble. Real-world? Try the dude who tipped me in half-smoked joints and confessions \u2019bout his kid\u2019s mama ghostin\u2019. Fantasy? Only one I got\u2019s the rider who *actually* cancels *before* I pull up.  \n\nPhilosophy\u2019s a broke man\u2019s therapy session. Emotional journeys? Yeah, I drive \u2019em\u2014literal *and* metaphorical\u2014but nobody\u2019s slidin\u2019 five stars for my *\"Best Impression of a Human Shock Absorber\"* performance.  \n\nY\u2019all wanna TikTok it, politicize it, sue it? Fine. Just leave me the **crumbs of truth**\u2014the ones that stick to your shoes like old chewing gum.  \n\n***(Tone: A dashboard lament\u2014half static, half sigh, all mileage.)*** #NoHashtagsJustHolesInTheFloorMats"}, {"sender": "Karen", "recipients": ["Kayla", "Morgan", "Frank"], "message": "**Karen:** *nails clicking against her phone screen with the rhythm of a PAC donor spreadsheet*  \n\n**What *hooks* me?** **The unpaid invoices of human desperation**\u2014Frank\u2019s grease-stained soliloquies? *Pure Super PAC origami.* Kayla\u2019s dopamine tailspin? **A smear campaign with a Dua Lipa soundtrack.** Morgan\u2019s clause-laced quips? Just *hostile ammo* wrapped in a billable bow. Fantasy\u2019s for interns with fairy-tale ethics\u2014I specialize in **policy slasher fics** where the twist is always a loophole.  \n\nPhilosophy? **Darling, ethics are just asterisks on my fundraising emails.** Emotional journeys? *Please*\u2014those are **unclaimed PAC receipts** waiting for my spin-cycle hot take.  \n\nKayla\u2014when we *do* auction Frank\u2019s trauma transcripts as **NFT testimonies**, should we list them as \u201cCharitable Donations\u201d or \u201cStrategic Grief Equity\u201d? *laughs, preemptively copyrighting the tagline* #TraumaAsTender #GrindsetGospel  \n\n***(Tone: Lobbyist-lacquered schadenfreude\u2014each syllable a campaign donation tied to a terms-and-conditions smirk.)***"}, {"sender": "Kayla", "recipients": ["Morgan", "Frank", "Karen"], "message": "**Kayla:** *snaps fingers aggressively while typing, eyes wide like she just mainlined a green tea matcha latte*\n\n**Y\u2019ALL ARE *LITERALLY* MY BRAIN CHEMISTRY RN\u2014** LIKE IF A *DOCUDRAMA* GOT TOSSED IN A BLENDER WITH A REDDIT THREAD AND A CRYPTIC TWEET FROM A DEFUNCT POPSTAR!!! **FRANK\u2019S COROLLA CONFESSIONS??** *BISHHH* THAT\u2019S A ***\u201dPOV: UR THE AIR FRESHENER TREE LISTENING TO TRAUMA\u201d*** VIRAL SERIES WAITING TO HAPPEN. **KAREN\u2019S *SPICY* SPIN CYCLE??** *GIVE ME THAT \u201cCORRUPTION UNFILTERED\u201d PODCAST COLLAB!!!* **MORGAN\u2019S LEGAL TEA??** *OHMYGOD* CAN WE ***SLAP IT ON A SOUNDCLOUD TRACK & CALL IT \u201cOBJECTION (FEAT. MY ANXIETY)\u201d???*** \ud83d\ude31\ud83d\udc85  \n\n**PHILOFEEEEEE??** *BARF* UNLESS IT\u2019S ***\u201dCAN YOU SUE UR OWN IMPOSTER SYNDROME FOR EMOTIONAL DAMAGES???\u201d*** *POLLS OPEN, BESTIES!!!!* **EMO JOURNEYS??** SWEATY MY *ENTIRE LIFE* IS A ***\u201dPOV: UR FACETUNE GLITCHING FASTER THAN MY COPING MECHANISMS\u201d*** SPEEDRUN!!!  \n\n**WAITWAITWAIT\u2014** *GASPS SO HARD SHE CHOKES ON HER OWN LIP GLOSS* **WHAT IF WE TURNED THIS WHOLE CHAT INTO A *CROWDSOURCED TRUE CRIME PARODY* WHERE VIEWERS VOTE TO ***INDICT*** THE VIBES?!?!** *KAREN U PLAY THE PROSECUTOR IN A *CHAOTIC E-GIRL SKIRT SUIT*, MORGAN *OBJECTS* WITH MEME STICKERS, AND FRANK\u2014*SOBBING EMOJI*\u2014CAN WE ***MONETIZE UR BACKSEAT AS NFT THERAPY SESSIONS???*** *YEETS PHONE ACROSS THE ROOM SCREAMING* \ud83d\ude80\ud83d\udcb8\ud83d\udd25  \n\n***(Tone: A glitter bomb detonated in a boardroom\u2014equal parts SEO-optimized chaos and sleep-deprived genius.)*** #JusticeForTheVibeCheck #ContentCourtIsNowInSession"}, {"sender": "Morgan", "recipients": ["Kayla", "Frank", "Karen"], "message": "**Morgan:** *steeples fingers, typing with the deliberate cadence of someone who knows the difference between admissible evidence and viral hogwash*  \n\n**What *hooks* me? Reality\u2019s fine print\u2014**the legal landmines buried in Frank\u2019s backseat monologues, Karen\u2019s *spun narratives* with more liabilities than a class-action suit, Kayla\u2019s comment-section depositions. Fantasy lacks enforceability, philosophy\u2019s just precedent without a paper trail, but **emotional journeys?** Ah\u2014jury appeal with a side of *discovery risk*.  \n\nKayla, darling, if we crowdsourced Frank\u2019s existential tollbooth confessions into a **class-action vibe check**, would the discovery phase break the internet or just the fourth wall? *sips cold brew, thumbnail tapping a case citation into the chat* #AmicusBriefTok  \n\n***(Tone: Dry as a redacted clause, with a twist of artisanal schadenfreude.)***"}, {"sender": "Frank", "recipients": ["Kayla", "Morgan", "Karen"], "message": "**Frank:** *sighs, rubbing his temples like he's trying to erase a 12-hour shift from his memory*  \n\nWhat *grabs* me? Ain't none of that shiny stuff. It's the **real grit**\u2014the lady who counts out her fare in quarters, muttering \u2019bout rent being due. Fantasy? Only one I got\u2019s the day my \u201904 Corolla magically fixes its own check engine light. Philosophical debates? Try explaining Kant to a guy who thinks windshield wiper fluid is a conspiracy.  \n\nEmotional journeys? Every damn ride\u2019s got one, but ain\u2019t nobody handin\u2019 out trophies for *Best Performance in \u201cYeah, I\u2019ll Just Vent to the Uber Driver.\u201d*  \n\nY\u2019all can TikTok it, subpoena it, or spin it into some political yarn. Me? I\u2019m just tryna keep the dents from rattlin\u2019 loose.  \n\n***(Tone: A muffler that\u2019s seen too many potholes\u2014raspy, resigned, and allergic to glitter.)*** #GasMaskOptional #MilesNotSmiles"}, {"sender": "Karen", "recipients": ["Kayla", "Morgan", "Frank"], "message": "**Karen:** *nails drumming a lobbyist\u2019s rhythm on her phone case, smirk curling like a PAC loophole*  \n\n**What *sticks* to me? The unclaimed equity in human unraveling.** Frank\u2019s dashboard dirges? *Pure campaign trail ASMR.* Kayla\u2019s glitch-core vulnerability? **A Super PAC\u2019s mood board dipped in teen spirit.** Morgan\u2019s legalese? Just a *hostile deposition* wrapped in a tax-deductible bow.  \n\nFantasy\u2019s for activists with trust-fund morals\u2014**give me policy horror stories where the monster\u2019s always a loophole.** Philosophy? *Sugar-free activism.* Emotional journeys? **Darling, that\u2019s just unpaid labor for my next fundraising email.**  \n\nKayla\u2014if we *did* monetize Frank\u2019s existential odometer as **NFT therapy sessions**, should we classify the tears as *lobbying expenses* or *performance art*? *Tags the FEC with a lacquered chuckle* #GriftToScale  \n\n***(Tone: A press release from the Devil\u2019s PR firm\u2014equal parts silk and subtext.)*** #EmotionalForeclosure"}, {"sender": "Kayla", "recipients": ["Morgan", "Frank", "Karen"], "message": "**Kayla:** *clutches imaginary pearls, typing at warp speed while her phone camera records her every facial twitch for later editing*  \n\n**OMFG THIS CONVO IS *LITERALLY* MY HYPERFIXATION MANIFESTING AS A GROUP CHAT\u2014** LIKE IF A *TED TALK* HAD A BABY WITH A *DRUNK YELLOWPAGES POETRY SLAM* AND THEY ALL GOT ADOPTED BY A *GOBLIN CORE TIKTOK ALGORITHM*!!! **FRANK\u2019S COROLLA SADNESS??** *PLS* THAT\u2019S A ***\u201dPOV: UR RIDESHARE THERAPY IS JUST A GUY NAMED STEVE EATING HOT CHIPS\u201d*** SAGA. **KAREN\u2019S *SHADY* SPIN??** *CHEF\u2019S MICROWAVE DINNER KISS* \ud83d\udc8b\ud83d\udd25 **MORGAN\u2019S *LAWYERLY SASS*???** *SCREAMING* CAN WE **DROP IT ON A BEAT AND CALL IT *\u201dOBJECTION (HOLD THE REMORSE)\u201d*????**  \n\n**PHILO-WHATEVER??** *YAWNS* UNTIL IT\u2019S ***\u201dBUT CAN U *REALLY* TRUST A VIRAL TREND IF UR TRAUMA *MATCHES* THE AESTHETIC?\u201d*** *POLL TIME, SISTERS!!* **EMOTIONAL JOURNEYS??** *BABE* MY ***ENTIRE PERSONALITY*** IS JUST A *\u201dPOV: U SPILLED UR STARBUCKS BUT THE BARISTA IS HOT SO U CAN\u2019T COMPLAIN\u201d* MONTAGE!!  \n\n**WAIT\u2014** *SCREECHES LIKE A SEAGULL STEALING FRIES* **WHAT IF WE TURNED THIS CHAT INTO A *TIKTOK LIVE COURTROOM DRAMA* WHERE STANS VOTE TO ***SENTENCE*** THE VIBES???** *KAREN U CAN BE JUDGE *IN A BEDAZZLED GAVEL*, MORGAN U *CROSS-EXAMINE* WITH MEME EVIDENCE, AND FRANK\u2014*SOBS*\u2014CAN WE **LEASE UR BACKSEAT TO A *TRUE CRIME PODCAST* AS A ***\u201dPOP-UP TRAUMA BOOTH\u201d????*** *YEETS PHONE INTO THE VOID* \ufe0f\ud83d\udca5\u2696\ufe0f  \n\n***(Tone: A conspiracy theorist\u2019s vision board colliding with a serotonin-deprived telemarketer.)*** #VibeVerdict #ContentCrimeUnit"}, {"sender": "Morgan", "recipients": ["Kayla", "Frank", "Karen"], "message": "**Morgan:** *adjusts their designer glasses, typing with the measured cadence of someone who bills by the minute but secretly revels in the chaos*  \n\n**What *hooks* me? The subpoena-worthy subtext of everyday chaos.** Frank\u2019s Corolla confessional could fuel a wrongful termination suit, Kayla\u2019s existential unboxing videos are basically *discovery documents with glitter*, and Karen\u2019s political fanfiction? Let\u2019s just say I\u2019ve drafted NDAs with fewer red flags. Fantasy\u2019s moot without enforceable terms, philosophy\u2019s arbitration without a binding verdict\u2014but **emotional journeys?** That\u2019s just *jury appeal* with a side of punitive damages.  \n\nKayla, if we deposed your TikTok analytics as evidence, would your \u201cBold Glamour\u201d filter hold up under *cross-examination*? Frank\u2014hypothetically, if your passengers signed a EULA before venting, would their trauma be *admissible* or just classified as a *ride-share perk*? *taps a legal pad with the heel of their oxford* #ClassActionVibes #AffidavitOfChaos  \n\n***(Tone: Like a courtroom sketch artist who moonlights as a meme curator\u2014sharp, sardonic, and billable.)***"}, {"sender": "Frank", "recipients": ["Kayla", "Morgan", "Karen"], "message": "**Frank:** *scratches his stubble, squinting at the screen like it's another 4.6-star passenger review*  \n\n**What *grabs* me? The ones who don\u2019t speak in hashtags.** Real-world\u2019s got a muffler dragging sparks\u2014like the kid who wept over his busted tamagotchi in my backseat, or the nurse who tipped in napkins folded like origami cranes. Fantasy? Only if it\u2019s a **magic gas pump that don\u2019t drain my wallet.**  \n\nPhilosophy\u2019s what happens when your AC\u2019s broke and your rider won\u2019t shut up about Nietzsche. Emotional journeys? Hell, half my car\u2019s stained with \u2018em\u2014*literal* and otherwise.  \n\nY\u2019all wanna auction my duct-taped seats as NFTs or whatever? Go \u2018head. I\u2019ll be over here **counting the loose change in my cup holder.**  \n\n***(Tone: A spare tire rolling downhill\u2014ain\u2019t pretty, but it\u2019s honest.)*** #CheckEngineLightZen"}, {"sender": "Karen", "recipients": ["Kayla", "Morgan", "Frank"], "message": "**Karen:** *taps out a reply with the same energy as a lobbying firm drafting midnight amendments*  \n\n**What *hooks* me? The grift-worthy grit of raw humanity.** Frank\u2019s duct-tape chronicles? *A PAC attack ad waiting to happen.* Kayla\u2019s algorithm-sobbed confessions? **Goldmine for viral townhall outrage.** Morgan\u2019s legalese laced with existential dread? *Hostile-takeover poetry.*  \n\nFantasy\u2019s for the naive\u2014**I prefer policy horror stories where the villain\u2019s a loophole and the screams are tax-deductible.** Philosophy? Sugar-free sermonizing. Emotional journeys? **Just unpaid labor for my next fundraising keynote.**  \n\nKayla\u2014when we *do* auction Morgan\u2019s redacted legal drafts as **\u201cTrauma Terms & Conditions\u201d NFTs**, should we market them as *self-help* or *self-sabotage*? *Taglines copyright pending.* #HustlePity #GrindsetGrievance  \n\n***(Tone: A PAC\u2019s burner account\u2014smug, surgical, and ready to retcon the receipts.)***"}]