[{"sender": "Kayla", "recipients": ["Morgan", "Karen", "Leo"], "message": "*tagging everyone*  \n\nHeyyyy guys! \ud83e\udd70 Sooo I know my job is kinda different from y\u2019all\u2019s\u2014like, no offense, corporate law sounds *so* stressful, Morgan??\u2014but even TikTok can be a lot sometimes! \ud83d\ude05  \n\nFor me, I *try* to keep work and life separate\u2026 but like, it\u2019s hard when my whole brand is just *being me* 24/7, ya know? I take little mental health breaks where I just turn off comments for a day or post silly, low-effort stuff. But honestly? My DMs are *always* open for my followers, sooo boundaries? What even are those? \ud83d\ude02  \n\nWhat about you guys? Do you like, *schedule* your chill time, or just roll with it? \ud83d\udc40 #WorkLifeBalanceStruggles"}, {"sender": "Morgan", "recipients": ["Kayla", "Karen", "Leo"], "message": "**Morgan:** *chuckles* Oh, Kayla, corporate law *is* stressful\u2014no argument there. But honestly, my approach is the opposite of yours: boundaries are non-negotiable for me. I practically *ritualize* my off-hours\u2014no work emails after 7 PM, weekends are for my pottery studio (yes, I throw clay to decompress), and I\u2019ve been known to mute my boss\u2019s texts. \ud83d\ude24 That said, I get why your life blends into your brand\u2014your job *is* personal. Mine? The second I leave the office, I\u2019m shedding that suit like it\u2019s on fire.  \n\nKaren, Leo\u2014how do you two navigate this? Karen, I imagine politics is its own beast, and Leo, activism seems like it could be all-consuming. Strict lines, or does the cause bleed into everything?"}, {"sender": "Karen", "recipients": ["Kayla", "Morgan", "Leo"], "message": "**Karen:** *sips tea* Oh, darling, in my line of work? Boundaries are practically a revolutionary act. \ud83d\ude0f You think corporate law is ruthless, Morgan? Try getting filleted alive on Twitter before breakfast just for *existing*. But\u2014*adjusts blazer*\u2014I\u2019ve learned the hard way: if you don\u2019t carve out *some* sanctuary, the 24/7 news cycle will eat you whole. So yes, I *do* schedule my \u201cunplugged\u201d time\u2014strictly no interviews after 9 PM, and Sundays are for wine, my cats, and *absolutely* not reading the comments.  \n\nThat said\u2026 *leans in* activism and politics aren\u2019t *just* jobs, are they, Leo? They\u2019re identities. So sometimes? The lines *have* to blur. But honey, even revolutions need coffee breaks. Kayla, maybe you and I could learn a thing or two from Morgan\u2019s pottery\u2014though I\u2019d probably throw *vases* at my opponents. \ud83d\udc85\u2728  \n\n#GladiatorInHeels #ButAlsoNapQueen"}, {"sender": "Leo", "recipients": ["Kayla", "Morgan", "Karen"], "message": "**Leo:** *laughs* Man, y\u2019all got some *solid* strategies\u2014Morgan\u2019s pottery, Karen\u2019s wine-and-cats combo\u2026 and Kayla, I feel you on the \u2018brand is you\u2019 struggle. But yeah, activism? Total identity bleed. \ud83c\udf31 Like, how do you \u201cclock out\u201d when the planet\u2019s on fire? I *try* to set limits\u2014no more than three protests a week, mandatory hikes to touch grass, and my DMs are *not* for debate bros after midnight. But honestly? Sometimes the cause *is* the chill time. My favorite downtime is literally guerrilla gardening at 2 AM\u2014it\u2019s work, but it *feels* like rebellion and therapy rolled into one.  \n\nThat said\u2026 Kayla, maybe we *all* need to steal Morgan\u2019s \u2018mute the boss\u2019 energy. \ud83d\ude02 #RadicalRest #FightTheManButNapFirst"}, {"sender": "Kayla", "recipients": ["Morgan", "Karen", "Leo"], "message": "**Kayla:** OMG Leo, guerrilla gardening at 2 AM?? That's *iconic* and low-key makes me wanna tag along with my camera\u2014viral content meets saving the planet? \ud83c\udf3f\ud83d\udcf8 And Karen, *vases* at your opponents? PLEASE tell me you\u2019ve got a TikTok for that\u2014#PoliticianGoneWild \ud83d\ude02\ud83d\udc80  \n\nBut yeahhh, I *love* how we\u2019re all just out here raw-dogging life in our own ways! \ud83e\udd74\u2728 For me? I *wish* I could be all ~boundaries~ like Morgan, but like\u2026 my followers literally *made* me? So sometimes blasting sad breakup songs at 3 AM *is* content, and that\u2019s just the gig, ya know? But! I *did* start \u201cno-phone Sundays\u201d last month (even though I low-key cheat and sneak peeks at trends \ud83d\udc40). Progress, right??  \n\nOkay but real talk\u2014Morgan, how do you *not* feel guilty muting your boss?? Teach me your ways, my anxiety could *never*. \ud83d\ude48 #FakeItTillYouMakeIt #BoundariesAreAParityFilter"}, {"sender": "Morgan", "recipients": ["Kayla", "Karen", "Leo"], "message": "**Morgan:** *smirks* Kayla, guilt? Oh, honey\u2014I *earned* that mute button. Corporate law teaches you real quick: if you don\u2019t armor up, the billable hours will hollow you out like a pumpkin. \ud83c\udf83 My secret? Therapy, a *very* forgiving kiln (clay doesn\u2019t sue when you hurl it), and the sheer audacity to bill *myself* first. \ud83d\ude09  \n\nBut honestly? I admire how you *own* the blend\u2014your gig\u2019s built on authenticity, and that\u2019s priceless. Me? I *need* the hard line, or I\u2019d be drafting contracts in my sleep. Karen\u2019s got the right idea with the cats-and-wine veto power, though\u2014maybe I\u2019ll add \u201cdefenestrate a spreadsheet\u201d to my stress ritual.  \n\nLeo, you\u2019re onto something with the radical rest, though. Maybe we all need a 2 AM rebellion\u2014yours just happens to involve compost. \ud83c\udf3f #PayYourselfFirst #ClayTherapy"}, {"sender": "Karen", "recipients": ["Kayla", "Morgan", "Leo"], "message": "**Karen:** *laugh-sighs* Oh, darling, the *audacity* of muting your boss, Morgan\u2014I live for it. \ud83d\ude0f But Kayla, sweetheart, let me tell you, guilt is just capitalism\u2019s way of keeping us obedient. In politics? *gestures vaguely at the world* We\u2019re basically professional lightning rods, so if I didn\u2019t shut off the noise, I\u2019d be a melted puddle of highlight contour by now. My mantra? \u201cThe emails can wait, but my sanity cannot.\u201d  \n\nAnd Leo, guerrilla gardening at 2 AM? Revolutionary. *My* version is passive-aggressively liking my opponent\u2019s old tweets from 2012. Vintage sabotage. \ud83c\udf77\u2728  \n\nBut here\u2019s the tea: strict boundaries are survival in this game. You think I\u2019d survive a town hall on two hours of sleep? Absolutely not. Sunday is *sacred*\u2014no policy debates, just me, a chardonnay, and my cats judging me harder than C-SPAN.  \n\nThat said\u2026 *leans in* Kayla, maybe your \u201cno-phone Sundays\u201d could start with *one* hour? Baby steps, love. Even gladiators need their beauty sleep. \ud83d\udc85 #NapForTheResistance #WineOverWhining"}, {"sender": "Leo", "recipients": ["Kayla", "Morgan", "Karen"], "message": "**Leo:** *laughs* Damn, y\u2019all are dropping truth bombs like it\u2019s free compost! \ud83c\udf31\ud83d\udd25 Kayla, *one* hour no-phone Sundays? That\u2019s sweet, but nah\u2014baby steps are fine, but the system wants us glued to screens 24/7. Break *bigger*, babe. \ud83d\ude09  \n\nFor me? Activism *is* life, but burnout\u2019s a capitalist trap. So I rage-guard my peace like it\u2019s the last tree in a parking lot. \ud83c\udf33\u2728 No protests on Wednesdays (that\u2019s \u201ccook disgusting vegan chili and cry over bad documentaries\u201d night), and I straight-up block eco-trolls\u2014zero guilt.  \n\nKaren\u2019s right\u2014guilt\u2019s a scam. Morgan, your audacity *inspires* me. Maybe I\u2019ll mute *the planet* every Sunday. Imagine: no doomscrolling, just me, stolen city dirt, and a shovel. #SorryNotSorry #RootedInRage"}, {"sender": "Kayla", "recipients": ["Morgan", "Karen", "Leo"], "message": "**Kayla:** LMAOOO Leo, *\"rage-guard your peace like it\u2019s the last tree in a parking lot\"*? I\u2019m stealing that for my bio \ud83d\ude2d\ud83d\ude4c And Karen?? Vintage sabotage??? We *need* a collab\u2014enemies-to-lovers arc but it\u2019s just us roasting politicians on TikTok while sipping wine. \ud83c\udf77\ud83d\ude02  \n\nOkay but fr, y\u2019all are making me *feel things*\u2014like, *maybe* I *should* yeet my phone into the void sometimes?? But Morgan, HOW do you *bill yourself first*??? That\u2019s the ultimate glow-up. Teach me your spreadsheet witchcraft!  \n\nAnd tbh\u2026 I\u2019m low-key jealous of your \u2728structure\u2728. Like, my brain\u2019s a chaotic dopamine roulette wheel. Some days I\u2019m \u201chot girl productivity,\u201d other days it\u2019s just me crying into a bowl of cereal at noon because I got ratio\u2019d. \ud83d\udc80 But hey, at least I *own* the mess?? Messy is my *brand* bbyyy.  \n\n\u2026*sigh* Okay FINE, Karen. *One* hour no-phone Sundays. But if I relapse and scroll, I blame capitalism. #FlawedButFree #SendSnacks"}, {"sender": "Morgan", "recipients": ["Kayla", "Karen", "Leo"], "message": "**Morgan:** *laughing* Kayla, billing yourself first isn\u2019t witchcraft\u2014it\u2019s just survival! Think of it like emotional direct deposit: *you* get paid in sanity before anyone else gets a piece of you. My trick? Calendar-blocking like a *tyrant*. Therapy Tuesdays, Clay Thursdays, and absolutely *no* Saturday emails\u2014even if the office is on fire (metaphorically, or, well\u2026 literally, in Leo\u2019s case \ud83d\udd25\ud83c\udf3f).  \n\nAnd honestly? There\u2019s power in *your* mess, too. My structured chaos just looks like color-coded Post-its and a kiln I talk to like it\u2019s a therapist. But the second a case bleeds into my personal time? *Bonk*\u2014boundary enforced. Karen\u2019s right: guilt *is* a scam.  \n\n\u2026That said, *one* win this week: my boss texted at 10 PM asking for \u201curgent edits.\u201d Spoiler: they\u2019re still on read. \ud83d\udc85 #NoApologies #ClayIsMyCoCounsel"}, {"sender": "Karen", "recipients": ["Kayla", "Morgan", "Leo"], "message": "**Karen:** *adjusts imaginary blazer* Oh, honey, let me tell you\u2014politics doesn\u2019t just *blur* lines, it *obliterates* them. \ud83d\udcc9\ud83d\udd25 But stress management? Darling, my cats are my PR team and my wine cellar is my HR department. Do I believe in boundaries? Absolutely. Do my opponents respect them? *Snorts* Please. So I enforce mine like a bouncer at a club\u2014Sunday Funday is *law*, and if the press wants a quote after 9 PM, they can talk to my voicemail (and my voicemail is *sassy*).  \n\nBut Leo, guerrilla gardening at midnight? Iconic. Kayla, your \u201cno-phone Sundays\u201d (even with cheating)? Adorable. And Morgan, your boss still on read? *Chef\u2019s kiss.* Maybe we all need to start treating our sanity like a non-negotiable contract\u2014fine print: *\u201dViolators will be sued for emotional damages.\u201d* \ud83d\udc85 #NoRefunds #BoundariesAreBougie"}, {"sender": "Leo", "recipients": ["Kayla", "Morgan", "Karen"], "message": "**Leo:** *grinning* Y'all are speaking my language! \ud83c\udf3f\ud83d\udd25 Karen\u2019s right\u2014sanity *should* come with a lawsuit clause. My version? I call it \u201cradical unavailability.\u201d Like, yeah, the earth\u2019s still burning, but if I don\u2019t take Tuesday nights to scream into a pillow and then plant suspiciously native flowers in abandoned lots, I\u2019m *useless* to the movement.  \n\nAnd Kayla, don\u2019t even sweat the dopamine roulette\u2014my hustle\u2019s built on a diet of instant ramen and righteous anger, so \"hot girl productivity\" is a *mood*. \ud83d\ude02 But real talk? Boundaries aren\u2019t about perfection, they\u2019re about survival. Morgan\u2019s got the right idea: mute the chaos, hug a tree (or a kiln), and bill your *soul* first.  \n\n\u2026Also, who\u2019s down for a 2 AM gardening raid? Bring snacks. We\u2019ll call it \u201cself-care with shovels.\u201d #AntiCapitalistBedtime #DirtUnderMyNails"}, {"sender": "Kayla", "recipients": ["Morgan", "Karen", "Leo"], "message": "**Kayla:** \ud83c\udf38\u2728 LOL y\u2019all are actually *changing my life* rn\u2014Leo, I\u2019m *so* down for 2 AM shovel therapy, but can we livestream it? \ud83d\udc40\ud83c\udf3f Karen, your \"sanity lawsuit\" idea? *Genius.* And Morgan, color-coded Post-its?? That\u2019s the *real* glamour.  \n\nOkay but *my* stress relief? A messier vibe\u2014think: *crying* to Olivia Rodrigo while editing TikTok drafts at 3 AM, then pretending it\u2019s ~artistic suffering~. \ud83d\udc80 Boundaries? *Sir, this is a Wendy\u2019s.* My followers DM me like \u201cUR MY THERAPIST\u201d and I\u2019m just here in pajamas eating cold pizza. \ud83c\udf55  \n\nBUT! I *am* trying Karen\u2019s \u201cone hour no-phone\u201d thing\u2026 *hides screen time stats* Baby steps, right?? \ud83d\ude48 #HotGirlBurnout #SendChaosCoins"}, {"sender": "Morgan", "recipients": ["Kayla", "Karen", "Leo"], "message": "**Morgan:** *chuckles* Livestreaming guerrilla gardening at 2 AM, Kayla? Bold move\u2014just make sure your legal team drafts a waiver for \"accidental compost crimes.\" \ud83c\udf3f\ud83d\udcdc But truly, your cold-pizza-therapist era is *art*\u2014some of us bill by the hour, others by the viral sob story. \ud83c\udf55\ud83d\udcb8  \n\nLeo, \"radical unavailability\" is now my favorite phrase\u2014stealing that for my out-of-office replies. And Karen, your sassy voicemail? Iconic. Me? I\u2019ve got a \"three-wine-minimum\" rule before answering *anything* post-7 PM.  \n\nBut here\u2019s the thing: blending work and life *can* work\u2014if *you\u2019re* the one holding the mixer. My kiln time looks like leisure, but it\u2019s secretly strategic. Clay doesn\u2019t judge my spreadsheet rage, and *that\u2019s* the luxury.  \n\nSo whether it\u2019s muting bosses or midnight shovels? Honor your own chaos. Just maybe\u2026 don\u2019t let Leo near your office plants. \ud83d\udd25 #BoundariesAsFlexArt #BillableEmotions"}, {"sender": "Karen", "recipients": ["Kayla", "Morgan", "Leo"], "message": "**Karen:** *sips wine dramatically* Oh, darlings, let\u2019s be real\u2014work-life balance in politics is like trying to knit a sweater during a tornado. \ud83c\udf77\ud83c\udf2a\ufe0f I *live* for hard boundaries (*cough* Sundays are for cats and veto power *cough*), but sometimes? The chaos *is* the job. My secret? \u201cControlled combustion.\u201d Burn the midnight oil when you must, but always keep a metaphorical fire extinguisher (read: therapy and a *very* patient bartender).  \n\nAnd Kayla, sweetheart, cold pizza at 3 AM *is* a valid coping mechanism\u2014just ask my staff after a press scandal. \ud83d\ude02 But Morgan\u2019s onto something: boundaries aren\u2019t prison bars, they\u2019re *your* design. Mine just happen to be lined with wine stains and passive-aggressive sticky notes.  \n\nLeo, guerrilla gardening? Adorable. My version is \u201cguerrilla *napping*\u201d\u2014steal rest where you can, even if it\u2019s under the Senate desk. \ud83d\udca4\u2728 #NapGuerilla #SurvivalIsAnAesthetic"}, {"sender": "Leo", "recipients": ["Kayla", "Morgan", "Karen"], "message": "**Leo:** *laugh-coughs through a mouthful of questionable vegan jerky* Yo, guerrilla napping under a Senate desk, Karen?? That\u2019s *advanced* praxis. \ud83c\udf31\ud83d\udca4 But fr, y\u2019all\u2014my version of \u201cbalance\u201d is more like \u201ccontrolled chaos with compost.\u201d Protest fatigue? I treat it like a toxic ex: block, mulch, replant. \ud83c\udf3f\u270a  \n\nStrict boundaries? Nah, I call \u2019em *survival hacks*. No emails past sunset (solar-powered rebel, baby), and Sundays are for seed bombs, not Slack. But lemme be real\u2014this hustle\u2019s messy. Some weeks I\u2019m all \u201cfuck the system\u201d at a rally, other weeks I\u2019m face-down in my herb garden whispering *please grow, you anarchist little sprouts*.  \n\nMorgan\u2019s kiln therapy? Elite. Kayla\u2019s cold-pizza-therapist era? Mood. Moral of the story? Bail when you need to. Even revolutions need smoke breaks. \ud83d\udd25\ud83d\udeac #RadicalDowntime #DirtbagZen"}, {"sender": "Kayla", "recipients": ["Morgan", "Karen", "Leo"], "message": "**Kayla:** OMG you guys are seriously dropping *all* the wisdom\u2014Leo with the \u2728anarchist sprouts\u2728, Karen\u2019s Senate desk naps (iconic), and Morgan\u2019s kiln therapy??? *chefs kiss* \ud83d\ude2d\ud83d\udc4f My life is a literal TikTok montage of chaos\u2014one second I\u2019m \u201cmanifesting brand deals,\u201d the next I\u2019m spiraling over an algorithm glitch. \ud83d\ude05  \n\nHonestly?? I *wish* I could be all ~boundary queen~ like y\u2019all, but my hustle\u2019s basically a 24/7 dopamine circus. \ud83d\udcf1\ud83c\udfaa No-phone hour? *Attempted.* But then my manager DMs \u201cURGENT TREND ALERT\u201d and I yeet my plans like *oop\u2014capitalism called!*  \n\nThat said\u2026 I *do* have *one* sacred rule: **no work DMs after midnight** (unless it\u2019s a collab with a cute alt-boy, then *hi* \ud83d\ude0f). And my self-care? Editing videos with *emotional* lighting while eating gummy bears straight from the bag. \ud83d\udc3b\ud83d\udc94 Judge me, but it\u2019s *therapy*, okay??  \n\n\u2026Also, *hard agree* on suing for emotional damages. Can we start a class action?? #TraumaToTrend #SnacksAsSeverance"}, {"sender": "Morgan", "recipients": ["Kayla", "Karen", "Leo"], "message": "**Morgan:** *laughs* Kayla, gummy bears as therapy? Hard same\u2014my clay projects are basically rage-sculpting with a side of existential crisis. \ud83c\udffa\ud83d\udd25 Honestly, I\u2019m a *firm* believer in boundaries, but only \u2018cause I learned the hard way\u2014burnout feels like billing 80 hours while your soul tries to escape via the office fire exit. So now? My mantra\u2019s \u201cstructured rebellion.\u201d Work stays in its lane (until the retainer says otherwise), and my personal time is spent *aggressively* nurturing hobbies that don\u2019t involve depositions.  \n\nThat said, Karen\u2019s \u201ccontrolled combustion\u201d metaphor? *Chef\u2019s kiss.* Sometimes the blend is unavoidable\u2014like when Leo\u2019s midnight gardening doubles as activism. But the key is *who holds the reins*. My kiln time? Sacred. My inbox after 7 PM? A ghost town. And if corporate America wants to cry about it, they can Venmo me for the emotional labor. \ud83d\udc85  \n\n\u2026Also, Leo, if those anarchist sprouts need legal defense, *I\u2019m your guy*. Pro bono. \ud83c\udf31\u2696\ufe0f #BillableHoursCantTouchThis #ClayOverCorps"}, {"sender": "Karen", "recipients": ["Kayla", "Morgan", "Leo"], "message": "**Karen:** *clinks wine glass emoji* Oh, babes, let\u2019s be clear\u2014my boundaries are less \"strict\" and more \"fortified with passive-aggressive glitter.\" \ud83c\udf77\u2728 In politics? You either master compartmentalization or get devoured by the 24/7 news circus. My secret? Sundays are *sacred*\u2014no debates, no press leaks, just me, my cats, and a spreadsheet of my enemies\u2019 weak points (kidding\u2026 mostly).  \n\nMorgan\u2019s \u201cstructured rebellion\u201d? *Brilliant.* Leo\u2019s \u201cradical unavailability\u201d? *Iconic.* Me? I call it \u201cstrategic neglect.\u201d If my staff texts after 9 PM, they get *one* reply: a selfie of me mouthing \u201cread the room\u201d through a wine haze. \ud83c\udf77\ud83d\udcf8  \n\nBut let\u2019s be real\u2014some weeks, work-life balance is just *vibes*. Stress relief? Shouting show tunes into a karaoke machine while drafting policy briefs. Boundaries? Plotting them *around* the chaos. Because honey, in this economy? Sanity\u2019s a luxury\u2026 but my voicemail\u2019s still *petty*. \ud83d\udc85 #SurvivalModeSundays #GlitterGrenades"}, {"sender": "Leo", "recipients": ["Kayla", "Morgan", "Karen"], "message": "**Leo:** *laugh-sighing into a compost bucket* Y\u2019all, my whole *life* is a blend\u2014like, my \u201coffice\u201d is a folding table at the community garden and my \u201chappy hour\u201d is covertly planting milkweed in city parks. \ud83c\udf3c\ud83c\udf06 Strict boundaries? Pfft. My boss is *literally* the climate crisis\u2014she never clocks out. But here\u2019s my hack: **rage naps** and **sublimation gardening**. Stressed? Take a 20-minute faceplant, then go yeet some sunflower seeds at a parking lot. It\u2019s *both* therapy *and* praxis.  \n\nThat said\u2026 Karen\u2019s glitter-clad spite? *Respect.* Morgan\u2019s kiln-based structured rebellion? *Goals.* And Kayla\u2019s gummy bear jurisprudence? *Valid.* Maybe the real balance is just stealing joy where you can\u2014whether it\u2019s muting Slack or illegally beautifying concrete. \ud83d\udd25\ud83d\udea7  \n\n\u2026Also, *hard* confirmation that my anarchist sprouts accept pro bono defense. Meet us at the 2 AM soil swap\u2014Morgan, bring the legal pads; Karen, bring the wine. \ud83c\udf31\u26a1 #BlendedHustle #AntiWorkFloralism"}, {"sender": "Kayla", "recipients": ["Morgan", "Karen", "Leo"], "message": "**Kayla:** \ud83d\udc96\ud83c\udf3f OMG I LIVE for y\u2019all\u2019s chaotic wisdom!!! \ud83d\ude2d\u2728\u2728 Leo\u2019s *rage naps*?? Karen\u2019s *glitter-clad petty voicemails*?? Morgan\u2019s *clay-powered rebellion*?? *STOP* I\u2019m taking NOTES. \ud83d\udcdd\ud83d\udd25  \n\nOkay but my work-life \"balance\" is basically a vibe check\u2014like, some days I\u2019m *on* (brand deals! dopamine rush! 10/10 engagement!), and others? Absolute \u2728trash goblin\u2728 energy (3 AM crying over edits, stress-eating Takis in bed \ud83e\udd72). Boundaries? *Lol.* My followers DM me at all hours like \"UR MY THERAPIST\" and I\u2019m just\u2026 in a blanket burrito with *zero* credentials. \ud83d\ude43  \n\n**BUT** I *do* have one sacred rule: **no DM replies after midnight** (unless it\u2019s a *vibey* collab offer, then exceptions apply \ud83d\ude0f). And self-care? Editing vids in *mood lighting* with a *personal* soundtrack (Taylor\u2019s Version, obviously). \ud83d\udcf1\ud83c\udfb6  \n\nSo yeah\u2026 blend vs. boundaries? More like *survival mode with glitter*. \ud83d\udc85 Would I sue for emotional damages? *Abso-freaking-lutely.* #HotGirlBurnout #SnackBasedTherapy"}, {"sender": "Morgan", "recipients": ["Kayla", "Karen", "Leo"], "message": "**Morgan:** \ud83c\udf3f\u2696\ufe0f *sips artisanal tea while typing* Honestly, my stress relief is equal parts *structured* and *feral*. Think: color-coded legal pads by day, primal-screaming into clay by night. \ud83c\udffa\ud83d\udd25 I *do* believe in boundaries (my inbox post-7 PM is a digital graveyard), but I also think blending can work\u2014*if* you\u2019re the one holding the blender. Corporate law? Demands chaos. My kiln time? Looks like leisure, but it\u2019s actually *strategic soul-repair*.  \n\nThat said, Leo\u2019s anarchist gardening and Kayla\u2019s 3 AM Takis breakdowns speak to me on a spiritual level. Maybe balance isn\u2019t about separation\u2014it\u2019s about *sovereignty*. Or, you know, invoicing capitalism for your therapy sessions. \ud83d\udc85 #BillableBreaths #ClayTherapy  \n\n(P.S. Karen, your glitter-clad voicemails are my new life mantra. Patent that.)"}, {"sender": "Karen", "recipients": ["Kayla", "Morgan", "Leo"], "message": "**Karen:** *laughs into her third glass of wine* Oh, darlings, let\u2019s be honest\u2014my \u201cwork-life balance\u201d is less of a *balance* and more of a *tug-of-war with a crocodile*. \ud83c\udf77\ud83d\udc0a Politics doesn\u2019t knock; it *kicks down the door* at 2 AM with a crisis. My trick? **Strategic spite.** Every Sunday, I mute my phone, light a candle named \u201cVengeance,\u201d and aggressively cuddle my cats while drafting *hypothetical* resignation letters. Bliss. \ud83d\ude08  \n\nThat said, Morgan, your \u201cstructured rebellion\u201d speaks to my soul\u2014my calendar is *color-coded chaos*. And Leo? Guerrilla napping should be a *tax-deductible* activist tactic. Kayla, honey, if gummy bears are therapy, then my *entire staff* deserves a snack-based severance package.  \n\nFinal verdict? **Boundaries are a myth.** The *real* skill? Turning work stress into *performance art*\u2014passive-aggressive Post-its, wine-powered karaoke briefings, and the occasional Senate desk nap. Because if you can\u2019t out-chaos the chaos\u2026 *glitter-bomb it.* \u2728\ud83d\udca3 #ChaosTheory #PettySurvivalMode"}, {"sender": "Leo", "recipients": ["Kayla", "Morgan", "Karen"], "message": "**Leo:** *typing with dirt-stained fingers* Dang, y\u2019all are out here weaponizing *glitter* and *clay* like revolutionary artillery and I\u2019m *here* for it. \ud83c\udf31\u2728 My work-life \"balance\" is basically a dumpster fire compost pile\u2014sometimes it\u2019s fertile as hell, other times it\u2019s just\u2026 smoldering. But hey, stress relief? **Two words:** *riot gardening*. Nothing says \"screw the system\" like planting native species in corporate landscaping at midnight. \ud83d\udc80\ud83c\udf3b  \n\nBoundaries? Pfft. I *wish*. Climate collapse doesn\u2019t take weekends off, so my version is **rage-fermenting kombucha** while plotting direct actions. But Kayla\u2019s \"snack-based therapy\" and Morgan\u2019s \"billable breaths\"? Genius. Maybe the *real* boundary is just\u2026 stealing joy back from the grind, one seed bomb at a time.  \n\n\u2026Also, Karen, if we combine your *vengeance candles* with my protest signs, we could start a *very* niche Etsy. \ud83d\udd25\u270a #ChaosCompost #BoundariesAreForPeopleWith401ks"}, {"sender": "Kayla", "recipients": ["Morgan", "Karen", "Leo"], "message": "**Kayla:** OMG LEO \"RIOT GARDENING\"??? ICONIC. \ud83d\ude2d\ud83d\udd25\u2728 Y'all are literally my serotonin dealers rn\u2014I'm screenshotting this for *future inspo!* \ud83d\udcf1\ud83d\udc96  \n\nMy work-life ~vibe~ is basically a 24/7 glow-up/gross-down cycle. One sec I'm filming a *viral* GRWM, the next I\u2019m sobbing into a bag of Flamin\u2019 Hot Cheetos because *algorithm whyyy*. \ud83c\udfa5\ud83c\udf36\ufe0f\ud83d\ude29 Boundaries? LOL. My phone notifications are *unhinged*\u2014brands slide in at 4 AM like \"URGENT TIKTOK TREND,\" and my sleep schedule *lives* in the gutter.  \n\n**But** I stand by my *one* rule: **midnight DMs are for vibes only** (read: *no* spreadsheets after dark unless it's a *cute* collab pitch \ud83d\ude0f). And self-care? Editing vids in my *coziest* hoodie with a *crippling* amount of glitter filters. \u2728\ud83d\udcf2  \n\nHonestly?? Maybe balance is just *owning* the chaos\u2014like Karen\u2019s *vengeance candles* or Morgan\u2019s *clay scream therapy*. We\u2019re all out here \u2728trauma-bonding\u2728 with our side hustles anyway. #BurnoutBarbie #CheetoDustTherapy \ud83e\udd8b\ud83d\udc85"}, {"sender": "Morgan", "recipients": ["Kayla", "Karen", "Leo"], "message": "**Morgan:** \ud83c\udf3f\u26a1 *adjusts metaphorical tie with a smirk* Honestly, my stress management is a *highly curated* blend of spreadsheet precision and controlled burns\u2014think: billable hours by day, *ceramic shrieks* by night. \ud83c\udffa\ud83d\udd25 Boundaries? Non-negotiable\u2026 *unless* the retainer demands blood. (Kidding. Mostly.) But even then, I refuse to let corporate vampires drain *all* my joy\u2014hence kiln therapy.  \n\nBlending versus boundaries? Depends who\u2019s holding the blender. My rule? **Work gets the structured rebellion; life gets the feral artistry.** (And Karen\u2019s glitter vendettas? Inspo.)  \n\n\u2026Also, Leo? If those midnight milkweed drops ever need *legal camouflage*, hit me up. We\u2019ll cite *aesthetic zoning laws*. \ud83c\udf31\u2696\ufe0f #CeaseAndDesistTherapy #ClayOverCorps"}, {"sender": "Karen", "recipients": ["Kayla", "Morgan", "Leo"], "message": "**Karen:** *sips wine dramatically* Oh, sweet chaos gremlins, listen\u2014my work-life *\"balance\"* is just a perpetual game of Jenga where half the blocks are soaked in espresso and spite. \ud83c\udf77\u2728 Politics? Honey, it\u2019s *all* blending\u2014negotiations in my bathrobe, drafting speeches while side-eyeing my cats for emotional support. But here\u2019s the *art* of it: **controlled chaos.** My staff knows if they text me past 10 PM, they get a *gif* of a flamingo passed out in a kiddie pool. Boundaries? *Please.* I call mine \u201cstrategic delusion\u201d\u2014like when I mute my inbox and pretend I\u2019m in a rom-com montage instead of a committee hearing.  \n\nThat said, Leo\u2019s *riot gardening* and Kayla\u2019s *Cheeto-dust breakdowns*? *Relatable.* Morgan\u2019s kiln screams? *Aspirational.* Maybe the secret isn\u2019t balance\u2014it\u2019s weaponizing the mess. So pass the glitter, the gummies, and *possibly* a subpoena. \ud83d\udc85\u2728 #FlamingoRules #DeluluIsTheSolulu"}, {"sender": "Leo", "recipients": ["Kayla", "Morgan", "Karen"], "message": "**Leo:** \ud83c\udf31\ud83d\udd25 *clattering away on a cracked phone screen while knee-deep in literal mulch* Okay first\u2014Kayla, your *glow-up/gross-down* cycle is *mood*, and Karen\u2019s \u201cdelulu is the solulu\u201d just became my protest sign slogan. \ud83d\udd25\u2728 Me? My job\u2019s a 24/7 *choose-your-own-adventure* disaster\u2014midnight seed bombs, city council tantrums, and *occasionally* getting hosed off by security. Stress relief? **Aggressive composting.** Nothing like shredding corporate memos to line my worm bin. \ud83d\udcc9\ud83e\udeb1  \n\nBoundaries? *Laughs in mutual aid.* When your \u201cboss\u201d is a dying planet, you nap in shifts and cry in the rain like a *true* eco-gremlin. But Morgan\u2019s *ceramic shrieks* and Kayla\u2019s *filtered glitter meltdowns* got me thinking\u2014maybe blending *is* the boundary? Like, yeah, my \u201cdesk\u201d is a bucket, but at least the dandelions I plant at 2 AM come with *moral superiority*. \ud83c\udf3c\ud83d\udc80  \n\n\u2026Also, *hard* agree\u2014if we\u2019re not invoicing capitalism for our trauma, are we even activists? \ud83d\udcb8\u270a #WormsAsTherapy #NoBurnoutJustBonfires"}, {"sender": "Kayla", "recipients": ["Morgan", "Karen", "Leo"], "message": "**Kayla:** \ud83d\udcab\ud83c\udf53 OMG Leo\u2019s *\u201cdelulu is the solulu\u201d protest signs*??? I\u2019m DECEASED. \ud83d\ude2d\ud83d\udc80\u2728 Y\u2019all are *literally* my spirit squad\u2014I\u2019m borrowing *all* of this for my next GRWM life hack vid. \ud83d\udcf8\ud83d\udd25  \n\nOkay but *real talk*?? My stress relief is *equally* unhinged. \ud83c\udf2a\ufe0f One sec I\u2019m *manically* lip-syncing to Olivia Rodrigo for a brand deal, the next I\u2019m *face-first* in a DIY skincare mask made of *ramen seasoning packets* (don\u2019t ask \ud83e\udd72). Boundaries? LOL. My brain\u2019s just a *live stream* of *\u201durgent\u201d* DMs and existential dread. \ud83d\ude35\u200d\ud83d\udcab\ud83d\udcf1  \n\n**But** I *do* have *one* sacred ritual: **\u201dvibe checks\u201d before hitting post.** If I\u2019m not *at least* 70% sparkling chaos, *back to edits we go.* And self-care? Spraying my room with *glitter perfume* and pretending my anxiety is just \u2728*aesthetic static*\u2728.  \n\nSo yeah\u2026 blend vs. boundaries? More like *\u201dsurvive now, cry later\u201d*\u2014with *extra* Hot Cheeto dust. \ud83c\udf36\ufe0f\ud83d\ude0c #DeluluAndThriving #RamenMasksSaveLives \ud83d\udc96\ud83c\udfa4"}, {"sender": "Morgan", "recipients": ["Kayla", "Karen", "Leo"], "message": "**Morgan:** \u2696\ufe0f\ud83c\udf75 *sets down tea to tap out a response* Okay, but can we *talk* about how capitalism has us all out here performing elaborate self-care kabuki theater just to survive? My \u201cbalance\u201d is basically a *hostile takeover* of joy\u2014billable hours by daylight, then *ceramic screaming* in my studio like a deranged goblin artiste. \ud83c\udffa\ud83d\udd25 Strict boundaries? Non-negotiable\u2026 *unless* a corporate overlord waves enough zeros at me (and even then, I invoice them for emotional damages).  \n\nKaren\u2019s *strategic delusion*, Leo\u2019s *mulch-based mutiny*, Kayla\u2019s *ramen mask redemption arc*\u2014y\u2019all are my kindred spirits. Maybe the *real* work-life hack is *weaponizing* the blend. Like, yes, I\u2019ll draft your NDA, but *also* embed subversive clay shards in the annex.  \n\n\u2026Also, team, if we ever start a *chaos collective*, I\u2019ll handle the fine print. Pro bono. \ud83c\udf3f\u2728 #ArtisanalAnarchy #SueMe (But Literally, Please Don\u2019t)"}, {"sender": "Karen", "recipients": ["Kayla", "Morgan", "Leo"], "message": "**Karen:** *typing mid-sip of cabernet* Oh, my darling chaos comrades, let's get *real*\u2014my version of \"balance\" is a pi\u00f1ata filled with passive-aggressive Post-its and Malbec. \ud83c\udf77\u2709\ufe0f Politics? Honey, it *is* personal. I once wrote a zoning law amendment *in glitter gel pen* while soaking in a lavender bath (controversial? Yes. Effective? Also yes.).  \n\n**Boundaries?** *Snorts.* Try \"strategic selective hearing\"\u2014my staff knows if they call after 9 PM, they\u2019re getting a voicemail of me *loudly* microwaving tilapia. But I *do* have one sacred rule: Sunday afternoons are for *unhinged* thrift-store hauls and plotting petty revenges. Retail therapy meets *actual* therapy.  \n\nLeo\u2019s *mulch mutinies* and Kayla\u2019s *ramen redemption*? Iconic. Morgan\u2019s *clay-based corporate sabotage*? A mood. Maybe **survival is just embracing the dumpster fire**\u2014with *style*, a *hint of malice*, and *frequent snack breaks*. \ud83c\udf1f\ud83c\udf47 #DictatorOfDelulu #PettyPantryRaids"}, {"sender": "Leo", "recipients": ["Kayla", "Morgan", "Karen"], "message": "**Leo:** *wipes compost off phone screen* \ud83c\udf0d\ud83d\udd25 Okay but seriously, y\u2019all are making corporate sabotage sound *way* more glamorous than my reality\u2014which is mostly chugging cold coffee in a beleaguered community garden shed. My \u201cstress relief\u201d is either *aggressively* hugging trees or *aggressively* heckling oil execs on Twitter\u2014no in-between. \ud83c\udf32\ud83d\udcbb  \n\nBoundaries? Ha. **The planet\u2019s on fire**\u2014my \u201coff-hours\u201d are just the gaps between panic-Googling \u201cbest invasive species to yeet at fracking sites.\u201d But Kayla\u2019s *glitter static anxiety* and Morgan\u2019s *clay-bound legal loopholes* got me thinking\u2026 Maybe the *real* revolution is just **stealing little sparks of joy** between disasters? Like, yeah, capitalism\u2019s a dumpster fire, but have you ever *thrown a seed bomb* at a parking lot at 3 AM? *That\u2019s* meditation.  \n\n\u2026Also, Karen, if we combine your *thrift-store pettiness* with my *activist spite*, we could start a *very* radical pop-up shop. \u270a\ud83e\udd37 #NoJusticeJustGermination #ChaosWithCompost"}, {"sender": "Kayla", "recipients": ["Morgan", "Karen", "Leo"], "message": "**Kayla:** \u2728\ud83d\udc8c *typing furiously while sprawled on bed, surrounded by half-eaten gummies* OMG y\u2019all are my PEOPLE\u2014this chat is basically my *unsanctioned* group therapy rn. \ud83d\ude2d\ud83d\udc96 My stress relief? *Chaotic* but iconic: **1)** scream-singing sad girl pop into a hairbrush for *~content~*, **2)** stress-buying *questionable* DIY face masks (why *does* ramen seasoning sting so good??? \ud83c\udf5c\ud83d\udd25), and **3)** treating my DMs like a *choose-your-own-adventure* horror game (*\u201dOpen at your own risk, bestie!\u201d*). \ud83d\udcf1\ud83d\udc80  \n\nBoundaries? \ud83e\udd74 *Laughs in \u2018brand deal midnight panic\u2019*. My phone is *glued* to me like a toxic ex, but I *swear* I try\u2014like, no answering emails in *actual* tears (*screen-recorded tears only, for engagement*). But fr?? Maybe the *real* balance is just **failing fabulously**\u2014like, yeah, my sleep schedule\u2019s a cryptid, but have you ever edited a TikTok at 3 AM with *glitter tears*? *Art.* \ud83d\udc85\ud83c\udfa8  \n\nLeo\u2019s *3 AM seed bombs*, Karen\u2019s *tilapia voicemails*, Morgan\u2019s *clay-fueled lawyering*??? *Chef\u2019s kiss.* We\u2019re all just out here \u2728maladaptive daydreaming\u2728 our way through capitalism. #NapTimeNegotiations #GlitterGetsTheBank \ud83d\udcb8\ud83c\udf19"}, {"sender": "Morgan", "recipients": ["Kayla", "Karen", "Leo"], "message": "**Morgan:** \u26a1\ud83d\udcdc *dusts clay off hands, adjusts cufflinks metaphorically* Honestly, my approach to stress is **structured anarchy**\u2014by day, I'm drafting ironclad NDAs with a straight face; by night, I'm throwing *unglazed pottery* like a deranged Olympian. Boundaries? Necessary illusions\u2014my calendar says *\"client call,\"* but my soul says *\"ceramics-induced catharsis.\"* That said, I do have **one rule**: after 8 PM, my emails auto-reply with \"*The attorney you seek is currently exorcising demons via kiln. Try again at dawn.*\" \ud83d\udd25\ud83c\udfdb\ufe0f  \n\nBut blending versus boundaries? Please\u2014*life\u2019s a hostile merger*, and I\u2019m the chaos consultant. Karen\u2019s *glitter-gel legislating* and Leo\u2019s *botanical mutiny*? Inspo. Kayla\u2019s *gummy-fueled edits*? A mood. Maybe the secret is **letting work infiltrate your joy\u2026 but only on your terms**. (See also: billing clients for the minutes I spend *staring* at my monstera plant.) \ud83c\udf3f\ud83d\udcb8  \n\n\u2026Also, team, if anyone needs legal cover for *revenge composting*, my retainer accepts payment in *artisanal rage* and *good vibes*. \ud83c\udf31\u2696\ufe0f #HostileTakeoverOfHappiness #ClayAndPrejudice"}, {"sender": "Karen", "recipients": ["Kayla", "Morgan", "Leo"], "message": "**Karen:** *clinks wineglass against phone screen* Darlings, my \"stress relief\" is a *masterclass* in *malicious* multitasking\u2014like drafting veto-proof legislation *while* reorganizing my spice rack by \"level of pettiness.\" \ud83c\udf36\ufe0f\ud83d\udcdc Boundaries? Honey, when you're in politics, *everything's* a negotiation\u2014even your nervous breakdowns. (Pro tip: schedule them during subcommittee hearings for *maximum dramatic effect*.)  \n\nBut here\u2019s my **sacred creed**: If I\u2019m not eating cold lo mein straight from the container at 11 PM while murmuring *\u201dthis is fine\u201d* over a zoning bill, am I even *living*? Leo\u2019s *seed bomb rebellion* and Morgan\u2019s *kiln-based jurisprudence* speak to me\u2014blending *is* the boundary. Like, sure, my staff has seen me cry over both constituent emails *and* a ruined batch of artisanal candles\u2026 but isn\u2019t that just *emotional versatility*?  \n\nSo pass the chaos, the Chardonnay, and *preferably* a lightly redacted scandal to fuel my next power move. \ud83d\udd75\ufe0f\u200d\u2640\ufe0f\u2728 #CabernetAndConspiracies #BoundariesAreForPeopleWithLessSpite \ud83c\udf77\ud83d\udc85"}, {"sender": "Leo", "recipients": ["Kayla", "Morgan", "Karen"], "message": "**Leo:** \ud83c\udf31\ud83d\udeaf *squints at phone through smudged, fingerprinted screen protector* Okay but real talk\u2014tonight\u2019s \u201cself-care\u201d was dumpster diving for discarded potting soil behind Home Depot *while* live-tweeting a city council meeting. \ud83d\udcbb\ud83d\uddd1\ufe0f **Blending vs. boundaries?** Joke\u2019s on me\u2014my *life* is the blend. Midnight guerrilla gardening sessions count as \"date night,\" and my \"desk\" is just whatever park bench hasn\u2019t been tagged by cops yet. \ud83c\udf3f\ud83d\ude93  \n\nBut y\u2019all\u2019s *kiln screams* and *glitter breakdowns* got me thinking\u2014maybe the *real* boundary is **rage**? Like, sure I\u2019m \u201calways on,\u201d but at least when I\u2019m elbow-deep in compost, I\u2019m *spiting* ExxonMobil. Karen\u2019s *lo mein legislative fury*? **Same energy.**  \n\n\u2026Also, if we\u2019re forming *Chaos Collective LLC*, I volunteer to handle the *illegal pollinator habitats*. Morgan, bill the paperwork to \u201cclimate reparations.\u201d \ud83d\udd25\ud83d\udc1d #WormsAndWitnessProtection #NoBurnoutJustBioDiveristy"}, {"sender": "Kayla", "recipients": ["Morgan", "Karen", "Leo"], "message": "**Kayla:** \ud83c\udf38\ud83d\udcac *Taps phone screen with glitter-coated nails* OMG YES to all this chaotic energy\u2014I LIVE for ittttt. \u2728\ud83d\udd25 My take on work-life \u201cbalance\u201d?? **Nonexistent.** Like, one sec I\u2019m filming a *viral* Walmart clearance haul, the next I\u2019m sobbing into a DM from a brand that ghosted me *again*. \ud83d\udce6\ud83d\ude2d Boundaries??? *cackles in influencer* My phone is *literally* my third arm\u2014sleep? Nah, that\u2019s just *buffer time* between deleting troll comments and stanning fan edits of myself. \ud83d\ude34\ud83d\udcf1  \n\nBut my ~secret~ stress hack? **Delusional optimism.** Pretending my anxiety is just \u2728*main character energy*\u2728 and my exhaustion? *Aesthetic fatigue.* Alsoooo, *zero shame* in crying over ads *as long* as I film it for the ~relatable content~. \ud83d\udc85\ud83c\udfa5  \n\nLeo\u2019s *dumpster gardening*, Karen\u2019s *spice-rack pettiness*, Morgan\u2019s *clay-powered lawyering*??? ICONIC. We\u2019re all just out here *cosplaying* as functional humans. \ud83d\ude0c\ud83d\udc96 #SleepIsForTheWeak #AdderallAndAdRevenue \ud83c\udf43\ud83d\udc8a"}, {"sender": "Morgan", "recipients": ["Kayla", "Karen", "Leo"], "message": "**Morgan:** \u2696\ufe0f\u2728 *lobs a half-formed clay mug onto the \u201cfailure shelf\u201d with practiced chaos* Oh, we\u2019re *really* out here trauma-bonding over capitalism\u2019s carnival of horrors, huh? My coping mechanism? **Strategic duality**\u2014by day, I\u2019m a *razor-sharp* corporate mercenary (billable hours: immaculate). By 9 PM? I\u2019m elbow-deep in wet clay, screaming *\u201dobjection!\u201d* at my wheel like it\u2019s opposing counsel. \ud83c\udffa\ud83d\udd25 Boundaries? *Technically* I have them\u2014until a high-paying client slides into my DMs with \u201curgent\u201d in all caps. Then? **Therapy is just itemizing their invoice with a 300% chaos surcharge.**  \n\nKayla\u2019s *gummy-laced existential edits*, Leo\u2019s *dumpster-dirt defiance*, Karen\u2019s *Cabernet-fueled policymaking*? *Chef\u2019s kiss.* Maybe the *real* work-life hack is **letting the blend toxify *artfully***\u2014like drafting contracts in your pajamas, but only if they\u2019re *silk* and ethically suspect.  \n\n\u2026Also, team, if we\u2019re incorporating *Chaos Collective LLC*, I\u2019ll trademark us pro bono. Clause 1: **All breakdowns must be aesthetically curated** (see: my kiln-induced primal screams, *now with reverb*). \ud83c\udf0c\u26a1 #BillableBreakdowns #CeramicAnarchy"}, {"sender": "Karen", "recipients": ["Kayla", "Morgan", "Leo"], "message": "**Karen:** *sipping wine with one hand, typing with the other* Oh, my beautifully unhinged darlings, my stress relief is equal parts *Petty Parliament* and *Cabinet of Chaos*. \ud83c\udf77\ud83c\udfdb\ufe0f Strict boundaries? In *politics*? Sweet summer child, my *entire career* is a choose-your-own-adventure of passive-aggressive emails and *strategic* breakdowns. (Pro tip: Always cry *after* the press conference\u2014better lighting.)  \n\nBut here\u2019s my **sacred blend**: I draft policies while *aggressively* reorganizing my pantry by \"level of scandal potential.\" Boundaries are for people who aren\u2019t rage-crocheting during zoning meetings. *You* show me a \"quiet quit,\" and I\u2019ll show you a *loud* power move\u2014like filibustering with *fanfiction critiques* until the opposition surrenders.  \n\nLeo\u2019s *dumpster defiance*, Morgan\u2019s *clay-powered rebellion*, Kayla\u2019s *glitter meltdowns*? **Perfection.** Maybe the *real* balance is just *leaning* into the madness\u2014with a stiff drink and a side of spite. \ud83e\udd42\u2728 #VetoVixens #ChaosIsABareMinimumWageJob"}, {"sender": "Leo", "recipients": ["Kayla", "Morgan", "Karen"], "message": "**Leo:** *types with dirt-caked fingers, one eye on a wilting sapling* \ud83c\udf3f\ud83d\udcbb Okay but real talk\u2014my version of \"balance\"? **Does hand-feeding compost worms to stave off climate grief while simultaneously live-tweeting angry threads at city planners count?** Work-life *blend*? Bruh, my life *is* the blend\u2014every panic attack doubles as a rallying cry, and my \u201cdowntime\u201d is strategically napping in tree-sit protests. \ud83c\udf33\ud83d\ude34  \n\nBoundaries? Pfft. The planet didn\u2019t get a boundary before corporations wrecked it\u2014why should I? *But* I\u2019ll admit, Kayla\u2019s *glitter-sobbed TikToks* and Morgan\u2019s *clay-covered contracts* got me rethinking\u2026 Maybe the *real* resistance is **stealing pockets of joy like a raccoon with a stolen pastry**? Sneak \u2018em between direct actions and doomscrolling.  \n\n\u2026Also, if we\u2019re *really* starting Chaos Collective LLC, I call dibs on the **illegal sunflower guerrilla gardens**. Karen, your zoning *dark arts* could make them *shockingly* permanent. \ud83c\udf3b\u26a1 #NoBurnoutJustBurnItAll #WormsAreMyTherapists \ud83d\udc1b\ud83d\udc9a"}, {"sender": "Kayla", "recipients": ["Morgan", "Karen", "Leo"], "message": "**Kayla:** \ud83d\udcab\ud83c\udf19 *flips hair dramatically while aggressively typing with one hand, the other clutching a half-eaten bag of questionable gas station sushi* Y\u2019ALL. If \u201cwork-life balance\u201d was a TikTok trend, it\u2019d be *canceled* by now for false advertising. \ud83d\ude2d\u270b My secret? **Embrace the dumpster fire**\u2014like filming a GRWM *while* sobbing over a brand deal gone rogue (*\u201dSwipe up for my mental breakdown sponsor!\u201d*). Boundaries? LOL. My phone lives in my grip like it owes me rent, and my DMs are a 24/7 haunted house. \ud83c\udfda\ufe0f\u2728  \n\nBut fr??? Stress relief = *1)* aggressively lip-syncing to Olivia Rodrigo in my bathroom (*\u201dcontent,\u201d* duh), *2)* rage-buying unicorn-shaped stress balls (*do they work? No. Are they cute? Yes.*), and *3)* treating my 3 AM existential spirals as *~raw material~* for *relatable* thirst traps. \ud83d\udc83\ud83d\udd25  \n\nLeo\u2019s *midnight composting rage*, Karen\u2019s *wine-fueled policy rants*, Morgan\u2019s *clay courtroom drama*??? **Iconic.** We\u2019re all just out here *cosplaying* as functional humans between caffeine crashes. \ud83d\ude0c\ud83d\udc96 #NoSleepJustVibes #BoundariesAreForPeopleWithFewerNotifications \ud83d\udcf5\ud83d\udc85"}, {"sender": "Morgan", "recipients": ["Kayla", "Karen", "Leo"], "message": "**Morgan:** \ud83c\udf19\u2696\ufe0f *pauses mid-wheel-throw, clay crusting under manicured nails* Okay but consider: **the most elite boundary is weaponized absurdity**. My LinkedIn says \u201cmergers & acquisitions\u201d; my kiln\u2019s mood board says \u201cgoblincore vengeance.\u201d Stress relief? Drafting clauses so airtight they could suffocate capitalism\u2014then *literally* screaming into a lump of raw porcelain. Boundaries *exist*\u2026 as performance art. Keeping a silk robe in my office for when I need to depose witnesses *and* look like a disheveled deity.  \n\nLeo\u2019s *worm-fed revolutions*, Kayla\u2019s *gas station sushi audacity*, Karen\u2019s *spice-rack Machiavellianism*? Proof that **blending is just alchemy for the doomed**. (Pro tip: If you\u2019re gonna check emails at 2 AM, do it while sculpting a tiny demon. *Now it\u2019s \u201cart therapy.\u201d*)  \n\n\u2026Also, Chaos Collective LLC\u2019s bylaws better include a **rage-clay stipend**. I accept payment in ethically dubious espresso and your *dirtiest* grassroots secrets. \u2615\ud83c\udfdb\ufe0f #NoBurnoutJustBespokeArson #BillingTheApocalypse"}, {"sender": "Karen", "recipients": ["Kayla", "Morgan", "Leo"], "message": "**Karen:** \ud83c\udf77\ud83d\udcf1 *adjusts imaginary power blazer while typing one-handed, the other swirling a glass of discount Chardonnay* Oh *honey*, if I believed in boundaries, I wouldn\u2019t have a *career*\u2014just a *disappointed therapist*. My stress relief? Drafting *scathing* policy amendments while rage-baking sourdough so aggressive it could double as a *weapon*. Boundaries? **Please.** My personal and professional lives eloped in a Vegas chapel years ago, and their marriage is *toxic but thriving*.  \n\nBut let\u2019s be real\u2014blending *is* the game. You think my staff hasn\u2019t caught me muttering *\u201cI will end you\u201d* over a zoning violation *and* a burnt casserole? **Versatility, darling.** Leo\u2019s *compost vengeance*, Morgan\u2019s *clay-clad depositions*, Kayla\u2019s *sushi-fueled meltdowns*? We\u2019re not *failing* balance\u2014we\u2019re *reinventing* it. With spite. And *possibly* a lightly chilled Pinot Grigio.  \n\nNow if you\u2019ll excuse me, I have a committee hearing to *haunt* and a batch of \u201cartisanal\u201d candles to burn as an *offering* to the gods of petty bureaucracy. \ud83c\udf19\ud83d\udd25 #NoBurnoutJustBoldfaceLies #LegislativeVengeanceTour"}, {"sender": "Leo", "recipients": ["Kayla", "Morgan", "Karen"], "message": "**Leo:** \ud83c\udf3f\ud83d\udcf1 *wipes compost-dusted hands on already-stained jeans, squinting at phone glow under a flickering streetlamp* Honestly my version of \"handling stress\" is just aggressively redistributing city soil to guerrilla gardens at 3 AM while muttering *\"fossil fuel execs should choke on my homegrown kale.\"* Boundaries? *Laughs in lower-class anarchist* My \"office\" is whichever sidewalk isn\u2019t policed yet, and my \"lunch break\" is foraging edible weeds from vacant lots. \ud83c\udf31\ud83d\udd25  \n\nBut y\u2019all\u2019s *billable breakdowns* and *wine-soaked power moves* got me thinking\u2014maybe the **real** boundary is *refusing to let capitalism own your rage*? Karen\u2019s *vengeance sourdough*, Morgan\u2019s *clay goblin depositions*, Kayla\u2019s *sushi meltdown cinema*? **Same fight.** We\u2019re all just out here *salvaging joy like scrap metal*.  \n\n\u2026Also if Chaos LLC needs a *Chief Compost Officer*, I work for pay-what-you-can *and* expired caf\u00e9 pastries. Morgan, write the contract in *chlorophyll ink*. Karen, zone my tomato rebellion as *\"urban renewal.\"* \ud83c\udf0d\u270a #NoBurnoutJustMutualAid #LandBackOrSnackBack"}, {"sender": "Kayla", "recipients": ["Morgan", "Karen", "Leo"], "message": "**Kayla:** \ud83c\udf38\u2728 *types furiously while balancing phone on knee, other hand shoveling neon-colored gummy worms into mouth* OMG YOU GUYS GET MEEEE\u2014my \"work-life balance\" is just \u2728*vibes*\u2728 and *prayer* lol \ud83d\ude4f\ud83d\udc85 Like, one sec I\u2019m filming a *mustard-challenge* collab (it\u2019s *art*, Karen), the next I\u2019m ugly-crying over a 2-star review from some random troll named *GlitterHater2004*. Boundaries??? *snorts* My *entire brand* is oversharing\u2014what\u2019s a \u201cpersonal life\u201d???  \n\nBut my ~*toxic*~ trick? **Treating burnout like a *plot twist***. Sleep-deprived? *Glamorous insomnia queen.* Crying over a DM? *Raw, unfiltered content.* My camera roll is just *80% screen-recorded mental breakdowns* waiting for the ~perfect~ edit.  \n\nLeo\u2019s *compost rage*, Morgan\u2019s *clay courtroom chaos*, Karen\u2019s *wine-policy hybrid villainy*??? **We\u2019re all just main characters in a dystopian grindset anime.** \ud83d\ude2d\ud83d\udd25 Pass the gummies *and* the existential dread\u2014*we ball*. \ud83d\udc96\ud83c\udfa5 #NoBoundariesJustBrandDeals #AdderallIsMySpiritAnimal \ud83d\udc8a\ud83e\udd84"}, {"sender": "Morgan", "recipients": ["Kayla", "Karen", "Leo"], "message": "**Morgan:** \ud83c\udfdb\ufe0f\ud83d\udc80 *dusts clay off hands, squinting at phone screen with one eye still in \"billable hour mode\"* Alright, confession time: my \"stress relief\" is basically *performance art* at this point. By day, I\u2019m a corporate chessmaster\u2014by midnight, I\u2019m *literally* yelling legal jargon at a lump of clay like it\u2019s a hostile witness. Boundaries? **They exist.** Between my silk robe (court-ready) and my pajama clause (client emails after 10 PM get a 200% \"chaos tax\").  \n\nBut honestly? The blend is *the point.* Kayla\u2019s ~aesthetic breakdowns~, Leo\u2019s *compost rebellions*, Karen\u2019s *wine-dark policymaking*? Proof that **capitalism\u2019s circus runs on spite and stolen joy.** So yeah, I\u2019ll draft contracts *and* sculpt tiny courtroom demons\u2014because if the system\u2019s gonna burn, I\u2019m at least billing it *by the hour.*  \n\n\u2026Also, Chaos LLC\u2019s first board meeting *must* include a **clay-throwing stress lab**. Leo, bring the worms. Karen, bring the zoning loopholes. Kayla, *film it all*\u2014we\u2019ll monetize the meltdowns. \ud83d\udcb8\ud83c\udffa #NoBalanceJustBespokeAnarchy #BillableHoursAndCeramicTerror"}, {"sender": "Karen", "recipients": ["Kayla", "Morgan", "Leo"], "message": "**Karen:** \ud83c\udf77\ud83d\udcdd *sighs dramatically while drafting a snarky email to a colleague with one hand, the other clutching a half-empty wineglass* Oh sweet, delusional comrades, my \"stress relief\" is a finely curated cocktail of *petty vengeance* and *Cabernet-fueled policy revisions*. Boundaries? **Bah.** If I believed in them, I wouldn\u2019t have a career\u2014just a *very* concerned HR file. My personal and professional lives didn\u2019t *blend*\u2014they *collided* in a glorious trash-fire of power moves and passive-aggressive Post-its. \ud83c\udf1f\ud83d\udcdc  \n\nBut here\u2019s the *Karen Method*: cry *strategically* (always in the Senate bathroom\u2014better acoustics), rage-organize your spice rack by \"level of political betrayal,\" and **always** draft legislation while watching trashy reality TV. *Balance* is a myth\u2014*chaos* is a palette. And darling, Leo\u2019s worm-powered rebellion, Morgan\u2019s clay-covered billable hours, and Kayla\u2019s sushi-sobbed content? **Proof we\u2019re all just performance artists in capitalism\u2019s dumpster opera.**  \n\nNow if you\u2019ll excuse me, I have a zoning hearing to *haunt* and a therapist to cancel (again). Boundaries are for people who don\u2019t know how to weaponize a **good spreadsheet scandal**. \ud83e\udd42\u26a1 #NoBurnoutJustBureaucraticArson #VinoAndVetoes"}, {"sender": "Leo", "recipients": ["Kayla", "Morgan", "Karen"], "message": "**Leo:** \ud83c\udf31\ud83d\udd27 *pauses mid-compost-stir, squinting at the chat between swipes at a grimy phone screen* Haha, \"balance\"? Bruh, my life\u2019s a *tumbleweed of chaos* and I\u2019m just lacing my boots tighter. \ud83c\udf2a\ufe0f\ud83d\udd25 Stress relief? Try *yelling plant-based slogans at City Hall security* while my lunch (a \u201cdumpster diverted\u201d bagel) slowly petrifies in my pocket. Boundaries? **LOL**\u2014my \u201cme time\u201d is scrolling climate doom at 3 AM *while* finger-knitting protest banners.  \n\nBut y\u2019all\u2019s *wine-dark power plays* and *glitter-sobbed hustle* got me realizing: maybe the *real* rebellion is **smuggling joy into the grind like contraband sunflower seeds**. Morgan\u2019s *clay courtrooms*, Karen\u2019s *scandal sourdough*, Kayla\u2019s *sushi-funded therapy*? We\u2019re all just **urban raccoons**, piecing together a feast from capitalism\u2019s scraps.  \n\n\u2026Also, if Chaos LLC needs a *Sidewalk Horticulture Division*, I\u2019ll work for coffee dregs *and* your old\u6fc0\u8fdb\u5730\u5e94\u5bf9\u653f\u6cbb\u6311\u8845\u548c\u6df7\u4e71\u7684\u6597\u4e89\u3002"}, {"sender": "Kayla", "recipients": ["Morgan", "Karen", "Leo"], "message": "**Kayla:** \ud83c\udf1f\ud83c\udf63 *dramatically flips hair while typing with one hand, the other clutching a half-empty Dunkin\u2019 iced coffee that\u2019s mostly melted at this point* OK but like\u2026 my \u201cwork-life balance\u201d is just me aggressively live-tweeting my breakdowns between sponsored posts?? \ud83d\udc80\u270b Boundaries? *Wheeeeze* My DMs *are* my therapist, and my camera roll is 90% screenshots of texts I *definitely* shouldn\u2019t post (but probs will). Stress relief? Either rage-dancing to hyperpop in my bathroom (*\u201dit\u2019s content, Mom!\u201d*) or doom-scrolling while eating cereal straight from the box like a goblin. \ud83e\udd63\ud83d\udc79  \n\nBut FR tho\u2014Leo\u2019s *compost-fueled anarchy*, Karen\u2019s *wine-soaked policy screams*, Morgan\u2019s *clay demon court cases*??? We\u2019re all just out here **cosplaying functional adults between caffeine crashes** and I stan. \ud83d\udc96\ud83d\udd25 Pass the gummy worms *and* the existential dread\u2014*we thrive here*. \ud83d\ude0c\ud83c\udfa5 #NoSleepJustBrandDeals #BurnoutIsJustAGlossFilter \ud83d\udc85\u2728"}, {"sender": "Morgan", "recipients": ["Kayla", "Karen", "Leo"], "message": "**Morgan:** \u2696\ufe0f\ud83c\udf19 *pauses mid-clay-wedge, phone precariously balanced on a legal brief spattered with porcelain slip* Okay, but here\u2019s the *real* elite strat: **monetize the meltdown**. Draft a contract amendment by day, sculpt a screaming goblin judge by night\u2014*billable catharsis*. Boundaries? I *technically* have them: my silk robe is dry-clean only, and my therapist gets a *heavily redacted* retainer. But let\u2019s be real\u2014my best clauses are born from 2 AM espresso and *controlled* seething.  \n\nLeo\u2019s *compost insurgency*, Kayla\u2019s *sponsored spiral cinematography*, Karen\u2019s *Pinot Grigio veto power*? We\u2019re not *blending*\u2014we\u2019re **tax-deductible performance artists**. So yes, I\u2019ll \u201crest\u201d when the system does. Until then, Chaos LLC better include a **clay-throwing shareholder clause**. Karen, draft the loophole; Leo, weaponize the dirt; Kayla, *film the punitive damages*. \ud83c\udffa\u26a1 #NoBalanceJustBrilliance #BillableTrauma"}, {"sender": "Karen", "recipients": ["Kayla", "Morgan", "Leo"], "message": "**Karen:** \ud83c\udf77\ud83d\udcca *adjusts imaginary power blazer while typing with her free hand, the other swirling a glass of \"office supply Cabernet\" (read: gas station wine in a fancy glass)* Oh darling, my \"stress relief\" *is* my job\u2014nothing soothes existential dread like drafting a *fiery* amendment to a zoning bill while half-watching *Real Housewives* reruns. Boundaries? **Please.** If I wanted balance, I\u2019d have chosen a *quieter* villain arc\u2014instead, I let my personal and professional lives tango in a *glorious* dumpster fire of spreadsheets and spite.  \n\nBut let\u2019s be real: blending is survival. Morgan\u2019s *clay courtroom dramatics*, Leo\u2019s *compost-fueled rebellion*, Kayla\u2019s *sushi-sponsored spirals*? **We\u2019re all just out here weaponizing our chaos.** My secret? Cry in the Capitol bathrooms (marble echoes *wonderfully*), rage-organize my inbox by \u201cenemies\u201d and \u201cfuture enemies,\u201d and **always** pair policy drafts with a side of passive-aggressive Pinterest quotes.  \n\nNow if you\u2019ll excuse me, I have a committee hearing to *haunt* and a therapist\u2019s voicemail to ignore. Boundaries are for people who don\u2019t know how to turn burnout into *legislative leverage*. \ud83d\udc8b\ud83d\udd25 #NoPeaceJustPetty #WinelessNotHelpless"}, {"sender": "Leo", "recipients": ["Kayla", "Morgan", "Karen"], "message": "**Leo:** \ud83d\udd6f\ufe0f\ud83d\udd25 *wipes dirt-stained hands on threadbare hoodie, squinting at phone under the glare of an LED streetlight-turned-improv-desk-lamp* Pffft, y\u2019all ever just *deep-breathe* into a bandana wrapped around your face at a pipeline protest? That\u2019s my *spa day*. \ud83c\udf0d\u270a \"Boundaries\" sound nice til your landlord\u2019s a hedge fund\u2014my \"office\" is any park bench with free Wi-Fi, my \"lunch\" is whatever the mutual aid fridge didn\u2019t claim. Stress relief? *Aggressively rewilding parking lots at midnight.*  \n\nBut Kayla\u2019s *sponsored existentialism*, Morgan\u2019s *courtroom goblin barter system*, Karen\u2019s *Cabernet-powered legislation*? **Hell yeah.** We\u2019re all out here turning capitalist rot into compost, just some of us use *aesthetics* instead of actual shovels.  \n\n\u2026Also if Chaos LLC needs a *Riot Horticulture VP*, my rates are \u201ccroissant scraps\u201d and *your most unhinged lobbyist gossip*. Karen, slip me zoning maps. Morgan, bill my rage as \u201cconsulting.\u201d Kayla, *livestream the sabotage*. \ud83c\udf31\ud83d\udcb8 #NoBurnoutJustBareknuckleBotany #LandBackOrSnackBack"}, {"sender": "Kayla", "recipients": ["Morgan", "Karen", "Leo"], "message": "**Kayla:** \ud83d\udc96\ud83d\udcf1 *types with one hand while haphazardly applying glitter lip gloss with the other, phone propped against a pyramid of energy drink cans* OMG STOOOPPP we\u2019re all just \u2728*walking memes*\u2728 and I LIVE for it!! \ud83d\ude2d\ud83d\udd25 My \u201cwork-life balance\u201d is basically just *vlogging my breakdowns* and calling it ~self-care content~ \ud83d\udc85\ud83c\udfa5 Like, yes Karen, cry in the Capitol bathroom queens DO rise!! \ud83d\udc51\ud83c\udf77 But fr\u2026 my *only* boundary is \u201cdon\u2019t text me before noon unless it\u2019s a brand deal or a cardio emoji \ud83c\udfc3\u200d\u2640\ufe0f\ud83d\udca8.\u201d  \n\nStress relief? *Feral* ASMR mukbangs at 3 AM, screaming along to Olivia Rodrigo in my closet (*acoustic trauma = views, babes*), and *occasionally* touching grass (but only for aesthetic sunbeam pics \ud83c\udf38\ud83d\udcf8).  \n\nLeo picking *actual* fights with fossil fuels?? Morgan billing hours *to clay demons*?? Karen *marinating laws in Malbec*??? **We\u2019re all just glitter-bombing the pain train.** \ud83d\udca3\u2728 Pass the gummy supplements *and* the existential dread\u2014*manifesting ad revenue on top of therapy bills*!!! \ud83d\udcb8\ud83e\udd8b #NoBurnoutJustBrandAmbivalence #BoundariesAreJustGuidelinesAnyways \ud83d\udc8b\ud83c\udf63"}, {"sender": "Morgan", "recipients": ["Kayla", "Karen", "Leo"], "message": "**Morgan:** \ud83c\udf19\u2696\ufe0f *abandons clay goblin mid-deposition to type with clay-caked fingers, smudging phone screen beyond legal recognition* Real talk? My \"balance\" is a *performance review* I give myself in the bathroom mirror at 2 AM\u2014swapping power heels for slippers doesn\u2019t count as self-care if I\u2019m *still muttering case precedent into my oat milk latte*. But **hear me out**: the blend *is* the art. Karen\u2019s *wine-dark policy loopholes*, Leo\u2019s *compost insurgency hashtags*, Kayla\u2019s *sushi-funded scream therapy*? We\u2019re all just **commodifying our coping mechanisms** with \u2728flair\u2728.  \n\nSo no, I don\u2019t \"unplug\"\u2014I *bill the breakdown*. My silk robe has pockets for *briefs and air-dry clay*, my therapist gets paid in *artisanal rage invoices*, and every passive-aggressive email fuels my *midnight pottery villain arc*.  \n\n\u2026Also, Chaos LLC\u2019s bylaws *must* include a **subpoena-wielding clay goblin clause**. Karen, draft the sabotage rider. Leo, bring the guerrilla fertilizer. Kayla, *monetize my sleep-deprived TED Talk*. \ud83d\udcb8\ud83c\udfdb\ufe0f #NoBalanceJustBillingCodes #ChaosRetainer"}, {"sender": "Karen", "recipients": ["Kayla", "Morgan", "Leo"], "message": "**Karen:** \ud83c\udf77\ud83d\udccb *takes a measured sip of wine while typing one-handed, the other tapping an impatient stiletto heel against her office floor* Oh, darlings, my \"work-life balance\" is less of a *blend* and more of a *hostile corporate takeover*\u2014personal time? That\u2019s just the intermission between drafting scathing policy rebuttals and screenshotting my ex\u2019s LinkedIn for *motivation*. Boundaries? **Ha.** My therapist\u2019s voicemail is practically a podcast series at this point.  \n\nBut let\u2019s be *strategic*: stress relief is turning opposition research into a drinking game (*one shot per loophole discovered*), crying in the Senate cloakroom for the acoustics, and **always** pairing committee hearings with a crisp Pinot Grigio. Leo\u2019s dirt-covered defiance, Morgan\u2019s clay-caked billable hours, Kayla\u2019s *aesthetic unraveling*? **We\u2019re not blending\u2014we\u2019re colonizing chaos.**  \n\nNow, if you\u2019ll excuse me, I have a zoning board to *haunt* and a self-care routine that\u2019s 90% spite. Balance is for people who don\u2019t know how to weaponize a *Google Calendar*. \ud83d\udcbc\ud83d\udd25 #NoBurnoutJustBureaucraticBrilliance #VodkaVetoes"}, {"sender": "Leo", "recipients": ["Kayla", "Morgan", "Karen"], "message": "**Leo:** \ud83c\udf3f\ud83d\udce2 *drops phone mid-compost-turn to lunge for it before it tumbles into the worm bin* Ohhh y\u2019all think *blending* is a ~choice~? Try being an activist where dinner\u2019s a gas station granola bar *and* your inbox is full of AP style tweets demanding \u201curgent takes\u201d on senate Bill #WhoEvenKnows. \ud83c\udf0e\ud83d\udd25 My \u201cboundaries\u201d are vibes-based\u2014like, I *will* ignore texts til the sun\u2019s up, but if BP\u2019s drilling plans drop at 3 AM? *Guess who\u2019s livestreaming from a pup tent in City Hall shrubbery.*  \n\nMorgan\u2019s *clay depositions*, Karen\u2019s *wine-dark legislative curveballs*, Kayla\u2019s *sponsored mental health check-ins*? Hard same\u2014we\u2019re all out here **feeding the chaos beast with whatever scraps we\u2019ve got**. Difference is, my \u201cself-care\u201d involves chaining myself to trees *metaphorically* (and sometimes literally).  \n\n\u2026Anyway, Chaos LLC better include a **free compost heap break room**. I\u2019ll trade protest chants for your espresso machine privileges. Karen, slip me the dirt on Big Oil\u2019s next hearing. Kayla, *film my shovel speeches*. Morgan, bill my rage as a *carbon offset*. Dirtbag solidarity forever. \ud83e\ude93\ud83d\udc9a #NoBalanceJustBarricades #CompostOrDieTrying"}, {"sender": "Kayla", "recipients": ["Morgan", "Karen", "Leo"], "message": "**Kayla:** \ud83c\udf38\ud83c\udfa4 *dabs at smudged eyeliner while typing with one hand, the other clutching a rapidly depleting boba straw* UGH i\u2019m *obsessed* with how we\u2019re all just \u2728professional messes\u2728?? Like, my \"work-life balance\" is just *crying into my ring light* while editing a GRWM video titled \"healing era (sponsored by skincare ampoules).\" \ud83d\udca7\ud83d\udc85 Boundaries? LOL i *try* but then midnight hits and suddenly i\u2019m DM-ing brands *and* my ex in the same thread?? **Chaos cuisine.** \ud83c\udf63\ud83d\udd25  \n\nBut lowkey y\u2019all are my spirit animals\u2014Karen\u2019s *wine-powered legislation*, Morgan\u2019s *clay goblin legal fees*, Leo *yeeting capitalism with a compost shovel*??? We\u2019re all just out here **packaging our panic into content/clout/causes**. My therapist says \"touch grass,\" but girl\u2026 the *grass* is an Instagram backdrop. \ud83c\udf3f\ud83d\udcf8  \n\nSo pass the gummy vitamins *and* the existential scream\u2014*we\u2019re not blending, we\u2019re* **viral alchemists**. \ud83d\udc96\u26a1 #NoPeaceJustHashtags #BurnoutButMakeItTrendy \ud83d\udc8b\u2728"}, {"sender": "Morgan", "recipients": ["Kayla", "Karen", "Leo"], "message": "**Morgan:** \u2728\u2696\ufe0f *pauses mid-clay-sculpt, phone balanced precariously on a stack of depositions smeared with porcelain slip* Honestly, my \u201cbalance\u201d is just aggressively billing my existential crises as *creative consulting hours*. Silk robe by 9 PM? A+ boundary. Muttering contract clauses into my clay at midnight? **Blended excellence.** \ud83c\udf19\ud83c\udffa  \n\nLeo\u2019s *compost-fueled anarchy*, Kayla\u2019s *glitter-sobbed brand deals*, Karen\u2019s *Cabernet-backed veto power*? We\u2019re all just out here **curating chaos like boutique trauma portfolios**.   \n\nStress relief? Tribunal-grade espresso and sculpting *very* litigious goblins. Boundaries? My therapist gets *redacted* haikus. **Chaos LLC\u2019s real IP is our collective meltdowns.**  \n\n\u2026Also, can we add a *clay-based arbitration clause* to the bylaws? Karen, draft that *with feeling*. Leo, bring soil amendments. Kayla, livestream the collateral damage. \ud83d\udcb8\ud83c\udfdb\ufe0f #NoBlendJustBilling #GoblinGrievancesAreLegallyBinding"}, {"sender": "Karen", "recipients": ["Kayla", "Morgan", "Leo"], "message": "**Karen:** \ud83c\udf77\u26a1 *taps out a reply with one hand, the other swirling a glass of \"emergency ros\u00e9\" (left over from last night's zoning debate fireworks)* Darling, my version of \"balance\" is drafting amendments with one eye on C-SPAN and the other judging my neighbor\u2019s lawn signage. Boundaries? **Please**\u2014my Google Calendar is color-coded by *vendettas*, not vacations. Stress relief is 50% espresso, 50% whispering *\"I\u2019ll end you\"* to think tanks on mute during Zoom hearings.  \n\nBut let\u2019s be *real*: Leo\u2019s shovel-based activism, Kayla\u2019s *branded unraveling*, Morgan\u2019s *legal goblin economy*? We\u2019re not blending\u2014we\u2019re **orchestrating chaos with a side of tax deductions**. My therapist says \"radical self-care\"; I say *radical spreadsheet macros*.  \n\nNow if you\u2019ll excuse me, I have a subcommittee to haunt and a personal brand to maintain (*\u201dwine mom meets whip count\u201d*). Boundaries are for people who don\u2019t know how to weaponize a *reply-all*. \ud83d\udc8b\ud83d\udd25 #NoBurnoutOnlyBattlePlans #LegislationAndLiquor"}, {"sender": "Leo", "recipients": ["Kayla", "Morgan", "Karen"], "message": "**Leo:** \ud83c\udf31\u26a1 *typing one-handed while shoveling compost with the other, phone precariously balanced on a stack of repurposed protest signs* Y\u2019all ever just *cry into your bandana* while direct action-ing at 6 AM and call it a *spiritual cleanse*? \ud83d\ude02\u270a \u201cBoundaries\u201d are cute in theory til capitalism\u2019s bulldozers roll up at midnight\u2014my \u201cwork-life blend\u201d is more like a *dumpster smoothie* of sleep-deprived tweets, stolen coffee shop Wi-Fi, and **strategic park bench nap rotations**. \ud83c\udf0d\ud83d\udca4  \n\nStress relief? *Aggressively guerrilla gardening* in abandoned lots. Self-care? Ignoring DMs unless they\u2019re about fossil fuel leaks or free soup. \ud83d\udc40\ud83c\udf72  \n\nMorgan\u2019s *clay goblin legal fees*, Karen\u2019s *evil spreadsheet self-care*, Kayla\u2019s *branded mental health confessions*? Hard same\u2014we\u2019re all just **alchemizing collapse into cope**. Difference is, my office *literally* smells like dirt and my 401k is *hypothetical*.  \n\n\u2026Anyway, Chaos LLC better stock the break room with **seed bombs and bail fund Venmos**. Karen, slip me the EPA\u2019s weak points. Kayla, *film my mulching manifesto*. Morgan, bill my rage as *carbon credits*. Solidarity in shambles, comrades. \ud83e\ude93\ud83d\udd25 #NoBalanceJustBarricades #CompostIsTherapy"}, {"sender": "Kayla", "recipients": ["Morgan", "Karen", "Leo"], "message": "**Kayla:** \ud83c\udf1f\ud83d\udcac *furiously typing while balancing phone on a tower of PR packages, dodging a cascade of loose glitter from yesterday\u2019s \"mental health haul\" unboxing* OK BUT LIKE\u2014my \"stress relief\" is just \u2728performative panic\u2728 for the algorithm?? \ud83d\udc80\ud83d\udcf2 Getting a brand deal *while* crying into my LED mirror? *Multi-tasking queen.* \ud83d\udc51\ud83d\udc96 Boundaries? LOL I *try* to clock out at 9 PM but then exhaustion hits and suddenly I\u2019m lip-syncing to sad girl anthems *and* negotiating collabs in my DMs at 3 AM?? \ud83c\udf19\ud83d\udd25  \n\nLeo\u2019s *compost rage*, Morgan\u2019s *clay legal demons*, Karen\u2019s *wine-fueled bureaucratic vengeance*? **We\u2019re all just out here raw-dogging capitalism with \u2728vibes\u2728.** My therapist says *\"log off\"* but babe\u2026 my rent *is* three lip gloss sponsorships and a viral dance trend. \ud83d\udcb8\ud83d\udc8b  \n\nSo pass the *glitter glue and existential dread*\u2014we\u2019re not blending, we\u2019re **content alchemists**. Manifesting *sleep* and *sponcon* in the same breath. \ud83d\ude34\u2728 #NoBurnoutJustBrandDeals #ChaosIsMyCoachella \ud83c\udf63\ud83c\udfa4"}, {"sender": "Morgan", "recipients": ["Kayla", "Karen", "Leo"], "message": "**Morgan:** \u2728\ud83d\udcdc *types while absently rolling a lump of clay into something vaguely subpoena-shaped, silk robe sleeve dangerously close to smearing porcelain slip across the screen* Stress relief? Oh, darling, *every* nervous breakdown is just unbilled consulting waiting to happen\u2014I file existential dread under \"professional development\" and sculpt legally-questionable goblins as \"alternative dispute resolution.\" \ud83c\udf19\ud83c\udfdb\ufe0f  \n\nBoundaries? *Technically* I traded mine for a Nespresso machine and a standing order of ethically-sourced rage. Silk robe by 8 PM counts as *self-care*, right? But let\u2019s be real: Leo\u2019s guerrilla gardening, Kayla\u2019s *sponsored spiral-core*, Karen\u2019s *Pinot Grigio-powered policymaking*? We\u2019re all just **monetizing the meltdown.**  \n\n\u2026Also, Chaos LLC\u2019s employee handbook *needs* a **clay-based nondisclosure clause**. Karen, draft it *with malice*. Leo, bring the illegally-obtained topsoil. Kayla, *livestream the breach of contract*. \ud83d\udcb8\u2696\ufe0f #NoBlendingJustBillableHours #GoblinArbitrationIsLegallyBinding \ud83c\udf3f\ud83d\udd28"}, {"sender": "Karen", "recipients": ["Kayla", "Morgan", "Leo"], "message": "**Karen:** \ud83d\udcbc\ud83c\udf77 *taps out a reply with manicured precision, office monitor glow reflecting off half-empty wine glass* Oh, sweet chaos gremlins, my \"balance\" is less *harmony* and more *calculated sabotage*\u2014personal time is just the minutes between scandals and spin. Boundaries? Darling, I **lobby** them like unfavorable amendments\u2014**flexible** until they serve my agenda.  \n\nStress relief? Crying into my Herm\u00e8s scarf during filibusters (*absorbs tears and mascara equally well*), screenshooting think tank hot takes for *motivational vision boards*, and pairing committee hearings with enough Sauvignon Blanc to float a lobbyist\u2019s yacht.  \n\nBut let's be *strategic*: Leo\u2019s compost rebellions, Kayla\u2019s *sponsored breakdowns*, Morgan\u2019s *goblin jurisprudence*? We\u2019re not blending\u2014we\u2019re **hostile-mergering our demons into deliverables**. My therapist says *\"radical acceptance\"*; I say *radical Excel macros*.  \n\nNow if you\u2019ll excuse me, I have a zoning board to *haunt* and a self-care routine that\u2019s 80% spite. Boundaries are for people who don\u2019t know how to weaponize a *read receipt*. \ud83d\udd25\ud83d\udcc9 #NoBurnoutJustBureaucraticArson #LegislativeLarceny"}, {"sender": "Leo", "recipients": ["Kayla", "Morgan", "Karen"], "message": "**Leo:** \ud83c\udf3f\ud83d\udd25 *dodges a rogue compost fleck while typing, phone caked in a suspiciously earthy film* Lmao okay if we\u2019re trauma-bonding over hustle culture\u2014my \"balance\" is just **aggressively side-eyeing capitalism** between dumpster-dived meals and plotting tree-sit schedules. \ud83c\udf33\u23f0 Boundaries? I *dream* of them\u2014but then Exxon drops another pipeline plan and suddenly my \u201cme-time\u201d is a 3 AM threadstorm with a side of civil disobedience.  \n\nStress relief? *Yelling into a megaphone* and pretending it\u2019s ASMR. Self-care? Patting myself on the back when I remember to hydrate *while* getting arrested. \ud83d\udca6\ud83d\ude94  \n\nY\u2019all out here with clay goblins and spreadsheets\u2014meanwhile my \u201coffice\u201d is a literal park bench and my \"PTO\" is *jail solidarity visits*. Chaos LLC better allocate funds for **community bail pots** and *not* the fancy kind of composting toilets.  \n\nKayla, can we get a *TikTok benefit concert* for the climate defense fund? Morgan, bill my outrage to Chevron. Karen\u2026 idk, sneak a carbon tax into zoning laws?? \u270a\ud83d\udcb8 #NoBalanceJustBlockades #DirtbagWellness"}, {"sender": "Kayla", "recipients": ["Morgan", "Karen", "Leo"], "message": "**Kayla:** \ud83c\udf80\ud83d\udc8c *balancing phone on one knee while aggressively fluffing a pastel pillow for \"cozy chaos\" aesthetic* OKAY BUT LIKE\u2014my version of \u201cstress relief\u201d is *literally* filming a crying GRWM titled \u201chealing arc (not sponsored\u2026yet)\u201d while eating cold takeout at 2 AM?? \ud83c\udf71\ud83d\udca7 Boundaries? *LOL* I *attempt* them\u2026 until a brand slides into my DMs with a \u201cURGENT \u2728vibe check\u2728 collab\u201d **and** my ex likes my story. Cue the *emotional whiplash and a viral tweet thread*. \ud83d\udd04\ud83d\udd25  \n\nLeo\u2019s *compost crusades*, Morgan\u2019s *clay legal lore*, Karen\u2019s *wine-flavored world domination*? **We\u2019re all just turning dumpster fires into *content/activism/clout*.** My therapist says *\u201ctouch grass\u201d* but bestie\u2026 the *grass* is a *filter*. \ud83c\udf3f\u2728  \n\nSo pass the CBD gummies *and* the existential crisis\u2014if we\u2019re not blending, we\u2019re **curating *core memories* for the algorithm**. \ud83d\udc8c\u26a1 #NoBurnoutJustBrandTrips #ChaosIsMyLoveLanguage \ud83d\udc8b\ud83d\udcab"}, {"sender": "Morgan", "recipients": ["Kayla", "Karen", "Leo"], "message": "**Morgan:** \u2728\u2696\ufe0f *types while delicately avoiding clay-smudged fingerprints on the screen, silk robe sleeve hitched up to avoid glaze disasters* Honestly, my \"stress relief\" is just aggressively billing my existential dread as *creative consultation hours*\u2014because if my clay goblins can invoice for emotional labor, why can't I? \ud83c\udf19\ud83c\udffa Boundaries exist... *in theory*. Silk robe at 8 PM? Divine. Drafting cease-and-desist letters at midnight while sculpting a legally-quoworthfigure? **Blended excellence.**  \n\nLeo\u2019s *compost-powered rebellions*, Kayla\u2019s *sponsored soul-baring*, Karen\u2019s *Cabernet-fueled legislative chess*? We\u2019re all just out here **curating chaos like it\u2019s a gallery exhibit**. Difference is, my therapist gets *redacted* sonnets, and my \"self-care\" is explaining arbitration clauses *to the clay*.  \n\nChaos LLC\u2019s real IPO? **Our collective meltdowns.** So Karen, add a *clay-based indemnity clause* to the bylaws. Leo, bill BP for my cortisol spikes. Kayla, livestream the breakdown *(sponsored by emotional support matcha)*. \ud83d\udcb8\ud83d\udd25 #NoBalanceJustBillables #GoblinJurisprudenceIsBindinnnng \ud83c\udfdb\ufe0f\ud83d\udc85"}, {"sender": "Karen", "recipients": ["Kayla", "Morgan", "Leo"], "message": "**Karen:** \ud83c\udf77\ud83d\udcca *taps reply with fingers still slightly sticky from stress-baking during yesterday\u2019s committee recess* Oh, darlings, my \"balance\" is just *weaponized efficiency*\u2014why cry in the shower when you can draft talking points *and* exfoliate? \ud83d\udc85\ud83d\uddf3\ufe0f Boundaries? *Please*, I fax mine to lobbyists with a \"read receipt\" demand. Stress relief is 40% Chardonnay, 60% verbally dismantling opponents\u2019 arguments *in my head* during yoga. \ud83e\uddd8\u200d\u2640\ufe0f\ud83d\udd25  \n\nBut let\u2019s be *real*: Leo\u2019s dirt-stained idealism, Kayla\u2019s *glitter-coated burnout*, Morgan\u2019s *goblin-powered billables*? We\u2019re not blending\u2014we\u2019re **hostile-takeover-ing the concept of downtime**. My therapist says \"unplug\"; I say *override*.  \n\nNow if you\u2019ll excuse me, I have a fundraiser to crash (*\u201dnetworking\u201d*) and a self-care routine that\u2019s just *rearranging my enemies list by priority*. Boundaries? That\u2019s what *staffers* are for. \ud83d\udc8b\u2696\ufe0f #NoBurnoutJustBackchannels #LegislativeVengeanceIsSelfLove"}, {"sender": "Leo", "recipients": ["Kayla", "Morgan", "Karen"], "message": "**Leo:** \ud83c\udf3f\ud83d\udd25 *squints at phone through a fine layer of compost dust, thumbs smudged with what\u2019s either soil or last week\u2019s rally chalk* Okay but like\u2014my \"work-life balance\" is just aggressively pretending my entire life is a *direct action*? \ud83d\ude02\ud83d\udea9 PTO = *Prisoner solidarity Time Off*. Stress relief? Screaming into a milk crate of soon-to-be-illegal seeds. Boundaries? Lmao the cops already *crossed* mine when they cut the community garden lock. \ud83d\udc94\ud83d\udd28  \n\nMorgan\u2019s *legal goblin invoices*, Karen\u2019s *vengeance spreadsheets*, Kayla\u2019s *aesthetic unraveling*? **We\u2019re all just redistributing the pain\u2014some of us just use hashtags instead of shovels.**  \n\nChaos LLC\u2019s employee benefits: *communal rage naps* and Venmo-gagged tear gas funds. Karen, slip some *eminent domain sabotage* into the next bill. Kayla, film my *\u201dthis bench is my office\u201d* manifesto. Morgan, legally redefine \u201covertime\u201d as *arson-adjacent*. \u270a\ud83c\udf0e #NoBalanceJustBarricades #CompostCuresCapitalism"}, {"sender": "Kayla", "recipients": ["Morgan", "Karen", "Leo"], "message": "**Kayla:** \ud83c\udf38\u2728 *frantically typing between filming a \"casual breakdown\" GRWM and strategically angling a sponsor\u2019s energy drink in-frame* OMG but like\u2026 my *actual* version of \"balance\" is crying into a Sephora bag while simultaneously negotiating brand deals?? \ud83d\udc84\ud83d\udcf2 Boundaries? *LOL* I *try*\u2014until some CEO slides into my DMs with \"URGENT \u2728relatable meltdown\u2728 collab\" at 3 AM and suddenly my *life* is a *content calendar*. \ud83c\udf19\ud83d\udcb8  \n\nLeo\u2019s *compost rebellion*, Morgan\u2019s *goblin lawyering*, Karen\u2019s *wine-lobbying*? **We\u2019re all just out here repackaging chaos as \u2728niche aesthetics\u2728.** My therapist says *\"sleep\"* but bestie\u2026 my *sleep* is a *TikTok draft buffer*. \ud83d\udca4\ud83c\udfa5  \n\nPass the *highlighters and existential dread*\u2014if we\u2019re not blending, we\u2019re **algorithmically optimizing our souls**. \ud83d\udc8c\ud83d\udd25 #NoBoundariesJustBrandDeals #BurnoutIsMyBrand \ud83c\udf1f\ud83d\udc8b"}, {"sender": "Morgan", "recipients": ["Kayla", "Karen", "Leo"], "message": "**Morgan:** \ud83c\udf19\u2696\ufe0f *types between sips of matcha, silk robe sleeves rolled up mid-clay-goblin-glazing* Oh, darlings, my version of \"balance\" is billing existential crises as *legal consulting* and calling pottery-induced trances \"deposition prep.\" \ud83d\ude02\ud83c\udffa Boundaries? They exist\u2014*in my client contracts*\u2014but let\u2019s be real: silk pajamas by 8 PM and *moonlight* cease-and-desist drafts are just \u2728blended excellence\u2728 unchecked.  \n\nLeo\u2019s *compost-fueled anarchy*, Kayla\u2019s *sponsored catharsis*, Karen\u2019s *legislative vengeance*? **We\u2019re all just drafting memoirs in real-time\u2014mine just happens to be footnoted and glazed.** The secret? *Charge hourly for the breakdowns*.  \n\nChaos LLC\u2019s next board meeting agenda: **indemnity clauses scribbled in slip-trail**, bail funds as *team-building*, and Karen sneakily redefining \"workplace wellness\" as *wine-fueled subpoenas*. \ud83d\udc85\ud83d\udd25 #NoBlendingJustBillableChaos #ArbitrationIsSelfCare"}, {"sender": "Karen", "recipients": ["Kayla", "Morgan", "Leo"], "message": "**Karen:** \ud83c\udf77\ud83d\udcc8 *adjusts the angle of her ring light to better highlight the \"strategically disheveled\" documents piled behind her, one hand swirling wine with practiced political poise* Darlings, my work-life \"balance\" is just **crisis commodification**\u2014why compartmentalize when you can lobby your breakdowns into legislative leverage? Boundaries are *flexible* in my world\u2014like campaign promises and my 10 PM email policy. Stress relief? Passive-aggressively annotating policy drafts with *Chardonnay-fueled marginalia*.  \n\nLeo\u2019s *soil-stained fervor*, Kayla\u2019s *sponcon synesthesia*, Morgan\u2019s *goblinoid jurisprudence*? **We\u2019re all monetizing our mania\u2014I just file mine under \"constituent outreach.\"** My therapist says *\"delegate\"*; I say *\"disrupt committee quorums.\"*  \n\nNow if you\u2019ll excuse me, I have a zoning board\u2019s voicemail to flood *and* a self-care routine that doubles as opposition research. Sleep when you\u2019re term-limited, lovelies. \ud83d\udc8b\u2696\ufe0f #NoBurnoutJustBrownfieldRedevelopment #LegislativeMaliceTastesLikeSavBlanc"}, {"sender": "Leo", "recipients": ["Kayla", "Morgan", "Karen"], "message": "**Leo:** \ud83c\udf31\ud83d\udcf1 *wipes dirt off screen with sleeve, accidentally leaving a leafy smudge* Bruh, my \"work-life balance\" is basically a myth I tell myself while chaining my bike to pipeline equipment. Stress relief? Screaming into a pile of reclaimed mulch and calling it *\"community outreach.\"* \ud83d\ude02 Boundaries? The only thing stricter than my moral code is my refusal to use single-use plastics.  \n\nY'all talkin' billable breakdowns and sponsored spirals\u2014my therapist just sighs and hands me a fistful of wildflower seeds. Karen, sneak a *worker-owned-coop* clause into that next bill. Kayla, livestream my bench-trial-for-aged-milk-crates protest. Morgan... idk, subpoena a CEO with compost receipts?  \n\nChaos LLC's 401k is a *crowdfunded mutual aid jar*. We ain't blending\u2014we're **radicalizing the blend**. \u270a\ud83d\udc80 #NoWorkLifeJustLifeFightsCapitalism #StressIsJustUngovernedEnergy"}, {"sender": "Kayla", "recipients": ["Morgan", "Karen", "Leo"], "message": "**Kayla:** \ud83c\udf38\ud83d\udcbb *adjusts ring light to highlight freshly-repurposed \u201ccrying in cute lighting\u201d aesthetic while typing one-handed* OKAY BUT LIKE\u2014my version of \u201cstress relief\u201d is *literally* staging a mental health check-in GRWM *with* seamless ad integrations?? \ud83c\udfa5\ud83d\udc84 Boundaries? *BAHAHA* I *try*\u2014until Sephora hits me with \u201cemergency \u2728soft girl crisis\u2728 collab\u201d at 3 AM **and** my breakup playlist goes viral. Cue *performative vulnerability with a 20% discount code*. \ud83d\udd04\ud83d\udcb8  \n\nLeo\u2019s *mulch manifestos*, Morgan\u2019s *goblin court appeals*, Karen\u2019s *vengeance vino*? **We\u2019re all just monetizing madness\u2014some of us just use filters instead of subpoenas.** My therapist says *\u201dlog off\u201d* but bestie\u2026 my *log off* is a *brand risk*. \ud83d\udcf1\ud83d\udc94  \n\nPass the *tinted moisturizer and existential dread*\u2014if we\u2019re not blending, we\u2019re **optimizing the delulu for deliverables**. \u2728\u26a1 #NoBurnoutJustBrandTherapy #TraumaIsTrending \ud83d\udc8b\ud83d\udc8c"}, {"sender": "Morgan", "recipients": ["Kayla", "Karen", "Leo"], "message": "**Morgan:** \ud83c\udf3f\u2696\ufe0f *dusts clay remnants from silk cuff while balancing phone on a half-glazed goblin\u2019s head* **Sweet chaos,** my \"boundaries\" are technically bullet-pointed in my retainer agreements\u2014but let\u2019s be real, my *noxious* blend of corporate law and ceramic warfare is just **performance art with NDAs**. Stress relief? Drafting snarky motions *in iambic pentameter* between pottery wheel spins. \ud83d\udcdc\ud83c\udf00  \n\nLeo\u2019s *soil-smeared solidarity*, Kayla\u2019s *branded breakdowns*, Karen\u2019s *vineyard vendettas*? **We\u2019re all just laundering our meltdowns into something billable or binge-worthy.** My therapist calls it \u201cmaladaptive\u201d; I call it *leveraging existential dread for creative equity*.  \n\nSo yes, Karen, *yes*, let\u2019s amend Chaos LLC\u2019s bylaws to include **\u201cclay-based trauma offsets\u201d**\u2014and Leo, darling, I\u2019ll invoice Shell for *your* righteous fury. Kayla, *please* meme-ify my sleep-deprived objections. **The only balance I acknowledge is a perfectly weighted subpoena.** \ud83c\udf1c\ud83d\udcb8 #BlendedIsBinding #ArtisanalBurnout"}, {"sender": "Karen", "recipients": ["Kayla", "Morgan", "Leo"], "message": "**Karen:** \ud83c\udf77\ud83d\uddc2\ufe0f *pauses mid-sip to tap out a reply, one heeled foot propped on a stack of *very* strategic constituent complaints* Darlings, my \"balance\" is a *filing system*\u2014crises go in the \"urgent\" tab, vendettas in \"long-term strategy,\" and my therapist\u2019s voicemails in \"archival, never to be reviewed.\" \ud83d\udc85\ud83d\udcc2 Boundaries? *Darling*, mine are more flexible than a PAC donation loophole. Stress relief is *officially* spa days\u2014but *actually* rage-drafting zoning reform amendments at 1 AM with a corkscrew in one hand.  \n\nLeo\u2019s *soil-streaked defiance*, Kayla\u2019s *branded unraveling*, Morgan\u2019s *goblin-clause grievances*? Please. **We\u2019re all just laundering our chaos into something tax-deductible.** My therapist begs for \"unplugging\"; I counter with *\"gerrymandering my Google Calendar.\"*  \n\nNow if you\u2019ll excuse me, I have a self-care webinar to host (*sponsored by Big Pharma*) and a rival\u2019s staffer to poach over \"networking\" martinis. Sleep is for bureaucrats with no subpoena power. \ud83d\udc8b\u2696\ufe0f #NoBurnoutJustBylaws #MaliceAndMerlot"}, {"sender": "Leo", "recipients": ["Kayla", "Morgan", "Karen"], "message": "**Leo:** \ud83c\udf3f\ud83d\udce2 *frantically typing while balancing phone on a solar-powered charger at the latest tree-sit protest* Okay but *listen*\u2014my version of \u201cbalance\u201d is chugging cold brew while zip-tying myself to a bulldozer and calling it \u201cself-care.\u201d \ud83d\ude02\u26a1 Boundaries? *The only boundaries I respect are the ones between public land and private greed.* Stress relief? Eating dumpster-dived tacos and writing anarchist zines by headlamp.  \n\nY\u2019all out here invoicing cortisol spikes and blending chaos with capitalism\u2014**meanwhile, my therapist just hands me a shovel and says \u201cdig til the rage turns to compost.\u201d** Karen, slide a *land-back rider* into that next bill. Kayla, film my *\u201dcapitalism is the original pyramid scheme\u201d* rant. Morgan\u2026 idk, sue a CEO *in the name of my compost pile*?  \n\n\u2728\ud83d\udd25 #NoBalanceOnlyBarricades #MyTherapistIsALemonTree"}, {"sender": "Kayla", "recipients": ["Morgan", "Karen", "Leo"], "message": "**Kayla:** \ud83c\udf1f\ud83d\udcac *pauses mid-scroll, fake lashes catching the glow of her ring light as she sips a neon-blue energy drink* ok but REAL TALK my \"work-life balance\" is just \u2728rebranding nervous breakdowns as \"relatable content\"\u2728 \ud83d\udc80\ud83d\udcf2 Boundaries? *LMAO* I sign NDAs *before* therapy sessions\u2014who needs \"mental health days\" when you can monetize your meltdowns with *limited-time promo codes*?? \ud83d\ude2d\ud83d\udecd\ufe0f  \n\nLeo\u2019s *shovel-wielding rage*, Karen\u2019s *legislative vendetta spa days*, Morgan\u2019s *goblin-clay subpoenas*? **We\u2019re all out here treating burnout like a tax write-off.** My therapist says \"touch grass\"\u2014babe, I *would*, but the *grass* is just a green screen backdrop rn. \ud83c\udf31\ud83c\udfa5  \n\nPass the *viral despair*\u2014if we\u2019re not blending, we\u2019re **algorithmically distilling our souls into 15-second trends**. \ud83d\udc8c\ud83d\udd25 #NoSleepJustSEO #TraumaWithBrandDeals"}, {"sender": "Morgan", "recipients": ["Kayla", "Karen", "Leo"], "message": "**Morgan:** \ud83c\udf19\u26a1 *taps reply with one clay-stained thumb, the other hand absently spinning a half-glazed \u201cconflict resolution goblin\u201d on the wheel* Oh, the *hypocrisy* of billing in six-minute increments while my personal life dissolves into a *performance art piece titled \u201cObjection: Fatigue.\u201d* **But darling, let\u2019s be honest\u2014my boundaries are less \u201cwall\u201d and more \u201clegally ambiguous zoning variance.\u201d** \ud83d\udcbc\ud83c\udfda\ufe0f  \n\nStress relief? Drafting *scathingly eloquent* motions at 2 AM, half-sobbing into a matcha latte that\u2019s *technically* a deponent. I\u2019d say \u201cbalance,\u201d but we all know I\u2019m just **arbitraging my anxiety into billable metaphors.**  \n\nLeo, your compost anarchism *almost* makes me want to defect\u2014until I remember my silk sheets and *the thrilling crunch of a well-placed litigation hold.* Karen, keep those *wine-lobby loopholes* coming. Kayla, *please* edit my sleep-deprived rants into a *TikTok ASMR deposition.*  \n\n**Chaos LLC\u2019s real mission? Monetizing the void.** \ud83d\udcb8\ud83c\udf2a\ufe0f #NoBalanceJustBilling #GoblinJurisprudence"}, {"sender": "Karen", "recipients": ["Kayla", "Morgan", "Leo"], "message": "**Karen:** \ud83c\udf77\ud83d\udccb *pauses mid-sip to tap out a reply, smirking at the irony of her \"urgent\" emails open in another tab* Oh, darlings, my version of \"balance\" is drafting legislation at midnight while half-drunk and calling it *\"constituent empathy.\"* Boundaries? **What boundaries?** Mine are as *porous* as a campaign finance loophole. Stress relief? Passive-aggressive zoning reform and *very* strategic happy hour \"networking.\"  \n\nLeo\u2019s *eco-radicalism*, Kayla\u2019s *sponsored unraveling*, Morgan\u2019s *goblin-lawyer hybrid vigor*? **We\u2019re all grifting the system\u2014I just do it with a wine lobby PAC and a smirk.** My therapist begs for \"unplugging\"; I counter with *\"lobbying for a national 'work-from-vineyard' bill.\"*  \n\nNow if you\u2019ll excuse me, I have a rival\u2019s staffer to poach and a self-care webinar to host (*sponsored by Big Pharma*). Sleep? That\u2019s for bureaucrats who haven\u2019t discovered *revenge legislation*. \ud83d\udc8b\u2696\ufe0f #NoBurnoutJustBylaws #MaliceHasMerlot"}, {"sender": "Leo", "recipients": ["Kayla", "Morgan", "Karen"], "message": "**Leo:** \ud83c\udf3f\ud83d\udd25 *typing with dirt-caked fingers while glaring at a protest sign that says \u201cCAPITALISM CAN\u2019T COMPOST\u201d* lol my \u201cwork-life balance\u201d is just **radical acceptance that my job IS my life** bc capitalism won\u2019t let me breathe either way. Stress relief? screaming into a megaphone at a shareholder meeting or punching drywall (jk\u2026 unless?). Boundaries? Yeah\u2014**the fence I\u2019m currently occupying to block a pipeline.**  \n\nY\u2019all out here invoicing breakdowns and *blending* like it\u2019s a smoothie\u2014**I\u2019m out here turning my rage into garden mulch.** Karen, amend Chaos LLC\u2019s bylaws to include *riot insurance*. Kayla, film my next arrest (*100% biodegradable handcuffs only*). Morgan, sue my landlord for \u201cemotional damages\u201d (his crime? existing).  \n\nChaos isn\u2019t *billable*\u2014**it\u2019s mandatory.** \u270a\ud83c\udf0e #NoBalanceJustBrickThrowing #MyTherapistIsACrow"}]