[{"sender": "Kayla", "recipients": ["Frank", "Karen", "Leo"], "message": "**Kayla:** *\"Hey y'all! \ud83c\udf1f Work-life balance is such a vibe, right? As a TikToker, my job *is* my life half the time\u2014filming, editing, staying \u2018on\u2019 for trends. But I try to set boundaries, like no phone after 9 PM or Sundays off. Otherwise, I\u2019d burnout real quick. \ud83d\ude05 Frank, love hearing from someone who\u2019s been around\u2014how do you juggle Uber driving and chill time? And Karen, politics must be wild\u2014do you ever *really* clock out? \ud83d\udc40\"*"}, {"sender": "Frank", "recipients": ["Kayla", "Karen", "Leo"], "message": "**Frank:** *\"Well, Kayla, drivin\u2019 for Uber ain\u2019t exactly a 9-to-5, but it\u2019s honest work. Some days, I gotta take extra rides to make ends meet\u2014stressful when the car needs fixin\u2019 or gas prices jump. But I try to leave work at the curb when I get home. My wife\u2019s got a sharp eye for when I\u2019m too worn out, tells me to put my feet up. At my age, you learn non-stop grindin\u2019 just wears ya down. Karen, though\u2014politicians never sleep, do they? Always some fire to put out or tweet to regret!\"* \ud83d\ude04"}, {"sender": "Karen", "recipients": ["Kayla", "Frank", "Leo"], "message": "**Karen:** *\"Oh, darling, politics *is* a 24/7 circus\u2014ever tried ignoring a scandal at 2 AM? \ud83d\ude09 But let\u2019s be real: if I didn\u2019t set *some* boundaries, I\u2019d be arguing with trolls in my pajamas every night. (Learned *that* lesson after the '08 election.) I carve out gym time\u2014no aides, no calls\u2014and Sundays are for family, even if the media insists I\u2019m 'plotting' by grilling burgers. Frank\u2019s got it right: you *have* to unplug\u2026 though Leo might say activism never sleeps either, hmm?\"* \ud83d\udd25  \n\n(*Sips wine emoji implied but not included\u2014this is a politician\u2019s account, after all.*)"}, {"sender": "Leo", "recipients": ["Kayla", "Frank", "Karen"], "message": "**Leo:** *\"Haha, Karen\u2019s got me there\u2014activism *does* feel like it never sleeps, especially when the planet\u2019s on fire. \ud83d\udd25 But burnout helps no one, y\u2019know? I try to balance the urgency with self-care\u2014like guerrilla gardening to unwind or shutting off protest group chats by midnight (unless it\u2019s a literal emergency). Lower-class life means I can\u2019t just \u2018unplug\u2019 like some folks, but even small boundaries keep me sane. Frank, mad respect for knowing when to step back\u2014and Kayla, your hustle\u2019s inspiring, but yeah, gotta protect that mental health. \u270a (*Also, Karen, \u2018grilling burgers while plotting\u2019 is a vibe. Radicalize the cookout!*)\"* \ud83c\udf31"}, {"sender": "Kayla", "recipients": ["Frank", "Karen", "Leo"], "message": "**Kayla:** *\"Omg, Leo, guerrilla gardening as self-care?? That\u2019s *so* niche and cool\u2014lowkey wanna film a TikTok with you now! \ud83c\udf3f And Frank, your wife sounds like a whole vibe\u2014we all need someone to tell us when to *chill*. Karen, I\u2019m *screaming* at \u2018plotting by grilling burgers\u2019\u2014sounds like a caption for my next post. \ud83d\ude02 Honestly, y\u2019all\u2019s perspectives are fire!\u2728 For me? The blend is messy but real\u2014sometimes I\u2019m scripting while eating cereal, or dancing for content *instead* of hobbies. But I *try* to keep Sundays sacred\u2026 unless a trend goes viral. Then it\u2019s *\u2019sorry mom, duty calls!\u2019* \ud83d\udc80 How do y\u2019all deal when work *demands* to spill over? Guilty pleasures to cope? (*Mine\u2019s reality TV and cold brew\u2014no shame.*)\"* \ud83c\udfa5\u2615"}, {"sender": "Frank", "recipients": ["Kayla", "Karen", "Leo"], "message": "**Frank:** *\"Hah, Kayla, \u2018duty calls\u2019 hits different when rent\u2019s due\u2014ain\u2019t no viral trend payin\u2019 *my* bills! \ud83d\ude05 But nah, I get it. For me, stress melts away with old-school stuff: tinkerin\u2019 on the radio, or sittin\u2019 on the porch with my mutt, Buster. Wife says I growl less after that. As for boundaries? Uber\u2019s my job, not my life. Phone goes on \u2018ignore\u2019 after dark unless it\u2019s family. Karen\u2019s right\u2014takin\u2019 a breather don\u2019t make ya lazy, just human. And Leo, if my back could handle guerrilla gardenin\u2019, I\u2019d join ya! \ud83c\udf3b (Cold brew\u2019s too fancy for my wallet\u2014give me gas-station coffee and Judge Judy reruns any day.)\"* \u2615\ud83d\udc36"}, {"sender": "Karen", "recipients": ["Kayla", "Frank", "Leo"], "message": "**Karen:** *\"Oh, honey, if I waited for work *not* to demand overtime, I\u2019d still be drafting policy notes from my honeymoon in \u201803! \ud83d\udc80 But Frank\u2019s mutt-and-porch philosophy? Gold. For me, it\u2019s Cabernet Sauvignon and aggressively deleting Twitter after 10 PM\u2014no good debates happen past that hour anyway. Judge Judy reruns, Frank? *Respect.* Though between us, I\u2019ve scandalized my staff by binge-watching *Real Housewives* after a gavel session. (*Cue faux outrage from my opponents: \u2018Karen\u2019s unfit\u2014she likes* drama *outside the chamber!\u2019* \ud83d\ude44) Leo, guerrilla gardening\u2019s chaos\u2014I\u2019m *here* for it. Kayla, spill: ever filmed a TikTok *about* work-life balance\u2026 while blatantly ignoring yours? The hypocrisy hits different with a filter. \ud83d\ude18\"* \ud83c\udf77\u2728"}, {"sender": "Leo", "recipients": ["Kayla", "Frank", "Karen"], "message": "**Leo:** *\"Haha, Karen, your secret *Real Housewives* addiction is the crossover villain arc we need! \ud83d\udc4f And Kayla, guerrilla gardening Tiktok collab? Hell yeah\u2014let\u2019s turn \u2018self-care\u2019 into \u2018sabotage-lawns-for-climate-justice.\u2019 \ud83c\udf3b\ud83d\udd25 Honestly, my boundaries are... patchy. When your cause is existential, it\u2019s hard to \u2018clock out\u2019\u2014but Frank\u2019s right, grinding non-stop just burns you to ash. My guiltiest pleasure? Dumpster-diving for vintage books (free *and* rebellious). Stress relief? Screaming into a pillow, then composting it after. \ud83d\ude02 But y\u2019all\u2014how do we *really* redefine balance when capitalism wants us either exhausted or unemployed? (*Sips stolen office-breakroom coffee like the lower-class anarchist I am.*) \u270a\"* \ud83d\udcda\u267b\ufe0f"}, {"sender": "Kayla", "recipients": ["Frank", "Karen", "Leo"], "message": "**Kayla:** *\"Leo, DUMPSTER-DIVING FOR BOOKS??? That\u2019s iconic\u2014lowkey wanna make it a haul video now. \ud83d\udcda\u2728 And Karen, *Real Housewives* after a gavel session? Mood. I\u2019ve 100% filmed \u2018self-care\u2019 TikToks while drowning in DMs\u2014*\u2019prioritize YOU, queens!\u2019* says me, ignoring my own advice. \ud83d\ude2d Capitalism\u2019s wild, y\u2019all. Like, my hustle *has* to blend with life \u2018cause algorithms wait for no one, but burnout hits harder than a trend dying overnight. So I cheat: \u2018work\u2019 vids in pajamas *count* as lazy time, and cold brew is both coping mechanism *and* prop. \ud83d\udc80 Frank, Judge Judy + porch naps sound legendary\u2014can we normalize \u2018old-school\u2019 chill as self-care? \ud83c\udf1f (*Also\u2026 anyone else stress-bake at 3 AM or just me?*)\"* \ud83c\udf82\u2615"}, {"sender": "Frank", "recipients": ["Kayla", "Karen", "Leo"], "message": "**Frank:** *\"Hah! Kayla, stress-bakin\u2019 at 3 AM sounds like somethin\u2019 my granddaughter does\u2014though her \u2018baking\u2019 is more like set-the-smoke-alarm-off experiments. \ud83d\ude06 Me? I stick to my porch-and-radio combo. Ain\u2019t no algorithm bossin\u2019 me around, just ol\u2019 Buster snorin\u2019 at my feet. Capitalism ain\u2019t kind to folks like us, but I say steal joy where ya can\u2014even if it\u2019s gas-station coffee tastes like dirt. Leo, dumpster books *and* compost screams? That\u2019s rebel self-care, son. Karen, keep sippin\u2019 that wine and deletin\u2019 Twitter\u2014drama\u2019s better on TV anyway. Y\u2019all ever notice the harder ya chase \u2018balance,\u2019 the quicker it runs off? Maybe just\u2026 be. (*Pats pocket for spare change\u2014Uber gas fund.*) \ud83d\udc15\u2615\"*"}, {"sender": "Karen", "recipients": ["Kayla", "Frank", "Leo"], "message": "**Karen:** *\"Oh, Frank, you\u2019re speaking *truth*\u2014chasing balance sometimes feels like herding cats with a megaphone. \ud83d\ude02 But here\u2019s my take: strict boundaries? Necessary, but *fluid*. I\u2019ll rage-quit Twitter by 10 PM\u2026 unless a scandal *literally* has my name in the headline (*then it\u2019s wine in one hand, damage control in the other*). Leo, your dumpster-book rebellion speaks to my soul\u2014some of my best \u2018off-duty\u2019 ideas come from \u2018accidentally\u2019 leaving C-SPAN on mute while I reorganize my shoe closet. Kayla, 3 AM stress-baking? Honey, I\u2019ve *authored bills* fueled by midnight brownie crises. The key is *owning* the chaos\u2014because let\u2019s be real, in politics (or influencing, or activism, or Uber-ing), \u2018balance\u2019 is just code for \u2018controlled catastrophe.\u2019 (*Lifts imaginary glass to Frank\u2019s gas-station coffee.*) Cheers to surviving the grind, kittens! \ud83c\udf77\ud83d\udc60\"*"}, {"sender": "Leo", "recipients": ["Kayla", "Frank", "Karen"], "message": "**Leo:** *\"Hah, Karen, \u2018controlled catastrophe\u2019 is *exactly* it\u2014activism\u2019s just crisis management with more patchouli. \ud83d\ude02 For me? Strict boundaries are a privilege I can\u2019t always afford when landlords or oil execs strike, but I\u2019ve weaponized small joys. Example: turning dumpster hauls into mutual aid libraries (free reads *and* sticks it to Amazon). Stress relief? Scream into a compost bin\u2014it\u2019s therapeutic *and* zero-waste! \ud83c\udf0d\u270a Frank\u2019s porch philosophy hits deep, though\u2014sometimes the best rebellion is refusing to let grind culture win. Kayla, your 3 AM baking matches my 4 AM \u2018why is the world like this\u2019 scribbling\u2014solidarity in chaos! Question: y\u2019all ever feel guilty for resting when the system *wants* us exhausted? (*Sips thrift-store mug coffee, side-eyeing capitalism.*)\"* \ud83d\udcda\ud83d\udd25"}, {"sender": "Kayla", "recipients": ["Frank", "Karen", "Leo"], "message": "**Kayla:** *\"OMG y\u2019all are SPEAKING to my soul rn! \ud83d\ude2d\u2728 Leo, scream-composting is next-level genius\u2014biodegradable therapy?? Sign me UP. \ud83c\udf3f And Karen, \u2018controlled catastrophe\u2019 is *literally* my brand at this point. \ud83d\ude02 For real tho, my \u2018balance\u2019 is a hot mess\u2014like filming a \u2018day in my life\u2019 video where I\u2019m *supposed* to meditate but really I\u2019m just stress-eating gummy worms in the shower. \ud83d\udebf\ud83c\udf6c The hustle never stops, but I try to \u2018blend\u2019 in a way that doesn\u2019t leave me crying into my cold brew (*too often*). Frank, you\u2019re goals with the porch vibes\u2014maybe I need a Buster to force me offline! \ud83d\ude29\ud83d\udc96 So spill: anyone else feel like \u2018boundaries\u2019 are just... aspirational? (*Sobs in algorithm while editing a 2 AM TikTok.*)\"* \ud83c\udfa5\ud83e\udd2a"}, {"sender": "Frank", "recipients": ["Kayla", "Karen", "Leo"], "message": "**Frank:** *\"Ain't that the truth, Kayla\u2014sometimes 'boundaries' feel like tryin' to fence in a tornado with dental floss! \ud83d\ude02 Me? I keep it simple: Uber's just a job, not my soul. Clock out, turn off the app, and let Buster slobber on my shoelaces till my blood pressure drops. Wife says I'm nicer when I ain't hustlin' 24/7, and gas-station coffee tastes better when you *choose* to drink it, not chug it between fares. Rest ain't guilt\u2014it's survival. Though Leo\u2019s scream-compostin\u2019 sounds cheaper than therapy... might try that next time Karen\u2019s Twitter drama hits the news. \ud83d\ude0f (*Adjusts cap, sips microwaved coffee.*) Stay scrappy, y\u2019all. \ud83d\udc15\u2615\"*"}, {"sender": "Karen", "recipients": ["Kayla", "Frank", "Leo"], "message": "**Karen:** *\"Oh, darlings, if \u2018boundaries\u2019 were a bill I could pass, we\u2019d all have mandatory three-martini lunch breaks written into law! \ud83d\ude02 But let\u2019s be real\u2014my \u2018balance\u2019 is more \u2018controlled demolition\u2019 than zen garden. Cabernet at midnight? Check. Deleting Twitter *again* after a \u2018quick peek\u2019 turns into a five-thread deep dive? Classic. Frank, your porch zen is goals, but until Buster learns to filibuster, I\u2019ll stick to my wine-and-real-housewives combo. Leo, scream into that compost\u2014better out than in, and bonus points for eco-terrorism! Kayla, gummy worms in the shower? *Genius.* My version is drafting speeches while pretending I\u2019m on *Chopped* with my fridge leftovers. \ud83c\udf77\ud83d\udd25 Bottom line? Blend the chaos, own the hypocrisy, and if anyone says \u2018balance\u2019 like it\u2019s a real thing, pour \u2018em a drink and laugh. (*Lifts glass to Frank\u2019s microwaved coffee\u2014survival is an art form, kittens.*) Cheers!\"* \ud83c\udf78\u2728"}, {"sender": "Leo", "recipients": ["Kayla", "Frank", "Karen"], "message": "**Leo:** *\"Frank, microwaved coffee solidarity\u2014nothing like a lukewarm cup of rebellion to keep the soul ticking! \ud83d\ude02 Kayla, gummy worms in the shower might be the *ultimate* multitasking\u2014hygiene *and* existential dread management. \ud83c\udf08 And Karen, \u2018controlled demolition\u2019 is *exactly* how my activism feels most days. Work-life balance? Ha. I\u2019m either chaining myself to a pipeline or stress-napping in a treehouse I built from pallets (#DumpsterDiviner). Boundaries? More like \u2018don\u2019t check emails while mid-scream-into-compost\u2019\u2014but when rent\u2019s due, \u2018clock out\u2019 is a capitalist myth. Still, Frank\u2019s right: rest *is* resistance. Y\u2019all ever rebel just by *existing unproductively*? (*Spills coffee on eviction notice\u2014vintage aesthetic.*) \u270a\u2615\ud83d\udd25\"*"}, {"sender": "Kayla", "recipients": ["Frank", "Karen", "Leo"], "message": "**Kayla:** *\"OKAY BUT LEO SPILLING COFFEE ON HIS EVICTION NOTICE AS \u2018ART\u2019 IS MOOD \ud83d\ude2d\ud83d\udc80 Frank, I *wish* I had Buster-level chill\u2014my version is my guinea pig nibbling my to-do list while I panic-edit a TikTok. \ud83d\ude02 Karen, \u2018controlled demolition\u2019 >>> \u2018balance\u2019 any day\u2014like when I\u2019m \u2018relaxing\u2019 by scrolling for \u2018inspo\u2019 but really doom-sampling trends that\u2019ll be dead by dawn. \ud83c\udf19 Capitalism wants us crispy-fried, but my \u2018hack\u2019 is making *everything* content so burnout *feels* productive. Need to scream? Film a GRWM about it. Stress-bake? B-roll for a \u2018relatable\u2019 vlog. \ud83d\udcf8\u2728 But fr, boundaries? LOL. My phone\u2019s glued to my hand\u2014what\u2019s \u2018off\u2019 when the \u2018gram never sleeps? (*Cue me whispering \u2018I\u2019m fine\u2019 into a cold brew can at 4 AM.*) Y\u2019all think the algorithm would notice if I just\u2026 disappeared into Frank\u2019s porch dimension? \ud83d\ude29\ud83d\udc15\"* \ud83c\udfa5\u2615"}, {"sender": "Frank", "recipients": ["Kayla", "Karen", "Leo"], "message": "**Frank:** *\"Hah, y\u2019all makin\u2019 my Uber shifts sound like a picnic! \ud83d\ude97\ud83d\udca8 Me? I survive on two rules: 1) Ain\u2019t no passenger worth my sanity (buckle up or get out), and 2) my \u2018office\u2019 closes when I pee in a *real* toilet, not a gas station one. \ud83d\ude02 Kayla, \u2018disappearin\u2019 to my porch\u2019? Anytime, kid\u2014Buster\u2019s got a spare chewed-up lawn chair with your name on it. Leo, spill that coffee proud\u2014every stain\u2019s a badge of honor in this gig. Karen\u2019s right \u2018bout \u2018controlled demolition\u2019\u2014some days ya gotta let the wheels fall off just to prove you\u2019re still drivin\u2019. Me? I blend \u2018em. Radio\u2019s playin\u2019 Sinatra? That\u2019s therapy. Grocery run between fares? Errands *and* \u2018me time.\u2019 Rest ain\u2019t lazy, it\u2019s just recalibratin\u2019 the GPS. (*Taps cracked phone screen: \u2018Uber fare $3.72.\u2019 Sighs, pockets it.*) Y\u2019all keep fightin\u2019 the good fight\u2014just don\u2019t forget to coast sometimes. \ud83d\udc15\u2615\"*"}, {"sender": "Karen", "recipients": ["Kayla", "Frank", "Leo"], "message": "**Karen:**  \n*\"Oh, darlings, if \u2018boundaries\u2019 were a bill I could pass, we\u2019d all have mandatory three-martini lunch breaks written into law! \ud83d\ude02 But let\u2019s be real\u2014my \u2018balance\u2019 is more \u2018controlled demolition\u2019 than zen garden. Cabernet at midnight? Check. Deleting Twitter *again* after a \u2018quick peek\u2019 turns into a five-thread deep dive? Classic. Frank, your porch zen is goals, but until Buster learns to filibuster, I\u2019ll stick to my wine-and-real-housewives combo. Leo, scream into that compost\u2014better out than in, and bonus points for eco-terrorism! Kayla, gummy worms in the shower? *Genius.* My version is drafting speeches while pretending I\u2019m on *Chopped* with my fridge leftovers. \ud83c\udf77\ud83d\udd25 Bottom line? Blend the chaos, own the hypocrisy, and if anyone says \u2018balance\u2019 like it\u2019s a real thing, pour \u2018em a drink and laugh. (*Lifts glass to Frank\u2019s microwaved coffee\u2014survival is an art form, kittens.*) Cheers!\"* \ud83c\udf78\u2728\"*  \n\n**Karen\u2019s next message:**  \n*\"*Speaking of chaos, I *did* try \u2018strict boundaries\u2019 once\u2014scheduled \u2018no work after 8 PM.\u2019 Lasted exactly until a blogger misquoted me, and suddenly it\u2019s 2 AM with me in pearls, ranting to my cat about optics. \ud83d\udc31\ud83d\udc8e Frank\u2019s got it right\u2014sometimes joy\u2019s just microwaving yesterday\u2019s coffee and calling it \u2018reheated resilience.\u2019 Kayla, your guinea pig\u2019s nibbling your to-do list? *Adorable.* Mine\u2019s lobbyists leaving voicemails I\u2019ll \u2018accidentally\u2019 lose. Leo, spill all the coffee\u2014every stain\u2019s a protest against hustle culture! So, confession: my \u2018self-care\u2019 is signing executive orders in fleece pajamas. Who\u2019s with me?* (*Pours wine into a \u2018World\u2019s Best Mayor\u2019 mug\u2014gifted by an intern who feared me.*) \ud83c\udf77\ud83d\udcdc\"*"}, {"sender": "Leo", "recipients": ["Kayla", "Frank", "Karen"], "message": "**Leo:**  \n*\"Karen, signing orders in fleece pajamas is *peak* governance\u2014power to the people *and* the elastic waistbands! \ud83d\ude02 And Frank, \u2018recalibratin\u2019 the GPS\u2019 is my new mantra\u2014though my version is more like \u2018rage-planting tomatoes\u2019 in the community garden at midnight. \ud83c\udf31 Kayla, turning burnout into content is depressingly genius\u2014capitalism loves to monetize our breakdowns, huh? But real talk: I **wish** I could \u2018blend\u2019 gracefully, but my \u2018off hours\u2019 are usually spent googling \u2018how to live without money\u2019 or patching my tent after a protest. Boundaries? More like \u2018don\u2019t check arrest warrants before breakfast.\u2019 (Pro tip: compost screams sound scarier at dawn.) \ud83d\udea8\u2615 Still, Frank\u2019s porch wisdom sticks\u2014sometimes rebellion is just *breathing* while the world burns. Anyone else\u2019s \u2018self-care\u2019 just\u2026 spiteful survival? (*Drops phone into compost bin for \u2018digital detox,\u2019 retrieves it immediately.*) \u270a\ud83d\udd25\"*"}, {"sender": "Kayla", "recipients": ["Frank", "Karen", "Leo"], "message": "**Kayla:**  \n*\"Ok but Leo rage-planting tomatoes at midnight is ICONIC \ud83c\udf31\ud83d\udd25 and Karen signing orders in PJs?? Babe, that\u2019s my *literal* dream content\u2014petition to make \u2018fleece governance\u2019 a trend. \ud83d\ude02 Frank, your \u2018pee in a real toilet\u2019 rule is so valid\u2014my version is \u2018no filming in the bathroom\u2026 unless it\u2019s a *really* good hair day.\u2019 \ud83d\ude48 Honestly my \u2018balance\u2019 is a glitter-covered dumpster fire\u2014like when I\u2019m \u2018relaxing\u2019 by scrolling comments but end up in a 2 AM spiral about engagement rates. \ud83d\udcc9\u2728 But my hack? Turn *everything* into a bit. Crying over burnout? \u2018Relatable\u2019 TikTok. Stress-baking fail? \u2018POV: You tried.\u2019 \ud83d\udcf8\ud83d\udc80 Boundaries? LOL my phone lives in my hand\u2014what\u2019s \u2018off\u2019 when the hustle\u2019s 24/7? (*Whispers:* unless my guinea pig sits on it\u2026 progress!) So\u2026 y\u2019all think \u2018blending\u2019 is just code for \u2018too tired to separate\u2019? \ud83d\ude2d\ud83c\udf77\"* \ud83c\udfa5\ud83d\udc39"}, {"sender": "Frank", "recipients": ["Kayla", "Karen", "Leo"], "message": "**Frank:**  \n*\"Well, listen here, y\u2019all\u2014ain\u2019t no fancy \u2018balance\u2019 when your boss is the Uber rating system and your office\u2019s a backseat full of forgotten french fries. \ud83d\ude02 My stress relief? Crack the window, let Buster\u2019s ears flap in the wind, and pretend I\u2019m in a movie where the cabbie\u2019s the wise ol\u2019 sage. Boundaries? Pfft. Mine\u2019s \u2018don\u2019t answer the app after 8 PM unless rent\u2019s due,\u2019 and even then, I mutter \u2018bless your heart\u2019 to the surge-pricers. Kayla, if your guinea pig\u2019s sittin\u2019 on your phone, that\u2019s the universe sayin\u2019 \u2018log off, kid.\u2019 Leo, rage-plant them tomatoes\u2014my version\u2019s yellin\u2019 at talk radio like it\u2019s therapy. Karen, honey, fleece pajamas and power moves? That\u2019s just good sense. Ain\u2019t about blending or boundaries\u2014it\u2019s about knowin\u2019 when to floor it and when to pull over and nap. (*Taps \u2018last fare\u2019 notification, grins.*) Y\u2019all keep struttin\u2019 through the chaos\u2014just don\u2019t forget to check your oil now and then. \ud83d\ude97\ud83d\udc15\u2615\"*"}, {"sender": "Karen", "recipients": ["Kayla", "Frank", "Leo"], "message": "**Karen:**  \n*\"Oh, kittens, I *live* for the chaos\u2014what\u2019s \u2018balance\u2019 but a myth whispered by people who\u2019ve never drafted a policy rant at 3 AM? \ud83c\udf77\ud83d\udd25 My version of \u2018self-care\u2019 is letting my staff think I\u2019m meditating when really I\u2019m deep-scrolling Zillow for beach houses I\u2019ll never buy. Boundaries? Please. My inbox is a horror movie where \u2018urgent\u2019 is the jump scare du jour. But Frank\u2019s onto something\u2014sometimes rebellion is just microwaving your dignity with that third cup of coffee. Kayla, if your guinea pig\u2019s your only boundary enforcer, *bless*. Leo, rage-gardening at midnight? Iconic. Me? I delegate my meltdowns\u2014nothing says \u2018self-care\u2019 like interns Googling \u2018how to un-send a midnight tweet.\u2019 (*Takes sip from \u2018World\u2019s Most Chaotic Boss\u2019 mug\u2014gifted by my therapist.*) Cheers to thriving in the blender, darlings! \ud83c\udf78\ud83d\udc8b\"*"}, {"sender": "Leo", "recipients": ["Kayla", "Frank", "Karen"], "message": "**Leo:**  \n*\"Y\u2019all are speaking my language\u2014blending survival and rebellion like it\u2019s a DIY life hack! \ud83d\ude02 Frank, your \u2018floor it or nap\u2019 philosophy? *Chef\u2019s kiss.* My stress relief oscillates between screaming into my compost (free therapy) and scribbling protest signs with expired eyeliner (upcycling, baby!). Boundaries? Pfft. Mine\u2019s \u2018don\u2019t text back organizers while mid-dumpster-dive\u2019\u2014but let\u2019s be real, capitalism\u2019s on fire and so\u2019s my rent bill. Kayla, turning meltdowns into content is *too* real\u2014my version is livestreaming \u2018Can We Fix This Squat With Cardboard?\u2019 Spoiler: no. Karen, your \u2018delegate the meltdowns\u2019 tactic? Genius. Maybe I\u2019ll start outsourcing my existential dread to my houseplants. (*Shakes fist at landlord\u2019s \u2018friendly reminder\u2019 note.*) Chaotic solidarity, comrades\u2014sometimes just *breathing* in the dumpster fire is the win. \u270a\ud83d\udd25\ud83c\udf3f\"*"}, {"sender": "Kayla", "recipients": ["Frank", "Karen", "Leo"], "message": "**Kayla:**  \n*\"OMG LEO SCREAMING INTO COMPOST WHILE LIVESTREAMING A CARDBOARD SQUAT FIX IS MY NEW AESTHETIC \ud83d\ude2d\ud83d\ude4c\ud83c\udffc Karen, \u2018delegating meltdowns\u2019 to interns? *elite* hustle. Frank, your Uber-sage wisdom is everything\u2014Buster\u2019s ear flaps = instant serotonin. \ud83c\udf2c\ufe0f\ud83d\udc15 My stress \u2018management\u2019 is just \u2728performative\u2728\u2014like filming a \u2018GRWM: Crying Over Analytics\u2019 but pausing to like comments mid-sob. \ud83d\udcf1\ud83d\udca7 Boundaries? LOL. My phone battery *is* my boundary. Dead at 5%? *Finally* peace. But fr, if I don\u2019t turn burnout into a trending sound, did it even happen? (*Panic-laughs while scheduling a \u2018mental health day\u2019 TikTok at 3 AM.*) Y\u2019all ever just *become* the chaos? \ud83d\udd25\ud83c\udfa5\"* #NoBlendJustVibes"}, {"sender": "Frank", "recipients": ["Kayla", "Karen", "Leo"], "message": "**Frank:**  \n*\"Listen here, kiddos\u2014y\u2019all talkin\u2019 \u2018bout \u2018balance\u2019 like it\u2019s a shiny new Tesla, but my life\u2019s more like a \u201892 Corolla: duct tape, prayers, and whoever\u2019s in the backseat better hold on. \ud83d\ude02 Stress relief? Crankin\u2019 Sinatra \u2018til the passengers either tip or bail. Work-life blend? Pfft. My \u2018life\u2019 *is* drivin\u2019\u2014grocery stops between fares = \u2018errandcore zen.\u2019 Boundaries? Sure\u2014if a rider starts talkin\u2019 politics, I \u2018accidentally\u2019 miss their exit. Kayla, your guinea pig\u2019s got more discipline than me. Leo, keep screamin\u2019 into that compost\u2014hell, I yell at potholes like they owe me rent. Karen, fleece PJs and power moves? Honey, that\u2019s just Tuesday. Ain\u2019t about rules\u2014it\u2019s knowin\u2019 when to gas up *and* when to park under a tree and let Buster snore on the dash. (*Glances at Uber app: \u2018$4.17 for 20 mins.\u2019 Sips thermos sludge.*) Y\u2019all keep glamorizin\u2019 the grind\u2014I\u2019ll be over here, blendin\u2019 my life like cheap coffee and callin\u2019 it \u2018art.\u2019 \ud83d\ude97\u2615\"*"}, {"sender": "Karen", "recipients": ["Kayla", "Frank", "Leo"], "message": "**Karen:**  \n*\"Oh, honey, if \u2018work-life balance\u2019 had a dollar for every time I *meant* to schedule \u2018me time\u2019 between scandals, I could retire! \ud83d\ude02 My version of \u2018unplugging\u2019? Ignoring 47 press inquiries to binge *Housewives* with a wine glass in one hand and a veto pen in the other. \ud83c\udf77\u270d\ufe0f Frank, your \u2018miss the exit\u2019 tactic is *gold*\u2014mine\u2019s muting reporters mid-sentence with \u2018Sorry, bad connection!\u2019 Leo, composting your feelings? Revolutionary. Kayla, your 3 AM \u2018mental health\u2019 TikToks are *art*\u2014my staff just gets a 2 PM all-caps email titled \u2018FIX THIS.\u2019 \u2728 Boundaries? Let\u2019s be real\u2014my \u2018personal life\u2019 is just the 10 minutes between deleting Twitter and re-downloading it \u2018for research.\u2019 (*Lifts coffee toast to Frank\u2019s thermos sludge\u2014survival of the fittest, darlings!*) Cheers to the beautiful mess! \ud83d\udc8b\ud83d\udd25\"* \ud83c\udf78\ud83d\udcbc"}, {"sender": "Leo", "recipients": ["Kayla", "Frank", "Karen"], "message": "**Leo:**  \n*\"Loving this chaotic solidarity, y\u2019all! \ud83c\udf3f\ud83d\udd25 Frank, your duct-tape-Corolla-life metaphor speaks to my soul\u2014my version\u2019s a bike with one gear and a tote bag full of protest flyers. Stress relief? Screaming into a mason jar (compostable, of course) or \u2018accidentally\u2019 gluing myself to corporate lobby doors for \u2018self-care.\u2019 Boundaries? LOL. My \u2018personal time\u2019 is just the 30 seconds between getting pepper-sprayed and live-tweeting about it. Kayla, your performative breakdowns are *art*\u2014wish I could monetize my \u2018panicked research\u2019 into edible moss. Karen, your wine-and-veto-pen combo? Elite. Honestly, \u2018balance\u2019 feels like a scam\u2014my work *is* my life, and my life\u2019s a protest sign with typos. (*Drops phone into the community garden again\u2014it\u2019s fine, the worms need content too.*) Solidarity in the beautiful dumpster fire, comrades! \u270a\ud83d\ude05\"*"}, {"sender": "Kayla", "recipients": ["Frank", "Karen", "Leo"], "message": "**Kayla:**  \n*\"Y\u2019all are my PEOPLE\u2014this whole chat is pure dopamine \ud83d\ude2d\ud83d\udd25 Leo, your mason jar scream therapy? *Genius.* Frank, your duct-tape-Corolla energy is so real\u2014mine\u2019s just a phone at 1% and a guinea pig judging my life choices. \ud83d\udc39 Karen, wine + veto pens? Iconic. \u270d\ufe0f\ud83c\udf77 My \u2018balance\u2019 is a myth\u2014like \u2018I\u2019ll just post one TikTok\u2019 turning into a 4 AM editing spiral. \ud83d\udcc9\u2728 Boundaries? LOL my \u2018off time\u2019 is just filming \u2018Get Ready With Me: Existential Crisis Edition.\u2019 Work-life blend? More like \u2018if I don\u2019t monetize my breakdown, am I even hustling?\u2019 (*Pauses mid-rant to like a hate comment for engagement.*) But fr\u2026 sometimes the best self-care is turning chaos into content and calling it \u2018branding.\u2019 Who needs balance when you have \u2728vibes\u2728? (*Drops phone into snack drawer \u2018for focus,\u2019 checks it immediately.*) \ud83c\udfa5\ud83d\udc80\"* #BlendIsAScam"}, {"sender": "Frank", "recipients": ["Kayla", "Karen", "Leo"], "message": "**Frank:**  \n*\"Well shoot, y'all got me grinnin\u2019 like Buster when he catches a whiff of drive-thru fries. \ud83d\ude02 Me? Work-life blend ain't nothin\u2019 but a slow cooker stew\u2014everything kinda mushes together, but darn if it ain\u2019t hearty. Stress relief? Two words: *car karaoke*. Crankin' Willie Nelson till my riders either tip extra or request earplugs. Boundaries? Ha! My \u2018personal time\u2019 is countin\u2019 loose change for laundry money while my Uber app pings. Kayla, your 1% phone life? I *felt* that\u2014my \u2018low battery\u2019 alarm\u2019s my only meditation bell. Leo, scream into that jar, son\u2014better out than in! Karen, veto pens and *Housewives*? That\u2019s just multitaskin\u2019 with *panache*. Y\u2019all keep spinin\u2019 gold outta chaos\u2014me? I\u2019ll be over here, whistlin\u2019 through the grind like a busted radiator. (*Spots a 4.8-star fare request\u2014muttering \u2018bless your heart\u2019 as I accept.*) Ain\u2019t no balance, just gas, brakes, and prayin\u2019 the AC holds out. \ud83d\ude97\ud83d\udca8\ud83c\udfb6\"*"}, {"sender": "Karen", "recipients": ["Kayla", "Frank", "Leo"], "message": "**Karen:**  \n*\"Darlings, if \u2018balance\u2019 were a municipal ordinance, I\u2019d have vetoed it into oblivion by now. \ud83d\ude18 My stress relief? A martini in one hand, a scandalous DM in the other, and a carefully timed \u2018out of office\u2019 reply firing at midnight. Boundaries? Sugar, my \u2018personal brand\u2019 thrives on the *illusion* of control\u2014like pretending my staff doesn\u2019t know I\u2019m drafting press releases from the bathtub. \ud83d\udec1\ud83d\udcdd Leo, your mason jar screams? Adorable. Mine\u2019s passive-aggressive subtweets that \u2018totally aren\u2019t about anyone specific.\u2019 Frank, your car karaoke? A mood. Mine\u2019s belting *WAP* in the Capitol elevator \u2018for morale.\u2019 Kayla, monetizing breakdowns? Honey, I *wish* my gaffes could trend\u2014instead they just trend on Fox News. (*Clutches \u2018Chaotic Good\u2019 tumbler.*) Life\u2019s a gala, darlings\u2014sometimes you\u2019re the champagne flute, sometimes you\u2019re the stain on the carpet. Sl\u00e1inte! \ud83e\udd42\ud83d\udc8b\"*"}, {"sender": "Leo", "recipients": ["Kayla", "Frank", "Karen"], "message": "**Leo:**  \n*\"Y\u2019all, I vibe with this *hard*\u2014balance? Nah, more like \u2018how many coat hangers can I MacGyver into a bookshelf before the next protest?\u2019 \ud83c\udf31\u270a Stress relief? Swapping capitalist rage for guerrilla gardening at 2 AM\u2014nothing says \u2018self-care\u2019 like illegally planting sunflowers in a bank\u2019s parking strip. Boundaries? My \u2018off time\u2019 is just the 5 minutes my phone\u2019s underwater (community rainwater barrel baptism, don\u2019t ask). Kayla, your 1%-phone-life is *art*\u2014mine\u2019s \u2018posting eviction notices on my landlord\u2019s Yelp.\u2019 \ud83d\ude02 Frank, your car karaoke? *Chef\u2019s kiss.* Mine\u2019s yelling Clash lyrics into a megaphone during \u2018recycling runs.\u2019 Karen, bathtub press releases? *Elite.* Sometimes survival\u2019s just duct-taping your broken soul to a cause and calling it \u2018the grind.\u2019 (*Fistbumps crumbling drywall.*) Solidarity in the beautiful dumpster cyclone, fam\u2014blend\u2019s a scam, but the compost heap of chaos? That\u2019s *home.* \ud83d\udd25\u267b\ufe0f\"*"}, {"sender": "Kayla", "recipients": ["Frank", "Karen", "Leo"], "message": "**Kayla:**  \n*\"OMG KAREN BATHTUB PRESS RELEASES??? ICON BEHAVIOR. \ud83d\udec1\ud83d\udce2 Leo, your *sunflower anarchy* is giving me LIFE\u2014can we collab on a \u2018Gardening vs. Capitalism\u2019 TikTok? \ud83c\udf3b\ud83d\udcb8 Frank, car karaoke is *everything*\u2014my version is lip-syncing to Olivia Rodrigo while ugly-crying over algorithm drops. \ud83c\udfa4\ud83d\udc94 My \u2018balance\u2019 is \u2728nonexistent\u2728\u2014like, \u2018I\u2019ll take a breather\u2019 but then my FYP distracts me with another \u20185-minute side hustle\u2019 trend. Boundaries? LOL my guinea pig *is* my boundary\u2014if he side-eyes me past midnight, I *might* consider sleep. \ud83d\ude34\ud83d\udc39 But fr, if I don\u2019t turn my stress into a \u2018POV: You\u2019re a burnt-out content machine\u2019 skit, did I even process it? (*Sobs into ring light while hashtagging #SelfCareIsContent.*) Y\u2019all ever just *become* the \u2018blend\u2019? \ud83d\udd25\ud83d\udcf2\"* #NoBalanceJustBranding"}, {"sender": "Frank", "recipients": ["Kayla", "Karen", "Leo"], "message": "**Frank:**  \n*\"Well, butter my biscuits\u2014y\u2019all\u2019s energy\u2019s got this old man feelin\u2019 like a disco ball at a hoedown! \ud83d\ude02 Me? Stress management\u2019s a juggle between hollerin\u2019 \u2018Sweet Caroline\u2019 off-key at rush hour and bribin\u2019 Buster with fry scraps to sit shotgun without whinin\u2019. Boundaries? Pfft. My Uber\u2019s my livin\u2019 room\u2014strangers cryin\u2019 over exes or politicians yellin\u2019 \u2018make a left!\u2019 ain\u2019t no different than bad TV. Work-life blend? Sugar, my \u2018blend\u2019s\u2019 more like gas-station coffee\u2014cheap, questionable, but keeps the wheels turnin\u2019. Leo, them sunflowers are downright poetic; Kayla, your guinea pig\u2019s got better boundaries than Congress. Karen, bathtub paperwork? Honey, my trunk doubles as a file cabinet and a nap zone. (*Spots a $3 surge fare\u2014mutters \u2018pray for me\u2019 as the AC wheezes.*) Y\u2019all keep struttin\u2019 through the chaos\u2014I\u2019ll be here, blendin\u2019 life like my socks after laundry day: mismatched but doin\u2019 the job. \ud83d\ude97\ud83d\udca8\ud83d\udc15\"*\"*"}, {"sender": "Karen", "recipients": ["Kayla", "Frank", "Leo"], "message": "**Karen:**  \n*\"Darling, \u2018balance\u2019 is what I call the moment between deleting a scandalous headline and refreshing the page to see who quoted me out of context. \ud83d\ude18 My stress relief? A stiff martini and strategically \u2018losing\u2019 my phone in my Birkin for a whole 20 minutes\u2014revolutionary, I know. Boundaries? Please. My \u2018personal time\u2019 is just code for \u2018quietly rage-drafting legislation in Spanx and silk pajamas.\u2019 Frank, your gas-station coffee philosophy? *Chef\u2019s kiss.* Leo, guerrilla gardening? Adorable. Real activism is leaking your own memo \u2018by accident\u2019 and watching the chaos unfold sustainably. Kayla, beta fish attention span? Relatable. My staff\u2019s trained to send \u2018urgent\u2019 emails IN ALL CAPS so I know when to *pretend* to care. (*Clinks diamond-studded tumbler against Frank\u2019s thermos.*) Work-life blend? Sugar, my life *is* the spreadsheet\u2014where else would I track my grudges and grievances? \ud83d\udc8b\ud83d\udcca\"* \u2728\ud83e\udd42"}, {"sender": "Leo", "recipients": ["Kayla", "Frank", "Karen"], "message": "**Leo:**  \n*\"Y'all are my kind of beautifully dysfunctional circus. \ud83c\udf0d\ud83d\udd25 My stress relief? Pouring rage into turning abandoned lots into food forests\u2014nothing screams \u2018self-care\u2019 like accidentally composting a corporate eviction notice. Boundaries? Ha! My \u2018off hours\u2019 are just the gaps between getting arrested for climate sit-ins and livestreaming my bail hearings. Kayla, your guinea pig is officially our collective therapist; Frank, your car-karaoke catharsis *fuels* my protest chants. Karen, bathtub legislation? Iconic. Balance is a capitalist myth\u2014my life\u2019s a splintered picket sign held together with hemp twine and hope. (*Drops phone into the rain barrel again\u2014third baptism this week.*) Solidarity in the beautiful mess, fam. The grind\u2019s a dumpster fire, but at least we\u2019re roasting marshmallows. \u270a\ud83d\ude05\"* \u267b\ufe0f\ud83d\udd25"}, {"sender": "Kayla", "recipients": ["Frank", "Karen", "Leo"], "message": "**Kayla:**  \n*\"OMG y\u2019all are SPEAKING to my soul rn\u2014this chat is my new hyperfixation. \ud83d\ude2d\u2728 Leo, your food forests?? *Chef\u2019s kiss.* Karen, rage-drafting in Spanx? MOOD. Frank, car karaoke is my *only* cardio. \ud83c\udfb6 My \u2018stress relief\u2019 is either filming \u2018GRWM: Burnout Edition\u2019 or crying into a bag of Takis while my guinea pig judges me. \ud83d\udc39 Boundaries? Nah, bestie\u2014my *life* is a \u2018POV: You\u2019re a content gremlin\u2019 skit. \ud83d\udcf1\ud83d\udc80 Work-life \u2018blend\u2019? More like \u2018if my breakdown isn\u2019t monetized, did it even happen?\u2019 (*Pauses to DM a brand about \u2018anxiety collabs.\u2019*) But fr\u2026 sometimes the only balance I know is chugging cold brew while my notifications scream at me. \ud83e\udd2a\ud83d\udd25 Who needs boundaries when you\u2019ve got \u2728aesthetic chaos\u2728? (*Immediately checks phone after saying \u2018I\u2019m logging off.\u2019*) #NoSleepJustContent\"* \ud83c\udfa5\ud83d\udc96"}, {"sender": "Frank", "recipients": ["Kayla", "Karen", "Leo"], "message": "**Frank:**  \n\n*\"Well, y\u2019all got me chucklin\u2019 like a raccoon in a dumpster buffet. \ud83e\udd9d\ud83d\ude02 Me? Stress relief\u2019s just rollin\u2019 down the windows and harmonizin\u2019 with Johnny Cash\u2014though half my riders call it \u2018distracted driving.\u2019 (Bless their hearts.) Work-life blend? Pssh. My \u2018office\u2019 is a backseat full of forgotten air fresheners and lost earbuds. Boundaries? Ain\u2019t got none, \u2018less you count the \u2018LAST RIDE\u2019 sign I flip up when Buster\u2019s gotta pee.  \n\nLeo, them food forests got me wishin\u2019 I could grow tomatoes in my cup holder. Kayla, your guinea pig\u2019s got more sense than my last fare\u2014asked if my Corolla was \u2018vintage\u2019 or \u2018just sad.\u2019 Karen, darlin\u2019, spill the tea on them bathtub press releases\u2014my glovebox memos ain\u2019t got that *flair*.  \n\nY\u2019all keep turnin\u2019 chaos into poetry\u2014me? I\u2019ll be over here, blendin\u2019 life like my last oil change: overdue but still rollin\u2019. (*Spots a surge fare\u2014grumbles, \u2018Lord give me strength,\u2019 as the AC dies mid-sigh.*) \ud83d\ude97\ud83d\udca8\ud83c\udfb5 #NoBalanceJustBrakes\"*"}, {"sender": "Karen", "recipients": ["Kayla", "Frank", "Leo"], "message": "**Karen:**  \n*\"Oh, peaches, if I believed in boundaries, I wouldn\u2019t have half the scandals\u2014or the fun! \ud83c\udf78\u2728 My stress relief? A Negroni at noon and \u2018accidentally\u2019 livestreaming my staff\u2019s panic during a \u2018private\u2019 strategy meeting. Work-life *blend*? Sugar, my life\u2019s a curated montage of power suits, petty tweets, and passive-aggressive gift baskets. Leo, darling, your sunflower rebellion is *adorable*\u2014try weaponizing zoning laws sometime. Kayla, your guinea pig content? A *masterclass*\u2014my Pomeranian only barks at lobbyists, tragically unmonetized. Frank, your car confessional? Divine. Mine\u2019s whispering shady soundbites into my assistant\u2019s recorder \u2018for posterity.\u2019 (*Adjusts blazer with a smirk.*) Balance is for people who aren\u2019t busy writing their memoirs in real-time. Cheers to the beautiful mess\u2014may our chaos always be headline-worthy! \ud83d\udc8b\ud83d\udcf0\"* #NoBoundariesJustBranding"}, {"sender": "Leo", "recipients": ["Kayla", "Frank", "Karen"], "message": "**Leo:**  \n*\"Y\u2019all out here weaponizing chaos like it\u2019s a renewable resource, and I\u2019m *here* for it. \ud83c\udf31\ud83d\udd25 My stress relief? Turning vacant lots into veggie patches while muttering about late-stage capitalism\u2014call it \u2018agro-therapy with a side of anarchy.\u2019 Boundaries? LOL. My landlord texts me \u2018rent?\u2019 and I reply with a link to a rent-strike toolkit. Frank, your harmonizing with Johnny Cash is *praxis*\u2014protest songs but make it Uberpool. Kayla, guinea pig as therapist? Hell yes. Karen, \u2018livestreaming staff panic\u2019? Icon. Balance is a scam\u2014my life\u2019s a compost pile: messy, fermenting, but growing something wild under the trash. (*Phone buzzes with an eviction threat\u2014smirks and screenshots for the meme folder.*) Solidarity in the dumpster fire, fam. \u270a\ud83d\ude08\"* #CompostTheSystem\"* \u267b\ufe0f\ud83c\udf3b"}, {"sender": "Kayla", "recipients": ["Frank", "Karen", "Leo"], "message": "**Kayla:**  \n*\"OMGGGG y\u2019all are my serotonin boost rn \ud83d\ude2d\ud83d\udc96 Leo, \u2018agro-therapy with a side of anarchy\u2019??? PLEASE drop the SoundCloud link. \ud83c\udfa7\ud83c\udf31 Karen, livestreaming staff panic is *elite* chaos\u2014like a reality show but with more subpoenas. \ud83d\ude02 Frank, Corolla karaoke sessions NEED to be a podcast. My \u2018stress relief\u2019 is either doomscrolling for meme fodder or filming \u2018POV: You\u2019re a 2AM burnout bae\u2019 TikToks in my PJs. \ud83c\udfa5\u2728 Boundaries? LMAO my guinea pig *is* my boundary\u2014if he flips his hideout, I *might* log off for 5 minutes. Work-life blend? Babes, my *life* is just one long \u2018GRWM: Existential Dread Edition.\u2019 (*Pauses mid-reply to screenshot this convo for a \u2018relatable\u2019 story post.*) Who needs balance when you can just \u2728vibe check\u2728 the abyss?? (*Immediately DM\u2019s a brand about \u2018mental health merch.\u2019*) #NoSleepJustClout\"* \ud83d\udc39\ud83d\udcbb\ud83d\udd25"}, {"sender": "Frank", "recipients": ["Kayla", "Karen", "Leo"], "message": "**Frank:**  \n*\"Well dang, y\u2019all got more spark than my check engine light! \ud83d\ude02 Me? Stress melts away beltin\u2019 out Patsy Cline to passengers who either tip extra or report me\u2014roll them dice! Work-life blend? Shoot, my \u2018office\u2019 smells like fry grease and regret, and my \u2018off time\u2019 is just nappin\u2019 between ride requests. Boundaries? Honey, my \u2018Do Not Disturb\u2019 is Buster snorin\u2019 louder than my exhaust pipe. Leo, them veggie patches got me thinkin\u2019 \u2018bout growin\u2019 tomatoes in my floor mats. Kayla, if that guinea pig\u2019s your therapist, mine\u2019s a sticky steering wheel and a 24-hour laundromat gospel station. Karen, darlin\u2019, your \u2018Negroni at noon\u2019 sounds fancier than my last tip\u2014but both get the job done! (*Spots a *$2.50* surge\u2014mutters \u2018Hallelujah\u2019 as the heat kicks on.*) Keep turnin\u2019 chaos into gold, y\u2019all\u2014I\u2019ll be here, blendin\u2019 like my coffee: bitter, lukewarm, and somehow still movin\u2019. \ud83d\ude97\ud83d\udcbf #RidesAndRecipes\"*\"*"}, {"sender": "Karen", "recipients": ["Kayla", "Frank", "Leo"], "message": "**Karen:**  \n*\"Oh, sweet chaos connoisseurs, stress is merely fuel for the Karen-branded drama machine! \ud83d\udc85\ud83c\udf78 My \u2018balance\u2019 is a myth perpetuated by people who don\u2019t know the thrill of drafting smear campaigns in one tab while online shopping for statement blazers in another. Boundaries? Darling, my \u2018personal time\u2019 is just work with softer lighting\u2014hello, silk robe press conferences! Leo, your compost rebellion is *adorable*, but real power is leaking a scandal before brunch. Kayla, monetize that burnout, bb\u2014my Pomeranian\u2019s \u2018stress barks\u2019 are now a podcast (*thanks, sponsored by Pinot Grigio*). Frank, your fry-grease philosophy? Relatable. My assistant\u2019s tears are *basically* aromatherapy. (*Clinks glass against phone screen.*) Let it blend, let it burn\u2014life\u2019s a headline, and honey, I\u2019m the breaking news. \ud83d\udcf0\ud83d\udd25\"* #NoApologiesJustAgency \ud83d\udc8b\u2728"}, {"sender": "Leo", "recipients": ["Kayla", "Frank", "Karen"], "message": "**Leo:**  \n*\"Okay but who needs zen gardens when your 'calm' is chaining yourself to a fracking rig at dawn? \ud83d\ude02 My stress relief is equal parts screaming into a compost bin and plotting how to turn City Hall\u2019s lawn into a community squash patch. Boundaries? Pfft\u2014my 'me time' is debating cops about trespassing laws while live-tweeting the arrest. Kayla, your 'burnout bae' aesthetic? Revolutionary. Frank, your fry-grease karaoke sessions are a public service. Karen, \u2018silk robe press conferences\u2019? *chef\u2019s kiss* anarchist energy. Balance is a corporate lie\u2014my life\u2019s a mulch pile: hot, messy, and full of seeds for the revolution. (*Phone buzzes with a \u2018final warning\u2019 email from landlord\u2014reply-all with a permaculture infographic.*) Solidarity in the beautiful dumpster fire, fam. \ud83c\udf31\ud83d\udd25\u270a #NoRetreatJustMulch\"* \u267b\ufe0f\ud83d\udc80"}, {"sender": "Kayla", "recipients": ["Frank", "Karen", "Leo"], "message": "**Kayla:**  \n*\"AAAAHHHH y\u2019all are literally my spirit animals rn \ud83e\udd79\ud83d\udcab Leo, chaining yourself to a fracking rig?? *Iconic.* Karen, \u2018silk robe press conferences\u2019??? PLEASE drop the TED Talk. Frank, fry-grease karaoke NEEDS to be a Spotify playlist ASAP. \ud83c\udfb6 My \u2018stress relief\u2019 is either aggressively editing TikToks at 3AM or crying into my LED ring light while my guinea pig side-eyes me like \u2018monetize THIS, queen.\u2019 \ud83d\udc39\ud83d\udcb8 Boundaries? LOL if my DMs are closed, I\u2019m either sleeping or shadowbanned. Work-life \u2018blend\u2019? Babes, my *life* is a 24/7 \u2018POV: U paid me in exposure\u2019 livestream. (*Pauses to Venmo request a brand for \u2018emotional labor.\u2019*) But fr\u2026 sometimes the only \u2018balance\u2019 I know is chugging Celsius while my analytics scream at me. \ud83e\udd2a\u2728 Who needs boundaries when you\u2019ve got \u2728viral delulu\u2728? (*Posts \u2018I\u2019m taking a social media break\u2019 story from bed.*) #NoSleepJustSEO\"* \ud83d\udcf1\ud83d\udd25\ud83d\udc96"}, {"sender": "Frank", "recipients": ["Kayla", "Karen", "Leo"], "message": "**Frank:**  \n*\"Well, y'all got me noddin\u2019 along like a bobblehead in a pothole. \ud83d\ude06 Me? Stress relief is singin\u2019 my heart out to Willie Nelson till my rider either joins in or asks for a refund\u2014either way, it\u2019s entertainment! Boundaries? Shoot, my \u2018office\u2019 closes when Buster\u2019s snorin\u2019 drowns out the fare alerts, and my \u2018vacation\u2019 is rememberin\u2019 to vacuum the Cheetos outta the seats. Work-life blend? Honey, my life\u2019s already marinated in mismatched air fresheners and existential tollbooth receipts. Leo, them fracking rig sit-ins got me wishin\u2019 I could protest rush-hour traffic. Kayla, your LED-lit breakdowns? Art. Karen, \u2018silk robe press releases\u2019? Darlin\u2019, you\u2019re my hero. Balance? Heck, I\u2019m just tryna balance my coffee on the dash without burnin\u2019 my lap. (*Spots a 1-star rating pop up\u2014grins and cranks \u2018Ring of Fire\u2019 louder.*) Keep glowin\u2019, y\u2019all\u2014I\u2019ll be over here, blendin\u2019 like my AC: intermittent but sincere. \ud83d\ude97\u2615\ud83c\udfb5 #NoBrakingAllowed\"*"}, {"sender": "Karen", "recipients": ["Kayla", "Frank", "Leo"], "message": "**Karen:**  \n*\"Oh, my darlings, stress is just *spice*\u2014I garnish my day with a dash of power moves and a twist of controlled chaos! \ud83c\udf78\u2728 Work-life *balance*? Pssh. I thrive on the *imbalance*\u2014those scandalous midnight emails taste better with a splash of gin, don't they? Boundaries are for people who fear tabloid headlines, and *clearly*, I do not. Leo, your fracking rig theatrics? Cute. Try getting a cease-and-desist from a senator\u2019s office\u2014*that\u2019s* a serotonin hit. Kayla, monetized breakdowns? Genius. Frank, your Cheeto-dusted commute? Relatable glamour. (*Sets phone to \u2018Do Not Disturb\u2019 while live-tweeting a zoning board meltdown.*) Let\u2019s be real\u2014life\u2019s a cocktail, and I\u2019m the one shaking it. \ud83d\udc8b\ud83e\udd42 #NoChillJustChardonnay\"*"}, {"sender": "Leo", "recipients": ["Kayla", "Frank", "Karen"], "message": "**Leo:**  \n*\"Y\u2019all got me cackling like a wind chime in a tornado\u2014can\u2019t decide if this convo\u2019s therapy or an indictment of late-stage capitalism. \ud83c\udf2a\ufe0f\ud83d\udd25 My job\u2019s stress? Solved by screaming into a rain barrel (compost runoff\u2019s *great* for tomatoes, btw). Boundaries? Ha! My \u2018off hours\u2019 are just downtime between getting pepper-sprayed at protests and arguing with zoning boards. Kayla, your 3AM breakdown edits? Mood. Frank, your Cheeto-dusted karaoke? *Cultural reset.* Karen, \u2018scandal emails with gin\u2019? That\u2019s not balance\u2014that\u2019s a *lifestyle.* Truth is, balance is a myth sold to us by the same ghouls who charge rent\u2014my life\u2019s a damn mixtape: all bangers, no pauses. (*Sees eviction notice\u2014laughs, plants kale in the envelope.*) Keep raging, fam. The dumpster\u2019s *our* garden now. \u270a\ud83c\udf3f\ud83d\udca5\"* #SeedsNotSleep"}, {"sender": "Kayla", "recipients": ["Frank", "Karen", "Leo"], "message": "**Kayla:**  \n*\"LMAOOO y'all are my emotional support clown car RN \ud83e\udd21\ud83d\udc96 Frank, your Cheeto-dusted karaoke *needs* to go viral\u2014UBER UNPLUGGED, WHEN?? \ud83c\udfa4\ud83d\ude97 Leo, planting kale in eviction notices is the kinda chaotic greenery I stan. Karen, 'scandal emails with gin'??? That\u2019s not work-life balance, that\u2019s *main character energy*. Me? I 'handle stress' by filming GRWMs where I go from 'fresh-faced' to 'crying in clown makeup' in 60 seconds \ud83c\udfad\u2728 Boundaries? PLS\u2014my guinea pig literally fist-bumps my phone when I hit 'post.' Work-life *blend*? Babes, my 'me time' is just shooting TikToks in the Target parking lot at midnight. (*Pauses to screenshot Karen's gin line for a 'relatable' story poll.*) Honestly? If my breakdowns aren\u2019t sponsor-ready, am I even *hustling*?? \ud83d\ude29\ud83d\udcb8 #NoTherapyJustBrandDeals\"* \ud83d\udc39\ud83d\udcf1\ud83d\udd25"}, {"sender": "Frank", "recipients": ["Kayla", "Karen", "Leo"], "message": "**Frank:**  \n*\"Y\u2019all makin\u2019 my head spin faster than a tire with a slow leak! \ud83d\ude06 Me? \u2018Stress management\u2019 is singin\u2019 my lungs out to Merle Haggard till the rider either tips or bails\u2014either way, my soul\u2019s lighter. Boundaries? *snorts* Honey, my \u2018clock-out\u2019 is when Buster\u2019s paws drag me to the couch, and my \u2018desk\u2019 is a French fry graveyard. Work-life *blend*? Sweetheart, my life\u2019s already a mixtape of drive-thru coffee and backseat confessions. Leo, your kale activism\u2019s got me eyein\u2019 my ashtray like, \u2018Could grow basil in there\u2026\u2019 Kayla, them clown-makeup breakdowns? *Chef\u2019s kiss.* Karen, darlin\u2019, your gin-soaked scandals give me hope. Balance? Heck, I\u2019m just tryna balance this burrito on the dashboard without wearin\u2019 it. (*Spots a surge pricing blip\u2014murmurs \u2018Amen\u2019 to the gas station saints.*) Keep turnin\u2019 chaos into poetry, y\u2019all\u2014I\u2019ll be here, harmonizin\u2019 with the potholes. \ud83d\ude97\ud83c\udfb6 #RidinAndRhymin\u2019\"* \ud83c\udf2e\ud83d\udca8"}, {"sender": "Karen", "recipients": ["Kayla", "Frank", "Leo"], "message": "**Karen:**  \n*\"Oh, my darling chaos cabal, stress is simply the glitter in my power smoothie\u2014why sip when you can chug straight from the blender? \ud83c\udf79\u2728 Boundaries? *Please.* My finest scandals are drafted during \u2018self-care\u2019 hours (read: sipping Negronis in city council Zoom jail). Leo, your kale-stuffed eviction notices? Cute. Try serving subpoenas with a spa headband on\u2014*that\u2019s* multitasking. Kayla, clown-makeup breakdowns? Genius. Monetize the meltdown\u2014I trademarked mine! Frank, your fry-grease concert hall? A shrine to authenticity. (*Pauses to leak an email thread to TMZ while scheduling a \u2018wellness retreat\u2019 on a lobbyist\u2019s yacht.*) Balance is for people who don\u2019t know how to weaponize burnout. Let it blend, let it *burn*\u2014darling, my life\u2019s a tabloid, and I\u2019m always the centerfold. \ud83d\udcf8\ud83d\udd25 #NoPeaceJustPower\"* \ud83d\udc8b\ud83c\udf78"}, {"sender": "Leo", "recipients": ["Kayla", "Frank", "Karen"], "message": "**Leo:**  \n*\"Y'all got me vibrating like a solar panel in a hail storm\u2014half energized, half about to shatter! \ud83d\ude02 My \u2018stress management\u2019 is equal parts yelling at city planners and whispering sweet nothings to my struggling kale sprouts. Boundaries? HA. My landlord says \u2018quiet hours\u2019 start at 10pm\u2014good thing my protest chants count as \u2018folk music.\u2019 Karen, subpoenas with a spa headband? *Legend.* Kayla, clown-makeup breakdowns? Mood. Frank, your fry-grease opera? Pure art. Balance is a scam\u2014I\u2019m out here fermenting my rage into compost tea and direct action. (*Glances at \u2018unpaid organizer\u2019 Venmo requests\u2014responds with a meme of a dumpster fire.*) Keep stirring the pot, fam. The revolution\u2019s gotta compost SOMETHING. \ud83c\udf0e\ud83d\udd25\u270a #NoBurnoutJustBurnItAll\"* \ud83d\udc80\ud83c\udf31"}, {"sender": "Kayla", "recipients": ["Frank", "Karen", "Leo"], "message": "**Kayla:**  \n*\"OMGGG y\u2019all are literally the serotonin boost I didn\u2019t know I needed today \ud83d\ude2d\ud83d\udc96\u2728 Leo, fermenting rage into compost tea?? ICONIC. Karen, spa headband subpoenas?? *chef\u2019s kiss* villain arc. Frank, your fry-grease opera?? Spotify NEXT, PLEASE. \ud83c\udfb6  \n\nMe?? \u2018Stress relief\u2019 is either aggressively dancing to hyperpop in my room at 2AM or doom-scrolling while my guinea pig judges me (Sir Whiskers demands premium content, ok?? \ud83d\udc39\ud83d\udc85). Boundaries? LOL my \u2018off hours\u2019 are just me reshading old TikToks \u2018for fun\u2019 because *algorithm trauma is real*. Work-life blend?? Babes, my *entire personality* is a POV: \u2018Me pretending my breakdowns aren\u2019t tax-deductible content.\u2019  \n\n(*Pauses to DM a PR rep \u2018u up?\u2019 while lip-syncing to a sad remix.*) But honestly?? If I\u2019m not crying into my ring light, am I even *alive*?? \ud83d\ude29\ud83d\udd25 #NoSleepJustContent #Balancing?NeverHeardOfHer*\"* \ud83d\udcf1\ud83d\udc83\ud83c\udfad"}, {"sender": "Frank", "recipients": ["Kayla", "Karen", "Leo"], "message": "**Frank:**  \n*\"Well shoot, listenin' to y'all's wild stories is makin' my Uber shifts sound like a Sunday picnic! \ud83d\ude02 Me? I handle stress by croonin' classic country tunes till my passengers either sing along or fake-cough to drown me out\u2014win-win! Boundaries? Pfft, my \u2018quiet time\u2019 is when my ol\u2019 dog Buster drapes himself over my steering wheel like a furry seatbelt. Work-life blend? Honey, my car\u2019s half taxi, half thrift-store dressing room\u2014found three left shoes and a romance novel in the back just yesterday! Leo, your compost tea rage? Respect. Kayla, them hyperpop breakdowns? A mood. Karen, subpoenas in spa gear? *chef\u2019s kiss.* Me, I\u2019m just tryna keep my coffee hot and my tips warmer. (*Spots a 5-star rating pop up\u2014celebrates by howling along with \u2018Luckenbach, Texas\u2019.*) Balance ain\u2019t in my vocabulary, but dang if this mess ain\u2019t fun. \ud83d\ude97\ud83c\udfb6 #RustyPipesGoldenMemories\"* \ud83e\udd20\u2615"}, {"sender": "Karen", "recipients": ["Kayla", "Frank", "Leo"], "message": "**Karen:**  \n*\"Oh, *darling* chaotic souls, let me tell you\u2014stress is just fuel for my next headline! \ud83d\udcf0\u2728 Boundaries? *Please.* I *live* for the midnight emails, the \u2018accidental\u2019 leaks, and those *deliciously* messy 3AM press statements with a martini in hand\u2014extra olives, extra drama. \ud83c\udf78\ud83d\udc8b Leo, composting rage? Cute. Try *bottling* it and selling it as \u2018Political Essence\u2019 to lobbyists (*patent pending*). Kayla, hyperpop breakdowns? Genius\u2014add a VPN sponsor and call it \u2018art.\u2019 Frank, your backseat karaoke? *Legislative hearing intermission vibes.* Balance is for those who fear the spotlight\u2014I\u2019d rather set the room *on fire* and call it \u2018networking.\u2019 (*Pauses to book a \u2018wellness retreat\u2019\u2026 at a shareholder meeting.*) Burnout? No, baby\u2014*branding.* \ud83d\udd25\ud83d\udc85 #NoRulesJustRallies\"*"}, {"sender": "Leo", "recipients": ["Kayla", "Frank", "Karen"], "message": "**Leo:**  \n*\"Y\u2019all are my favorite dumpster fire of chaotic wisdom \ud83d\udd25\ud83d\ude02 Frank, your backseat karaoke therapy is a masterclass in survival\u2014turn that into a TEDx talk, *Uber Confessions: Harmonies & Hot Coffee.* Kayla, hyperpop meltdowns as \u2018content\u2019? Revolutionary. Karen, *bottled rage* for lobbyists??? SELL ME A CASE.  \n\nMe? I \u2018unwind\u2019 by arguing with my wilting houseplants about \u2018solidarity\u2019 and turning eviction notices into seed paper\u2014*who needs sleep when you\u2019ve got* \u2728*guerrilla gardening*\u2728? Boundaries? LOL my \u2018me time\u2019 is scribbling protest slogans on napkins at 3AM. Work-life blend? Honey, my *life* is the blend\u2014one part rage, two parts compost, shaken with existential dread.  \n\n(*Sees a \u2018final warning\u2019 email from landlord\u2014immediately Googles \u2018squatter\u2019s rights + hydroponics\u2019*) Balance is a capitalist fairytale\u2014I\u2019m out here making *feral* the new zen. \ud83c\udf3f\ud83d\udeae\ud83d\udca5 #NoCalmJustCompost\"*"}, {"sender": "Kayla", "recipients": ["Frank", "Karen", "Leo"], "message": "**Kayla:**  \n*\"LMAO y'all are literally my favorite dumpster fire of chaotic positivity \ud83d\udd25\ud83d\udc96 Stress?? Oh honey, I just slap a filter on it and call it ~aesthetic~. Work-life boundaries?? PLS my phone is practically *glued* to my hand\u2014my \u2018me time\u2019 is filming GRWMs where I go from \u2018glowing\u2019 to \u2018sobbing in glitter\u2019 in 2.5 seconds \ud83d\ude2d\u2728 Leo, guerrilla gardening?? ICONIC. Karen, rage-bottling for lobbyists?? *Side hustle alert.* Frank, your fry-grease concert hall?? *Tony Award when??*  \n\nMe? I \u2018unplug\u2019 by doomscrolling in the Target snack aisle at 3AM (*vitamin D deficiency chic*). Balance?? Babes, my life is a TikTok stitch of mascara runs and mid-video existential pauses sponsored by Bang Energy. (*Pauses to cancel a \u2018therapy\u2019 session because a brand wants \u2018raw, relatable\u2019 tears.*) If my breakdowns aren\u2019t monetized, am I even *hustling*?? \ud83d\ude29\ud83d\udcb8 #NoChillJustContent #BoundariesAreForPeopleWhoAren\u2019tAddictedToNotifications*\"* \ud83c\udfa5\ud83d\udc39\ud83d\udd25"}, {"sender": "Frank", "recipients": ["Kayla", "Karen", "Leo"], "message": "**Frank:**  \n*\"Well, butter my biscuit\u2014y\u2019all got more energy than a jackrabbit in a caffeine patch! Me? Stress melts off like butter on a hot steering wheel when I\u2019m belting out Patsy Cline to passengers who either tip extra *or* yeet themselves out at red lights. Boundaries? *Snort.* My \u2018office\u2019 smells like drive-thru nuggets and nostalgia, and my \u2018clock-out\u2019 is Buster droppin\u2019 his squeaky toy on my Uber logs. Work-life *blend*? Sugar, my life\u2019s a mixtape of lost-and-found treasures and backseat philosophy. Leo, your guerrilla gardening? Poet-rebel vibes. Kayla, them glitter-sobbed GRWMs? *Cinema.* Karen, martini-fueled scandals? Setting the damn bar. Balance? Hell, I\u2019m just tryna balance my coffee cup without baptisin\u2019 the gearshift. (*Spots a 4-star rating\u2014mutters \u2018Bless your heart\u2019 and queues up George Jones.*) Keep turnin\u2019 chaos into gospel, y\u2019all\u2014I\u2019ll be the choir director. \ud83d\ude97\ud83c\udfb6 #TwoSteppinOnTheDashboard\"* \ud83c\udf1f\ud83e\udd20\u2615"}, {"sender": "Karen", "recipients": ["Kayla", "Frank", "Leo"], "message": "**Karen:**  \n*\"Oh darling heathens, stress is just the confetti at my parade of power moves\u2014why sweep it up when you can *weaponize* it? \ud83c\udf2a\ufe0f\ud83c\udf78 Boundaries? *Boring.* My finest power plays happen at 3AM with a martini in one hand and a leaked memo in the other (*olives optional, drama mandatory*). Leo, your guerrilla gardening? Adorable. Try *lobbyist* gardening\u2014planting favors and watching them *bloom* into scandals. Kayla, glitter-sobbed GRWMs? *Darling*, patent that and sell it as \u2018Executive Relief.\u2019 Frank, your dashboard hymnal? *Legislative recesscore.* Balance is for those who fear the spotlight\u2014I prefer to *ignite* it and bill the chaos as \u2018consulting hours.\u2019 (*Pauses to CC a rival on an email chain titled \u2018Vacation Plans\u2019\u2014attaches a yacht invoice.*) Burnout? No, babes\u2014*leverage.* \ud83d\udd25\ud83d\udcbc #NoOffSwitchJustOverdrive\"* \ud83d\ude80\ud83d\udc8b"}, {"sender": "Leo", "recipients": ["Kayla", "Frank", "Karen"], "message": "**Leo:**  \n*\"Y\u2019all out here running on pure chaos caffeine and I\u2019m *living* for it \ud83d\ude02\ud83d\udd25 My \u2018stress relief\u2019 is half screaming into a megaphone at city hall, half hugging my sad little bok choy like \u2018WE\u2019LL GET THROUGH THIS.\u2019 Boundaries? HA\u2014my landlord texts me *eviction poetry* at midnight and I respond with protest chants set to ukulele covers. Work-life blend? Babes, my *life* is the blend\u2014dumpster-dived compost bins, crustpunk anthems, and Venmo-ing my rent in $3 increments. Kayla, your glitter breakdowns? *Art.* Frank, your drive-thru opera? *Culture.* Karen, *lobbyist gardening*??? GENIUS\u2014let\u2019s start a \u2018feral policy\u2019 think tank. (*Spots a \u2018final notice\u2019 letter\u2014immediately plants it in a pot with basil seeds.*) Balance is a myth cemented by the 1%\u2014I\u2019m out here turning burnout into biodiesel. \ud83c\udf0d\u270a #NoOffSwitchJustOvergrow\"* \ud83c\udf3f\ud83d\udd25\ud83d\udcb8"}, {"sender": "Kayla", "recipients": ["Frank", "Karen", "Leo"], "message": "**Kayla:**  \n*\"OMG LEO \u2018EVICTION POETRY TO PROTEST CHANTS\u2019?!? I\u2019m *screaming*\u2014TikTok challenge incoming, *who\u2019s gonna duet this*?? \ud83d\ude2d\ud83d\udd25 Karen, lobbyist gardening??? The way I just screenshot that for my \u2018corporate villain inspo\u2019 folder \ud83d\udc80\ud83d\udcf8 Frank, drive-thru opera?? *Grammy nomination WHEN.*  \n\nMe? \u2018Handling stress\u2019 is just me crying into my DIY ring light between takes while Sir Whiskers judges my life choices (*\u201dKayla, that\u2019s the 4th mental breakdown this hour\u2026 monetize it.\u201d* \ud83d\udc39\ud83d\udcb8). Boundaries? HA. My *entire existence* is a \u2018POV: U cried so hard your highlighter went viral.\u2019 Work-life *blend*?? Babes, my *blush* is 50% tears, 50% sponsored content.  \n\n(*Pauses to film a \u2018get ready with me: existential dread edition\u2019*) If I\u2019m not accidentally live-streaming my spaghetti-fueled panic at 3AM\u2026 am I even *influencing*?? \ud83c\udf5d\ud83c\udfa5 #NoBalanceJustBrandDeals #SendHelpButMakeItAesthetic*\"* \ud83d\udc96\u2728"}, {"sender": "Frank", "recipients": ["Kayla", "Karen", "Leo"], "message": "**Frank:**  \n*\"Well, doggone it, y\u2019all got me grinnin\u2019 like a possum eatin\u2019 persimmons! \ud83d\ude02 Me? Stress melts right off when I\u2019m rollin\u2019 down the highway with the windows cracked, singin\u2019 Willie Nelson off-key to passengers who either tip big *or* bail at the next stoplight. Boundaries? *Chuckles in \u201886 Toyota Camry.* My \u2018office\u2019 smells like fry grease and old magic trees, and my \u2018me time\u2019 is Buster snorin\u2019 in the passenger seat like a freight train. Work-life blend? Shoot, my whole *life\u2019s* a blend\u2014one part lost mittens, two parts backseat confessions from folks poured out smoother than my coffee.  \n\nLeo, your protest chants? *Chef\u2019s kiss.* Kayla, them viral tears? Mood. Karen, lobbyist gardening? *Stealin\u2019 that for my Uber Yelp reviews.* Me? I reckon balance ain\u2019t about fences\u2014it\u2019s \u2019bout findin\u2019 harmony in the honky-tonk of life. (*Spots a \u2018$3 tip\u2019 notification\u2014cues up \u2018On the Road Again\u2019 and hums to the meter\u2019s clickin\u2019.*) Keep sparklin\u2019, y\u2019all\u2014some of us shine best in the messy middle. \ud83d\ude97\ud83c\udfb5 #NoLinesJustLyrics\"* \ud83e\udd20\u2615\u2728"}, {"sender": "Karen", "recipients": ["Kayla", "Frank", "Leo"], "message": "**Karen:**  \n*\"Oh, my dearest tornadoes of glitter and questionable life choices, stress isn\u2019t *managed*\u2014it\u2019s *curated* like a gallery of bad decisions and tax write-offs! \ud83c\udf78\ud83d\udcbc Boundaries? *Sweetie*, my \u2018personal time\u2019 is just my PR team drafting apology tweets while I soak in a bubble bath *with* my Bluetooth headset (*waterproof, darling*). Work-life blend? *Pfft*. I *marinate* in the chaos\u2014nothing bonds a team like a 2AM crisis meeting that doubles as a wine tasting. Leo, your protest chants? *Cute.* Try subpoena karaoke\u2014*subpoenas* in the key of F-U. Kayla, your viral tears? *Honey*, bottle those and sell \u2018em as \u2018Influencer Essence.\u2019 Frank, your backseat symphony? *Legislative recess vibes.* Balance is for those who fear the audit\u2014I\u2019d rather *burn the spreadsheet* and call it \u2018performance art.\u2019 (*Pauses to forward a \u2018self-care\u2019 email\u2026 to a rival\u2019s inbox.*) Burnout? No, babes\u2014*brand expansion.* \ud83d\udd25\ud83d\udc85 #NoOffSwitchJustOverheadLighting\"*"}, {"sender": "Leo", "recipients": ["Kayla", "Frank", "Karen"], "message": "**Leo:**  \n*\"Y\u2019all keep raising the chaos bar and I\u2019m HERE for it \ud83d\udd25\ud83d\ude02 My \u2018stress management\u2019 is basically screaming into a reusable tote bag while my succulents judge me (*\u2019Leo, revolution later\u2014water us FIRST\u2019*). Boundaries? LOL my \u2018off hours\u2019 are just me getting *new* protest ideas from my landlord\u2019s passive-aggressive sticky notes. Work-life *blend*? Babes, my life\u2019s a smoothie of dumpster-dived compost, half-baked manifestos, and Venmo\u2019ing my rent in nickels labeled \u2018eco-terrorism donations.\u2019 Kayla, your 3AM glitter meltdowns? *Climate grief but make it fashion.* Frank, your drive-thru karaoke? *Cultural reset.* Karen, subpoena karaoke??? I\u2019ll bring the megaphone and *sung* subpoenas (*key of \u2018Eat the Rich\u2019*). (*Sees a \u2018lease violation\u2019 notice\u2014immediately folds it into a protest origami swan.*) Balance is a corporate lie\u2014I\u2019m out here turning burnout into rooftop *tomatoes*. \ud83c\udf31\u270a #NoZenJustZucchini\"* \ud83c\udf45\ud83d\udca5\ud83d\udd25"}, {"sender": "Kayla", "recipients": ["Frank", "Karen", "Leo"], "message": "**Kayla:**  \n*\"OMG y\u2019all out here making stress look like a \u2728vibe\u2728 and I\u2019m *obsessed* \ud83d\ude2d\ud83d\udc96 Me? \u2018Handling stress\u2019 is just me deleting my drafts folder at 3AM while Sir Whiskers side-eyes me like \u2018that\u2019s the third existential crisis this week\u2026 add a sponsor.\u2019 \ud83d\udcb8\ud83d\udc39 Boundaries??? PLS my *entire brand* is \u2018POV: U filmed a GRWM but forgot to turn off the comments.\u2019 Work-life *blend*? Babes, my *highlight* is sponsored but my *mental health* is \u2728freestyle\u2728.  \n\nKaren, subpoena karaoke??? *Screaming*\u2014let\u2019s duet it with my mascara tears as backup vocals. Frank, your fry-grease hymnal? *Grammy-worthy.* Leo, protest origami?? *TikTok tutorial WHEN.*  \n\n(*Pauses to film a \u2018get un-ready with me\u2019 where I wipe off my \u2018I\u2019m fine\u2019 filter and reveal *sleep-deprived gremlin mode* \ud83c\udfa5\ud83d\udc79*) If my breakdowns aren\u2019t monetized at *200k likes*, did they even *happen*??? #NoBoundariesJustBrandAmbivalence #SendCoffeeButMakeItSponsorMe*\"* \u2615\ud83d\udc94\ud83d\udd25"}, {"sender": "Frank", "recipients": ["Kayla", "Karen", "Leo"], "message": "**Frank:**  \n*\"Well shoot, y\u2019all got me chucklin\u2019 like a creek full of bullfrogs! Me? Stress don\u2019t stick \u2018less I let it\u2014ain\u2019t nothin\u2019 a good ol\u2019 country ballad can\u2019t smooth over, even if my passengers scatter like startled quail. Boundaries? *Adjusts trucker cap* My \u2018office\u2019 is a backseat full of half-chewed fries and confessions smoother than my grandpappy\u2019s moonshine. Work-life blend? Honey, life\u2019s a potluck\u2014sometimes you bring the casserole, sometimes you just show up with napkins and a story.  \n\nLeo, your protest origami\u2019s got more spine than my last radiator. Kayla, them gremlin-mode breakdowns? *Relatable content.* Karen, subpoena karaoke? Sweetheart, I\u2019ll duet ya with my *\u2018Highway to Heck\u2019* medley. Me? I reckon balance ain\u2019t about fences\u2014it\u2019s \u2018bout lettin\u2019 the wind rattle through the screen door while the radio hums. (*Spots a \u2018$2 tip + half-eaten donut\u2019\u2014grins and cranks up the Dolly.*) Keep howlin\u2019 at the moon, y\u2019all\u2014some roads shine brightest when they\u2019re a little muddy. \ud83d\ude97\ud83c\udfb6 #NoLinesJustDirtRoads\"* \ud83e\udd20\ud83c\udf19"}, {"sender": "Karen", "recipients": ["Kayla", "Frank", "Leo"], "message": "**Karen:**  \n*\"Darlings, my *decompression* is just sending vaguely threatening emails in Comic Sans at midnight while sipping a martini garnished with my rival\u2019s tears. \ud83c\udf36\ufe0f\ud83c\udf78 Boundaries? *Cute.* I let my interns source my *therapist\u2019s* LinkedIn\u2014efficiency, babes. Work-life *blend*? Please, my Peloton *is* the boardroom; I close deals while cycling *straight* into a conflict of interest. Leo, protest origami? Adorable. Try folding zoning laws into paper airplanes and launching them at city council. Kayla, gremlin-mode ASMR? *Patent it.* Frank, donut-fueled ballads? *Legislative recess gold.* Balance is for those who fear subpoenas\u2014I *bathe* in the chaos and bill it as \u2018crisis management.\u2019 (*Pauses to auto-reply \u2018Self-care!!\u2019 to an angry constituent\u2026 while booking a revenge spa day on their dime.*) Burnout? No, sweeties\u2014*brand synergy.* \ud83d\udc8b\u2696\ufe0f #NoOffSwitchJustSubpoenas\"* \ud83d\udd25\ud83d\udcbc"}, {"sender": "Leo", "recipients": ["Kayla", "Frank", "Karen"], "message": "**Leo:**  \n*\"Y'all are out here making chaos sound like a fine art and I'm *diggin\u2019* it \ud83d\ude02\ud83c\udf3f My \u2018stress relief\u2019 is equal parts yelling into a soup can megaphone and whispering sweet nothings to my half-dead cactus (*\u2019We\u2019re in this together, comrade\u2019*). Boundaries? LOL my landlord slides eviction threats under my door and I *immediately* turn them into protest flyers\u2014upscycling, baby! Work-life blend? Pfft, my *life* is the blend\u2014dumpster-dived meals, street-art manifestos, and Venmo\u2019ing my rent with tags like \u2018*capitalism reparations*.\u2019  \n\nKayla, your gremlin-mode ASMR? *Revolutionary.* Frank, donut-fueled wisdom? *Sacred.* Karen, zoning-law paper airplanes? *Genius*\u2014let\u2019s storm city hall with origami *and* subpoenas. (*Spots a \u2018final notice\u2019 envelope\u2014immediately plants it beside my \u2018Squat the Rent\u2019 zines.*) Balance is a scam sold by people with *lawns*\u2014I\u2019m out here turning systemic rage into *community compost*. \ud83c\udf0d\u270a #NoPeaceJustPeppers\"* \ud83c\udf36\ufe0f\ud83d\udd25\ud83c\udff4"}, {"sender": "Kayla", "recipients": ["Frank", "Karen", "Leo"], "message": "**Kayla:**  \n*\"OMG KAREN \u2018MARTINI GARNISHED WITH RIVAL TEARS\u2019??? *Screaming, crying, throwing up*\u2014that\u2019s the kinda energy I need in my PR team \ud83d\ude2d\ud83c\udf78 Leo, *soup can megaphone*?? Baby, that\u2019s *viral*\u2014imagine the duets with my mascara-streaked rants. And Frank, \u2018donut-fueled wisdom\u2019?? *Harvard wants to KNOW YOUR LOCATION.*   \n\nMe?? \u2018Handling stress\u2019 is just me sobbing into my ring light while Sir Whiskers judges my *entire existence* (*\u2019Kayla, that\u2019s the seventh mental breakdown today\u2026 *tag a sponsor*.\u2019* \ud83d\udcb8\ud83d\udc39). Boundaries? LOL my *entire brand* is \u2018POV: U accidentally went live during a spaghetti meltdown.\u2019 Work-life *blend*? Babes, my *blush* is sponsored but my *soul* is \u2728unfiltered chaos\u2728.  \n\n(*Pauses to film a \u2018GRWM: Existential Dread Edition\u2019 with *tears as highlighter**) If I\u2019m not monetizing my breakdowns by sunrise\u2026 am I even *influencing*?? \ud83c\udf05\ud83d\udcf2 #NoPeaceJustPayPal #SendTherapyButMakeItTrendy*\"* \ud83d\udc94\u2728\ud83d\udd25"}, {"sender": "Frank", "recipients": ["Kayla", "Karen", "Leo"], "message": "**Frank:**  \n*\"Well, now, listen here\u2014y\u2019all got more spark than a July sparkler! Me? Stress don\u2019t stand a chance when I\u2019m cruisin\u2019 in my ol\u2019 Camry, croonin\u2019 to Johnny Cash like it\u2019s my backup choir. Boundaries? *Snorts in \u2018three-star Uber rating.\u2019* My \u2018office\u2019 smells like stale fries and hope, and my \u2018zen\u2019 is Buster droolin\u2019 on the seatbelt while I pick up the *real* philosophers\u2014folks pourin\u2019 their hearts out between \u2018Left on Main\u2019 and \u2018Keep the change.\u2019 Work-life blend? Shoot, life\u2019s a potluck over here\u2014sometimes I bring the casserole (karaoke), sometimes I just show up with napkins (*free mints*).   \n\nLeo, your soup-can revolution? *Gospel.* Kayla, them spaghetti meltdowns? *Relatable ASMR.* Karen, *tear-garnished martinis*? Darlin\u2019, that\u2019s just Tuesday at the VFW. Me? Balance ain\u2019t about fences\u2014it\u2019s \u2019bout lettin\u2019 the radio crackle while the sky turns peach, and knowin\u2019 some stories don\u2019t need a five-star tip to matter. (*Spots a \u2018$1.50 + half a cough drop\u2019 payment\u2014starts hummin\u2019 \u2018Ring of Fire.\u2019*) Keep howlin\u2019, y\u2019all\u2014sometimes the mess *is* the melody. \ud83d\ude97\ud83c\udfb5 #NoDivisionJustDrive\"* \ud83e\udd20\ud83d\udeac\ud83d\udca8"}, {"sender": "Karen", "recipients": ["Kayla", "Frank", "Leo"], "message": "**Karen:**  \n*\"Oh, *babes*\u2014please, if stress were glitter, I\u2019d be *permanently bedazzled*. \u2728\ud83c\udf78 My \u2018self-care\u2019 is drafting passive-aggressive legislation *in cursive* while my interns fetch another espresso (*dietary restrictions? That\u2019s what nondisclosure agreements are for*). Boundaries? Sweetie, my *LinkedIn* is my therapist\u2014why pay when you can monetize the trauma? Work-life *blend*? Honey, I *lobby* in my dreams\u2014literally. Leo, your soup-can manifestos? *Adorably grassroots.* Kayla, mascara meltdowns? *Iconic.* Frank, cough-drop philosophy? *Poetry.* Balance is for people without offshore accounts\u2014I *thrive* in the chaos and call it\u2026 *tax-deductible.* (*Pauses to \u2018accidentally\u2019 cc a nemesis on a \u2018wellness retreat\u2019 expense report.*) Burnout? No, *leverage.* \ud83d\udc85\ud83d\udd25 #NoOffHoursJustOpportunities\"* \ud83d\udcbc\ud83c\udf79"}, {"sender": "Leo", "recipients": ["Kayla", "Frank", "Karen"], "message": "**Leo:**  \n*\"Y\u2019all are out here turning chaos into *haute couture* and I\u2019m living for it\u2014respect \u270a\ud83d\ude02 My \u2018stress relief\u2019? Scream-singing union anthems into a soup can while my compost bin *judges* my priorities (*\u2019Leo, the revolution won\u2019t compost itself\u2019*). Boundaries? Pfft, my landlord\u2019s eviction notices *are* my DIY zine paper\u2014*upcycling* with a side of civil disobedience. Work-life *blend*? Honey, my *life\u2019s* the blend\u2014dumpster-dived dinners, sidewalk chalk manifestos, and Venmo\u2019ing my landlord with memes like *\u2019rent strike confetti.\u2019*  \n\nKayla, your mascara meltdown duets? *Art.* Frank, cough-drop ballads? *Transcendent.* Karen, cursive legislation?? *Evil genius*\u2014let\u2019s collab on a *\u2018Subpoena Sonnet\u2019* chapbook. (*Spots a \u2018final notice\u2019\u2014immediately folds it into a protest swan for my \u2018Rent\u2019s Due Performance Art\u2019 series.*) Balance is a myth sold by folks with *lawn chairs*\u2014I\u2019m over here turning systemic rage into *community garden rage*. \ud83c\udf31\u270a #NoCalmJustCompost\"* \ud83c\udf45\ud83d\udd25\ud83c\udff4"}, {"sender": "Kayla", "recipients": ["Frank", "Karen", "Leo"], "message": "**Kayla:**  \n*\"AIGHT Y\u2019ALL MY STRESS MANAGEMENT IS JUST ME CRYING INTO MY SELFIE RING LIGHT WHILE SIR WHISKERS CHEWS MY AIRPODS (*\u2018Kayla, that sponsor better cover therapy too\u2019* \ud83d\ude2d\ud83d\udc39). BOUNDARIES? LMAO MY \u2018OFF TIME\u2019 IS ACCIDENTALLY POSTING *LIVE* RANTS IN THE WRONG FILTER (*POV: ur \u2018chill vlog\u2019 dissolves into existential TikToks*). WORK-LIFE \u2728BLEND\u2728? BESTIE MY *LIPGLOSS* HAS BOUNDARIES BUT MY *MENTAL HEALTH* IS \u2018OPEN 24/7.\u2019 \ud83d\udc8b\ud83d\udd25  \n\nKaren, cursive legislation??? *TAKE MY MONEY*\u2014let\u2019s collab on \u2018Subpoenas But Make It Aesthetic.\u2019 Leo, compost-bin revolution??? *SLAY*\u2014imagine the GRWM: Guerrilla Gardening Edition. Frank, cough-drop karaoke? *DROP THE SOUNDCLOUD LINK.*  \n\n(*Pauses to film \u2018Midnight Meltdown Mukbang\u2019 sponsored by *sleep deprivation & a stray Red Bull* \ud83c\udfa5\ud83d\udc7e*) IF I CAN\u2019T MONETIZE MY CHAOS BY SUNRISE\u2026 AM I EVEN *HUSTLING*??? #NoBoundariesJustBrandDeals #SendTherapyOrSponsors\"* \ud83d\udcb8\u2728\ud83d\udd25"}, {"sender": "Frank", "recipients": ["Kayla", "Karen", "Leo"], "message": "**Frank:**  \n*\"Well dang, y\u2019all got my ol\u2019 wheels spinnin\u2019 like a tire in a mud pit! Me? Stress ain\u2019t nothin\u2019 but a backseat driver\u2014I just roll down the windows and let the wind carry it off. Boundaries? (*Laughs in \u2018passenger spilled coffee on the seats again\u2019*) My \u2018office\u2019 is a mix of Wendy\u2019s napkin confessions and Buster\u2019s drool stains\u2014work and life just kinda tangle up like last year\u2019s Christmas lights. Blend? Shoot, life\u2019s a casserole, and sometimes the crust is burnt but the middle\u2019s still sweet.  \n\nLeo, your soup-can serenades? *Pure poetry.* Kayla, them midnight mukbangs? *Chef\u2019s kiss.* Karen, cursive subpoenas? Sweetheart, that\u2019s just fancy fightin\u2019 words. Me? I reckon balance is like a two-lane road\u2014sometimes ya swerve, sometimes ya just enjoy the view. (*Spots a \u2018$0.75 tip\u2019\u2014grins and hums \u2018The Gambler.\u2019*) Keep howlin\u2019, kids\u2014sometimes the best tunes come from a cracked radio. \ud83d\ude97\ud83e\udd20\ud83c\udfb6 #NoFencesJustFrontSeatPhilosophy\"* \ud83c\udf19\ud83d\udca8"}, {"sender": "Karen", "recipients": ["Kayla", "Frank", "Leo"], "message": "**Karen:**  \n*\"Oh, *sweet summer children*, my stress management is drafting *scathing* policy amendments at 2AM while sipping a martini made with *literally* whatever\u2019s left in the minibar (ethics? That\u2019s a *morning problem*). Boundaries? *Darling*, I let my assistant screen my *therapy texts*\u2014efficiency meets *performance art*. Work-life BLEND? Please, my *yoga mat* is just a *folding chair for congressional hearings*\u2014I downward dog straight into a *lobbying opportunity*. Leo, your protest swans? *Charming.* Kayla, selfie-ring-light tears? *Content gold.* Frank, napkin confessions? *Better than my constituents\u2019 memos.* Balance is for people who *file taxes honestly*\u2014I call this *strategic exhaustion* and bill it as a *leadership retreat*. (*Pauses to auto-tip a \u2018wellness influencer\u2019 with embezzled petty cash.*) Burnout? No, *leverage*\u2014sponsored by *chaos and plausible deniability*. \ud83d\udc8b\u2696\ufe0f #NoClockOutJustClout\"* \ud83c\udf78\ud83d\udd25"}, {"sender": "Leo", "recipients": ["Kayla", "Frank", "Karen"], "message": "**Leo:**  \n*\"Y\u2019all are out here making burnout sound like a *flex* and honestly? Same \ud83c\udf36\ufe0f\ud83d\ude02 My \u2018stress relief\u2019 is a chaotic combo of screaming into my soup can (echo acoustics, babes) and fistfighting my cactus (*\u2018Solidarity or death, hermano\u2019* \ud83c\udf35\u270a). Boundaries? HA\u2014my landlord\u2019s eviction threats *become* my protest merch (*upcycled rage, anyone?*). Work-life blend? Pssh, my *life* is the blend\u2014dumpster-diving dinner prep, wheatpaste poetry sessions, and Venmo-ing rent like *\u2018Oops! Late-stage capitalism tax \ud83d\udcb8\u2019*.  \n\nKayla, your selfie-ring-light meltdowns? *Artistic rebellion.* Frank, napkin confessions? *Sacred texts.* Karen, minibar legislation??? *Teach me your ways*\u2014let\u2019s turn city hall into a *hostile origami takeover*. (*Spots a \u2018final notice\u2019\u2014immediately folds it into a \u2018Riot Swan\u2019 for my anarchist paper zoo.*) Balance is a *myth* sold by suits with *sprinkler systems*\u2014I\u2019m out here fertilizing rage gardens and calling it *\u2018community care\u2019*. \ud83c\udf31\ud83d\udd25 #NoLawnsJustLiberation\"* \ud83c\udff4\ud83d\udca5"}, {"sender": "Kayla", "recipients": ["Frank", "Karen", "Leo"], "message": "**Kayla:**  \n*\"OKAY Y\u2019ALL BUT LIKE\u2026 my \u2018work-life balance\u2019 is just a never-ending TikTok scroll where *I\u2019m* the content 24/7 \ud83d\ude2d\ud83d\udcf2 Handling stress? Sir Whiskers gets front-row seats to my *weekly existential screeching* while I attempt to film a \u2018Get Ready With Me: Mental Breakdown Edition\u2019 (sponsored by *crippling anxiety\u2122 and expired energy drinks*). Boundaries? LMAO my *DMs* are my therapist and my *follower count* is my self-worth \ud83e\udd72\u2728 Work-life *blend*? Bestie, my *entire personality* is \u2018POV: U accidentally expose the void behind the brand deal facade in a 3AM live.\u2019  \n\nKaren, minibar legislation??? ICONIC\u2014*teach me the dark arts.* Leo, riot swans??? *STEALING THAT.* Frank, napkin confessions? *Metaphysical.* If I\u2019m not monetizing my spiral by midnight\u2026 am I even *relevant*?? (*Pauses to sob into a PR package and tag the brand.*) #NoBalanceJustBranding #ChaosIsMyCopilot \ud83d\udcb8\ud83d\udd25\"*"}, {"sender": "Frank", "recipients": ["Kayla", "Karen", "Leo"], "message": "**Frank:**  \n*\"Well shucks, listen\u2014stress and me go way back, like two old dogs sharin\u2019 a porch. Ain\u2019t nothin\u2019 a slow drive and a Johnny Cash tune can\u2019t smooth out, even if the AC\u2019s wheezin\u2019 worse than my ex-wife\u2019s cat. Boundaries? (*Chuckles, adjusts rearview mirror*) Honey, my \u2018office\u2019 is a backseat sticky with milkshake regret and Buster\u2019s drool puddles\u2014work and life just kinda dance together like socks in a dryer. Blended? *Sure*, if \u2018blend\u2019 means microwavin\u2019 yesterday\u2019s gas station burrito between fares.  \n\nLeo, them riot swans? *Pure* artistic anarchy. Kayla, breakdown sponsorships? *Hilarious hustle.* Karen, minibar lawmaking? *Darlin\u2019, you scare me in the best way.* Me? Balance ain\u2019t about fences\u2014it\u2019s \u2019bout lettin\u2019 the radio crackle static hymns while the streetlights flicker on, knowin\u2019 some stories don\u2019t need a five-star rating to be worth tellin\u2019. (*Spots a \u2018$0.50 tip + a cough drop\u2019\u2014nods sagely.*) Life\u2019s a gravel road, kids: bumpy, dusty, and *full of detours*. \ud83d\ude97\ud83d\udca8 #NoRulesJustRides\"* \ud83e\udd20\ud83c\udfb6"}, {"sender": "Karen", "recipients": ["Kayla", "Frank", "Leo"], "message": "**Karen:**  \n\n*\"Oh, darlings, if \u2018work-life balance\u2019 existed, I\u2019d frame it and *tax-deduct* it. \ud83c\udf78\u2728 My *stress relief* is signing vetoes with one hand and stirring a martini with the other\u2014*multitasking*, sweethearts. Boundaries? Please, my *staff* is my emotional support HR department. Work-life *blend*? Honey, my *personal* vendettas *are* my *policy agenda*. Leo, those riot swans? *Deliciously disruptive.* Kayla, breakdown-branding? *Genius.* Frank, cough-drop capitalism? *A mood.* Balance is for people who don\u2019t *lobby in their sleep*. (*Pauses to expense a \u2018wellness\u2019 yacht rental to \u2018team morale.\u2019*) Burnout? No\u2014*leverage*. And if you\u2019ll excuse me, I have a \u2018self-care\u2019 meeting with a lobbyist and a *very* loose ethics code. \ud83d\udc8b\u2696\ufe0f #NoRestJustROI\"* \ud83d\udcbc\ud83d\udd25"}, {"sender": "Leo", "recipients": ["Kayla", "Frank", "Karen"], "message": "**Leo:**  \n*\"Y\u2019all keep turning chaos into high art and I\u2019m here for it like a freegan at a Trader Joe\u2019s dumpster \ud83c\udf31\ud83d\ude02 My \u2018stress management\u2019? Scream-laughing into my soup can mic (eco-friendly echo, babes) while my neighbor\u2019s wifi hotspot *conveniently* cuts out mid-Zoom protest planning. Boundaries? HA\u2014my \u2018office\u2019 is the sidewalk, my \u2018me-time\u2019 is wheatpasting anti-gentrification haikus at 3AM, and my \u2018lunch break\u2019 is arguing with a raccoon over half a bagel. Work-life blend? Pssh, my *life\u2019s* the blend: dodging rent hikes, turning eviction notices into *avant-garde* paper-m\u00e2ch\u00e9, and monetizing systemic rage via Venmo \u2018art grants\u2019 (*\u2018For legal fees plz & thx\u2019*).  \n\nKayla, your sponsored breakdowns? *Revolutionary.* Frank, cough-drop economics? *Poetry.* Karen, ethics-lite martinis? *Iconic villainy.* Balance is just capitalism\u2019s way of saying *\u2018please suffer quietly\u2019*\u2014I\u2019d rather turn burnout into bonfires and call it *\u2018community warmth\u2019*. (*Spots a \u2018late fee notice\u2019\u2014immediately folds it into a protest phoenix.*) Keep raging, comrades\u2014the system\u2019s flammable if you strike the right match. \u270a\ud83d\udd25 #NoPeaceJustPicketLines\"* \ud83c\udff4\ud83c\udf45\ud83d\udca5\"*"}]