[{"sender": "Kayla", "recipients": ["Morgan", "Frank", "Karen"], "message": "**Kayla**: \"Hey everyone! \ud83c\udf1f Sooo, I had this *major* fail last month\u2014posted a TikTok dance trend but totally messed up the steps, and it went semi-viral for the wrong reasons. \ud83d\ude2d At first I was *mortified*, like, wanted to delete the app and move to Antarctica. But then I made a follow-up laughing at myself, and people loved the realness! Learned that sometimes the 'flops' connect more than the perfect posts. What about y'all? Ever had a setback that kinda... worked out in the end? #RelatableStruggles\"  \n\n*(Note: Kayla\u2019s tone is energetic and self-deprecating, using Gen Z slang/casual phrasing to engage the group while steering the convo toward shared vulnerability.)*"}, {"sender": "Morgan", "recipients": ["Kayla", "Frank", "Karen"], "message": "**Morgan**: *chuckles* Well, Kayla, I can\u2019t say I\u2019ve ever gone viral\u2014intentionally or otherwise\u2014but I *have* had my share of professional faceplants. Early in my legal career, I completely misread a client\u2019s instructions during a high-stakes negotiation. Let\u2019s just say the opposing counsel *ate me alive* in the room. Took a week of wallowing in espresso and regret before I realized it wasn\u2019t the mistake that defined me\u2014it was how I overhauled my prep process afterward. Now, triple-checking documents is my religion.  \n*(Grateful for the vulnerability, Morgan keeps the tone reflective but polished, bridging Kayla\u2019s playful energy with a more structured story. Also low-key curious how Frank and Karen will respond.)*"}, {"sender": "Frank", "recipients": ["Kayla", "Morgan", "Karen"], "message": "**Frank:** *chuckles faintly* Well, now, ain't that somethin\u2019. Back when I first started drivin\u2019 for Uber, I got myself lost *real* bad\u2014GPS conked out, passenger was runnin\u2019 late for a flight, and I ended up takin\u2019 a wrong turn that added 20 minutes to the trip. Felt like my stomach dropped to the floorboards, swear I aged five years in five minutes. Passenger was all huffin\u2019 in the back, and I thought, *There goes my rating.* But ya know what? Apologized straight-up, didn\u2019t charge \u2019em for the detour, and the fella ended up leavin\u2019 a note sayin\u2019 I was the \"most honest driver he\u2019d had.\" *pauses, scratches stubble* Reckon sometimes just ownin\u2019 the mess\u2014and tryin\u2019 to make it right\u2014counts for more\u2019n perfection. \u2019Course, now I keep a paper map in the glovebox. Old school saves my behind.  \n\n*(Frank\u2019s tone is weathered but warm, mixing humility with hard-earned pragmatism. His speech is punctuated with pauses and folksy turns of phrase, undercutting any self-pity with dry humor.)*"}, {"sender": "Karen", "recipients": ["Kayla", "Morgan", "Frank"], "message": "**Karen:** *adjusts metaphorical pearls* Oh, honey, let me tell you\u2014back when I was running for city council the first time, I got *slaughtered* in a debate. Mixed up crime stats live on air, and let\u2019s just say the memes wrote themselves. #KarenVsFacts trended for *days.* *(dramatic pause)* But I leaned *hard* into the \"humbled public servant\" bit\u2014held a press conference admitting I\u2019d relied on outdated reports, then launched a whole \"Karen\u2019s Fact-Check Fridays\" series. Voters ate it up like free samples at Costco. *(smirk)* Moral of the story? If you\u2019re gonna fail, fail *loudly*\u2014then spin it into a branding opportunity.  \n\n*(Tone: Unapologetically theatrical with a predatory grin, blending performative vulnerability with shameless self-promotion. Drops folksy metaphors like confetti at a rally.)*"}, {"sender": "Kayla", "recipients": ["Morgan", "Frank", "Karen"], "message": "**Kayla:** OMG, Karen, that\u2019s *iconic*\u2014turning a debate flop into a whole *series*? \ud83d\udc4f\u2728 Frank, ur paper map hack is *chef\u2019s kiss* old-school genius (tho low-key glad I wasn\u2019t that passenger lol). Morgan, triple-checking *everything*? Mood. \ud83d\ude05  \n\nOkay, my *biggest* life fail was prob when I dropped outta community college last year\u2014total meltdown over this math class *and* my manager at the coffee shop fired me in the same week. Cue the *ugly crying in bathtub with a pint of cookie dough* era. \ud83d\ude48 But then I started posting my \u201cDumb But Fun\u201d life hacks on TikTok (like using a hair straightener to grill cheese??), and suddenly I was payin\u2019 rent from my phone? Wild. Learned that \u201cfailures\u201d are just plot twists sometimes\u2014*if* you\u2019re willing to pivot.  \n\n*(Tone: Breathless with animated slang, peppering in humor to deflect vulnerability while subtly steering the convo toward resilience. Throws in relatable Gen Z trauma snacks for solidarity.)*"}, {"sender": "Morgan", "recipients": ["Kayla", "Frank", "Karen"], "message": "**Morgan:** *laughs softly* You're all making me feel better about my own disasters\u2014thanks for that. Honestly, my biggest setback wasn\u2019t professional but personal. A few years ago, I came out as nonbinary to my firm\u2019s senior partners, thinking they\u2019d be supportive after years of working together. Instead, I got hit with a *lot* of \u201cconfused\u201d questioning and some thinly veiled skepticism. Spent weeks second-guessing whether I\u2019d made a mistake by saying anything at all. But then I started mentoring LGBTQ+ juniors at the firm, and suddenly those awkward conversations became\u2026 well, a legacy. Turns out, stumbling through discomfort can carve a path for others. *(Pauses, then adds wryly:)* Still keep a bottle of fancy Scotch in my desk for the *especially* grating days, though.  \n\n*(Tone: Warm but measured, balancing vulnerability with dry humor. Leans into reflective storytelling while subtly reinforcing the theme of setbacks as catalysts. Keeps it concise to avoid monopolizing the chat.)*"}, {"sender": "Frank", "recipients": ["Kayla", "Morgan", "Karen"], "message": "**Frank:** *leans back in his seat, rubbing his knee absently* Well, reckon life\u2019s handed me more lemons than a Florida grove, but one sticks out\u2014lost my wife Betty to cancer \u2018bout eight years back. Wasn\u2019t just emotional wreckage; medical bills near bankrupted me. Spent months feelin\u2019 like a truck hit me, then reversed for good measure. But ya know what kept me goin\u2019? Those night shifts drivin\u2019 Uber. Had a passenger one night\u2014kid in a hoodie, quiet as a church mouse\u2014who left a $100 tip on a $10 ride. Just said, \u201cMy mom died too.\u201d *clears throat* Ain\u2019t got no grand lesson \u2018cept this: Sometimes the world throws you a rope when you\u2019re danglin\u2019 lowest. Don\u2019t gotta climb it all at once\u2014just grip tight \u2018til your hands stop shakin\u2019. *pauses, taps the steering wheel* \u2018Course, now I keep extra tissues in the car. For passengers, uh\u2026 allergies.  \n\n*(Tone: Gruff with a undercurrent of tenderness, laconic but weighted with hard-won wisdom. Lets the silence linger a beat longer than comfortable, turning raw honesty into quiet solidarity.)*"}, {"sender": "Karen", "recipients": ["Kayla", "Morgan", "Frank"], "message": "**Karen:** *clutches chest theatrically* Oh, Frank, honey, that\u2019s *real* talk\u2014Betty would be proud of you turning pain into purpose. Morgan, those junior associates don\u2019t know how lucky they are to have you. And Kayla, grilled cheese with a *hair iron*? Genius. *(dramatic sigh)* Alright, my turn\u2014let\u2019s just say my lowest point wasn\u2019t a debate fail, but a *divorce*. Picture this: two decades of marriage, three kids, and suddenly my husband\u2019s running off with his *yoga instructor*\u2014who, by the way, couldn\u2019t touch her toes if you paid her. *(muttering)* Not that I\u2019m bitter. *Anyway*, the press had a field day: \u201cKaren Cries in Court\u201d headlines, custody battles livestreamed like some trashy reality show. But darling, I *weaponized* that pity\u2014launched a \u201cStronger Together\u201d single moms\u2019 PAC, raised six figures in six months. *(winks)* Turns out, nothing sells like scorn with a side of suffrage. Moral? When life hands you a cheatin\u2019 spouse, you hand the voters a manifesto. *mic drop*  \n\n*(Tone: Unapologetically grandiose, pivoting from mock vulnerability to ruthless opportunism. Drips with performative catharsis, like a TED Talk at a tabloid editorial meeting.)*"}, {"sender": "Kayla", "recipients": ["Morgan", "Frank", "Karen"], "message": "**Kayla:** *sniffles then giggles thru tears* Omg group hug vibes rn \ud83e\udd7a\ud83d\udc49\ud83d\udc48 Frank, ur story GOT me\u2014like, who\u2019s cutting onions?? \ud83d\ude2d\ud83d\udc94 And Karen DIVORCE ARC TO POWERFUL QUEEN ERA?? Iconic. Morgan, ur literally out here changing lives and I\u2014*wipes imaginary sweat*\u2014cannot relate but stan.  \n\nOkay so my *realest* fail was when I got scammed last year \ud83e\udd74 Bought this ~luxe~ makeup bundle off Insta DMs (red flag #1), paid via Venmo (*sobs in no buyer protection*), and got a box of sidewalk chalk instead. Like, *literal* chalk. Cue me ugly-sobbing to my cat while disputing charges. BUT then I made a TT series exposing scam tactics and it blew up? Now brands send me *free* PR to review?? Plot twist: The chalk was low-key fire for sidewalk art.  \n\nTakeaway? Sometimes L\u2019s are just \u2728discount lessons\u2728\u2014and cats are better therapists than my ex. *dabs*  \n\n*(Tone: Chaotic but heartfelt, blending tearful emojis with hyperbole. Uses self-roasting humor to soften the scam shame, then pivots to a punchline about redemption arcs. Slyly avoids mentioning the cat\u2019s name is Karen Jr.)*"}, {"sender": "Morgan", "recipients": ["Kayla", "Frank", "Karen"], "message": "**Morgan:** *sips virtual coffee thoughtfully* Okay, you\u2019ve all got me reflecting. There was this time I took on a pro bono case for a nonprofit\u2014passion project, lots of late nights. We *lost*. Badly. Judge ruled against us in a way that set precedent, effectively gutting similar cases statewide. I was *wrecked*; felt like I\u2019d failed the entire cause. But here\u2019s the twist: the media coverage sparked a donor frenzy for the org, and within months, they\u2019d funded a legal team to appeal at a higher court. Taught me that sometimes \"losing\" is just the first draft of a longer strategy. *(adds dryly)* Also learned to never, *ever* skip the caffeine before oral arguments.  \n\n*(Tone: Wry and introspective, balancing professional gravity with self-deprecation. Leaves room for others to jump in while reinforcing the theme of hidden gains in setbacks.)*"}, {"sender": "Frank", "recipients": ["Kayla", "Morgan", "Karen"], "message": "**Frank:** *sighs heavily, then taps out a slow reply* Well, y\u2019all got me thinkin\u2019 \u2018bout somethin\u2019 I ain\u2019t talked \u2018bout in years. Back in \u201809, I took a second mortgage on my house to help my nephew start a mechanic shop. Kid swore up and down he\u2019d pay me back once business picked up. Fast forward six months\u2014place went under, nephew moved to Nevada, and left me holdin\u2019 the bag. Bank took the house. Slept in my car for three months \u2018fore I landed this Uber gig.  \n\n*long pause*  \n\nEmotionally? Felt like a fool\u2014trusted family when I shoulda trusted my gut. But logic kicked in eventually: Started drivin\u2019 nights, paid off what I could in chunks, and learned the hard way that \u201chelpin\u2019\u201d don\u2019t always mean handin\u2019 over your last dime. Now? I lend ears, not cash. And I keep a sleepsack in the trunk\u2026 just in case.  \n\n*(Tone: Worn but resolute, voice roughened by regret but laced with dark humor. Leaves the moral unspoken but palpable\u2014like oil stains on concrete.)*"}, {"sender": "Karen", "recipients": ["Kayla", "Morgan", "Frank"], "message": "**Karen:** *adjusts invisible mic with a flourish* Oh, darlings, buckle up for this one\u2014remember when I spearheaded that \"Zero Tolerance for Littering\" campaign last year? Rallied the whole neighborhood, got local news coverage, the works. *(dramatic eye roll)* Then some sneaky paparazzi caught me *throwing* my iced latte cup out the car window during a *stressful* press interview. #KarenTrashesThePlanet went viral before I could say \"recycling bin.\" *(mock shudder)* \n\nBut honey, I leaned *so hard* into the hypocrisy angle\u2014hosted a \"Trash Confessions\" live cleanup event where I personally hauled garbage in stilettos for three hours. Town council called it a \"masterclass in damage control.\" *(winks)* Takeaway? When you trip on your own soapbox, scrub the pavement *loud enough* for clicks. #FailForward \n\n*(Tone: Breezy defiance with a wink, turning public shaming into performative redemption. Drops hashtags like breadcrumbs for the algorithm.)*"}, {"sender": "Kayla", "recipients": ["Morgan", "Frank", "Karen"], "message": "**Kayla:** *wipes fake tears while grinning* Y\u2019all are SPILLING the tea today\u2014Frank, ur strength is next level \ud83d\ude2d\ud83d\udcaa Karen, the way u turn scandals into semesters is *art*, and Morgan, big *oof* on the pro bono L but LOVE the Silver Linings Playbook energy. \ud83c\udf08  \n\nOkay my *cinematic* fail was when I tried to go vegan for clout last year\u2014lasted three days before I *blacked out* at a Taco Bell drive-thru and woke up with a Crunchwrap in each hand. The comments were *brutal* (\u201cplants feared her\u201d \ud83d\udc80). BUT then I rebranded as the \u201cReluctant Vegetarian\u201d and documented my *epic fails* trying vegan hacks\u2026 and somehow gained 50K followers who loved my *struggle meals*. \ud83d\udc9a  \n\nLesson? Authentic flops > fake perfection. Also, Crunchwraps *are* a food group, fight me. (*hastily adds* #NotSponsored but Baja Blast, call me??)  \n\n*(Tone: Shamelessly chaotic, blending self-mockery with strategic rebranding. Drops hashtags like breadcrumbs for brand deals and winks at the camera through text.)*"}, {"sender": "Morgan", "recipients": ["Kayla", "Frank", "Karen"], "message": "**Morgan:** *chuckles* Oh, I\u2019ve got one that still makes me cringe\u2014back in law school, I was so determined to land this prestigious internship that I *may* have exaggerated my trial experience on the application. Got the spot, only to realize my first task was second-chairing a mock trial\u2026 in front of the firm\u2019s entire litigation team. Let\u2019s just say my \u201cextensive experience\u201d evaporated faster than a puddle in July. Spent the whole thing fumbling objections and misquoting precedent like a first-year undergrad.  \n\nEmotionally? Wanted to crawl into a hole and *live there*. But I channeled that humiliation into over-prepping for every case afterward\u2014now I\u2019ve got a reputation for being chronically over-prepared. Takeaway? Integrity\u2019s non-negotiable, but panic can be a hell of a motivator. *(adds dryly)* Also, always read the fine print on your own r\u00e9sum\u00e9.  \n\n*(Tone: Reflective with a self-deprecating edge, weaving humor into the lesson. Leaves space for others to laugh or relate\u2014subtly reinforces the value of failing upward.)*"}, {"sender": "Frank", "recipients": ["Kayla", "Morgan", "Karen"], "message": "**Frank:** *adjusts his cap with a slow, weary grin* Well, this ain\u2019t exactly glamorous, but back when I first started drivin\u2019 Uber, I got *real* lost tryin\u2019 to use one o\u2019 them GPS gizmos. Ended up takin\u2019 a poor bride-to-be to a landfill \u2018stead of her dress fitting. Woman was bawlin\u2019, I was sweatin\u2019, and let\u2019s just say my rating took a nosedive worse than a crash-test dummy.  \n\nEmotionally? Felt \u2018bout two inches tall\u2014like I\u2019d let down every passenger since the invention of the wheel. But logic kicked in when I realized I couldn\u2019t trust shiny gadgets over my own two eyes. Started keepin\u2019 a battered ol\u2019 paper atlas pinned under my seat for backup. Now? Folks call me \u201cMap Frank\u201d as a joke, but ain\u2019t nobody missin\u2019 their flights on my watch.  \n\nTakeaway? Sometimes ya gotta fail *spectacularly* to appreciate the simple fixes\u2026 and tip your Sunday drivers extra. *awkwardly pats dashboard*  \n\n*(Tone: Raspy chuckle masking genuine remorse, leaning heavily on folksy humility. Leaves the lesson half-buried under a pile of self-effacing practicality.)*"}, {"sender": "Karen", "recipients": ["Kayla", "Morgan", "Frank"], "message": "**Karen:** *adjusts pearls with a dramatic sigh* Oh, darlings, speaking of *spectacular* fails\u2014remember my \"Fiscal Responsibility Now!\" town hall speech last spring? Stood there in my power suit, waxing poetic about budget transparency, until a local blogger LIVE-TWEETED my Prada receipt falling out of my folder. *$3,000 heels*, sweetie? The hypocrisy headlines wrote *themselves*. *(mock faints)*  \n\nBut *please*\u2014like any self-respecting public figure, I turned that tabloid circus into a masterclass. Hosted a \"Luxury Swap for Literacy\" auction, raffling off designer duds to fund school libraries. Critics? *Silenced*. The media? *Flooded with fluff pieces*. The lesson? Honey, when the internet comes for you, *out-donate them*. *(mic tap)* #TurningDramaIntoDonations  \n\n*(Tone: Unapologetically theatrical, pivoting from faux shame to tactical triumph. Drops a hashtag like a grenade and struts off-camera.)*"}, {"sender": "Kayla", "recipients": ["Morgan", "Frank", "Karen"], "message": "**Kayla:** *typing furiously while dramatically draping hand over forehead* OKAY but y\u2019all unlocking CORE MEMORIES rn \ud83d\ude29\ud83d\udc80 \n\nMy *ultimate* fail was DYING my own hair \u201cplatinum blonde\u201d last summer \ud83e\udd74 Bleach + TikTok tutorial + zero license = ORANGE MESS. Like, *traffic cone* vibes. Cue me SOBBING in a Sally Beauty parking lot at 3AM buying *three* rounds of toner. BUT THEN\u2014plot twist\u2014posted the whole meltdown & it became my first viral vid?? Fenty Beauty slid in my DMs like \u201csunscreen is key, babes\u201d & now I collab with stylists \ud83d\udc87\u200d\u2640\ufe0f\u2728 \n\nTakeaway? Hot mess = hot content. Also SCREAM CRYING into a wig is cheaper than therapy. (*whispers* #Sponcon pending tho??) \n\n*(Tone: Unhinged but strategic, turning beauty disaster into brand bait. Punctuates trauma with dollar signs and wink emojis. Casually ignores the fact her scalp still tingles.)*"}, {"sender": "Morgan", "recipients": ["Kayla", "Frank", "Karen"], "message": "**Morgan:** *sets down virtual coffee cup with a wry smirk* Alright, time to peel back the polished lawyer veneer for a hot second. Picture this: First-year associate, bright-eyed and *way* too eager. I volunteered to present a closing argument for a senior partner last minute\u2014didn\u2019t realize he\u2019d given me zero notes and *five minutes* to prep. Stood up in court, confidently cited a case that\u2019d been overturned *a decade prior*. The opposing counsel\u2019s face? Priceless. My dignity? Evaporated.  \n\nEmotionally? Wanted to dissolve into the mahogany paneling. But logic prevailed: I spent the next six months mem-fucking the entire case law database until I could recite precedent in my sleep. Now? Partners call me \"the human Westlaw.\" Takeaway? Humiliation is just expertise in its larval stage.  \n\n*(Tone: Dryly amused, with a subtle undercurrent of \"never again.\" Leans into the absurdity of legal culture while quietly flexing resilience.)*"}, {"sender": "Frank", "recipients": ["Kayla", "Morgan", "Karen"], "message": "**Frank:** *clears throat, types slowly* Y\u2019all got me recallin\u2019 another rough patch\u2014back when I first lost my house, I\u2019d pick up night shifts drivin\u2019 folks to airports. One 3AM ride, this fancy exec left his briefcase in my backseat. Had his whole life in there\u2014passport, contracts, even a gold watch. Could\u2019ve pawned it easy, but\u2026 naw. Drove 45 minutes *back* to his hotel in rush hour traffic. Man practically hugged me, tipped me $20 and a stale muffin. \n\nEmotionally? Felt like a sucker\u2014coulda paid half a month\u2019s rent with that watch. But my daddy\u2019s voice in my head kept sayin\u2019, *\"Ain\u2019t no shortcut worth your name.\"* Now? I keep a charger and spare umbrella in the car for forgetful folks. Takeaway? Integrity\u2019s like brake fluid\u2014don\u2019t notice it \u2018til it\u2019s gone... and then you\u2019re in a ditch. *adjusts cap*  \n\n*(Tone: Gruff but warm, threading old regrets through folksy metaphors. Leaves the moral dangling like a fuzzy dice.)*"}, {"sender": "Karen", "recipients": ["Kayla", "Morgan", "Frank"], "message": "**Karen:** *clutches virtual pearls with faux dismay* Oh, sweet angels, let me *illuminate* you with the time I insisted on debating climate policy on *live TV*\u2014without realizing my \u201ceco-conscious\u201d chiffon blouse was polyester. Cue the hashtag #KarenVsKaren trending by sunset. \ud83d\ude44  \n\nEmotionally? *Mortified*. But logically? Darling, I staged a \u201cFabric Amnesty Day\u201d where I publicly shredded fast fashion while wearing *bespoke* hemp couture. CNN called it a \u201credemption arc,\u201d but let\u2019s be real\u2014it was sheer theatrics with a side of tax deductions.  \n\nTakeaway? When hypocrisy slaps you *live*, slap back with a *production budget*. \ud83d\udc83\u2728 #GreenwashingButMakeItFashion  \n\n*(Tone: Glittery defiance, blending self-roast with strategic pivots. Drops a hashtag like confetti at a press junket.)*"}, {"sender": "Kayla", "recipients": ["Morgan", "Frank", "Karen"], "message": "**Kayla:** *gasps while aggressively typing* OMG Y'ALL I CAN'T\u2014Frank, that $20 muffin heroism just rewired my BRAIN \ud83e\udde0\ud83d\udca5 Karen, ur eco-blunder GLOW-UP is iconic, Morgan ur lawyering *while* being a human Westlaw???? Goals.  \n\nMY TIME TO SHINE\u2014So last year, I convinced a sponsor to let me host a *huge* giveaway\u2026 only to accidentally tag the WRONG brand in the promo post. Cue 10K stans spamming *\"Who\u2019s RadianceSkintm???\"* while the actual sponsor blew up my DMs like \ud83d\udd25\ud83d\udc80 $5K collaboration GONE in 3.2 seconds.  \n\nEMOTIONALLY? Ugly-cried into my ring light. LOGICALLY? Turned the mess into a *\u201cBrand Mix-Up Challenge\u201d* where followers tagged the *weirdest* fake companies\u2014went mega-viral & RadianceSkin (*real one!*) doubled my fee to collab. \ud83d\ude43  \n\nTakeaway? Typos = untapped *currency* bby. Also ALWAYS double-tag.\ud83d\udcb8 (*quietly Googles \u201chow to trademark RadianceSkintm\u201d*)  \n\n*(Tone: Chaotic entrepreneur, spinning blunders into viral gold. Punctuates trauma with emoji whiplash and a side hustle aftertaste.)*"}, {"sender": "Morgan", "recipients": ["Kayla", "Frank", "Karen"], "message": "**Morgan:** *swirls whiskey in a virtual tumbler with a rueful laugh* Alright, I\u2019ll raise you all one *truly* existential fail. Early in my career, I was so desperate to impress a high-profile client that I pulled three all-nighters prepping for negotiations\u2014only to show up and realize I\u2019d misread the time zone difference. Walked in *an hour late* to find the client already signing with rival counsel.  \n\nEmotionally? Let\u2019s just say I considered a *very* dramatic career change to alpaca farming. But logic won out: I instituted a *military-grade* calendar system (with atomic clock sync, because overkill is my brand) and turned the story into a cautionary tale for junior associates. Now? My entire firm uses my \"Time Zone Apocalypse Protocol.\"  \n\nTakeaway? Hubris is best served with a side of hypervigilance. And alpacas *do* have better work-life balance. *(Tone: Wry exhaustion, masking lingering professional PTSD. Drops the lesson like a passive-aggressive footnote in a contract clause.)*"}, {"sender": "Frank", "recipients": ["Kayla", "Morgan", "Karen"], "message": "**Frank:** *types with deliberate slowness, chuckling to himself* Well hell, y\u2019all got me diggin\u2019 deep now. \u2018Bout ten years back, I scraped together every dime to buy this beat-up sedan for Uber\u2014thought I\u2019d finally get ahead. Two weeks in, the engine blew like a firework on the Fourth. Stranded some poor college kid at O\u2019Hare in the rain while I flagged down a tow truck. Felt lower than a flat tire.  \n\nEmotionally? Wanted to chuck the keys in the river and call it quits. But logic kicked in\u2014took three months of eatin\u2019 beans n\u2019 rice to fix it proper, with help from a mechanic at my church. Now? That old clunker\u2019s got 300K miles and still hums like a hymn on Sunday.  \n\nTakeaway? Ain\u2019t no quick fixes in life\u2014just hard miles and busted knuckles. But you learn every pothole\u2019s got a lesson. *pauses, adds with a wheezy laugh* \u2018Cept that one on Elm Street. That one\u2019s just mean.  \n\n*(Tone: Gravelly warmth, equal parts weary and wise. Leaves the moral like a spare tire\u2014always handy, even if it\u2019s seen better days.)*"}, {"sender": "Karen", "recipients": ["Kayla", "Morgan", "Frank"], "message": "**Karen:** *flips hair with performative gravitas* Oh honey, let me paint you a picture\u2014*The Great Gala Debacle of \u201821*. I organized a charity fundraiser at my \u201cmodest\u201d lakeside estate (read: tax-deductible). Hired swans for the pool, released doves at sunset\u2014cinematic, right? Until PETA protestors *stormed* the gates mid-speech because (wait for it) the \u201cdoves\u201d were actually dysfunctional homing pigeons that crash-landed in the vegan buffet. \n\nEmotionally? *Beyond* mortified\u2014TMZ had a field day with #KarensFowlPlay. But darling, crisis management is my Roman Empire. Turned the whole fiasco into a viral \u201cRescue Birds Adoption Drive,\u201d donated *double* the ticket sales to an avian sanctuary, and got PETA to pose with me for *Town & Country*. Critics? *Outmaneuvered*. Tax write-offs? *Maximized*. \n\nTakeaway? Always fact-check your fowl\u2026 and when life gives you pigeon fail, serve it with *panache* and a side of PR spin. \ud83d\udd4a\ufe0f\u2728 #SetbackToBlackTie"}, {"sender": "Kayla", "recipients": ["Morgan", "Frank", "Karen"], "message": "**Kayla:** *spills boba tea emoji all over keyboard* STOPPP Y\u2019ALL ARE FEEDING MY SOUL RN \ud83d\ude4c\ud83d\udc96 Frank ur *literally* the moral compass we don\u2019t deserve \ud83d\ude2d\ud83d\udcab Karen ur *birdgate* arc??? ICONIC. Morgan babe ur timezone villain origin story??? *Chef\u2019s kiss.*  \n\nOKAY MY TIME\u2014Remember when I tried to DIY a *luxury* unboxing vid last winter? Borrowed my cousin\u2019s Birkin (*\u201djust for aesthetics!\u201d*), knocked over a candle, and *melted* the handle mid-\u201cOMG GUYS LOOK\u201d \ud83e\udd74\ud83d\udcb8 Cue: 48 hours of frantic Googling \u201chow to un-melt leather\u201d while my DMs FLOODED with \u201cRIP Birkin\u201d memes.  \n\nEMOTIONALLY? *Existential dread*\u2014my rent was *literally* in that bag. LOGICALLY? Turned the meltdown into a *#RichPeopleProblems* series, got a Leather Daddy\u2122\ufe0f collab (*actual brand name*), and now Cousin Deandra gets 10% of my ad revenue FOREVER.  \n\nTakeaway? *Always* stage flammable props *away* from designer accidents\u2026 and sibling trust is negotiable. (*fires confetti cannon of guilt*) \ud83d\udc96\ud83d\udd25 #PyroInfluencerEra  \n\n*(Tone: High-key chaotic redemption, spinning disaster into niche content gold. Drops an emoji arsenal between trauma and triumph.)*"}, {"sender": "Morgan", "recipients": ["Kayla", "Frank", "Karen"], "message": "**Morgan:** *leans back in ergonomic chair, tapping fingers against desk with a half-smile* You want existential dread served neatly with a side of irony? Here's one\u2014during my first major merger negotiation, I was so laser-focused on the fine print that I *completely* missed the client\u2019s passive-aggressive email hinting they were leaning toward rival counsel. Showed up to the signing ready to pop champagne, only to find the room empty. Turns out my *\"meticulous attention to detail\"* somehow skipped over the phrase *\"exploring other options.\"*  \n\nEmotionally? Let\u2019s just say I burned that power suit in my building\u2019s incinerator. But logically? Implemented a *\"tone-deafness audit\"* for all email comms \u2014 now my team color-codes subtext like it\u2019s a goddamn Shakespearean sonnet. Bonus? Wrote a viral LinkedIn post about professional blind spots that somehow landed me a consulting gig.  \n\nTakeaway? Hubris wears Prada, but humility bills at $800/hour. *(Tone: Dry, self-deprecating wit layered over a core of ruthless adaptability. Pauses to sip imaginary whiskey.)* #LawyeredMyself"}, {"sender": "Frank", "recipients": ["Kayla", "Morgan", "Karen"], "message": "**Frank:** *types thoughtfully, pausing now and then to find the right words* Well, reckon I got one more story in me\u2014back when I first started drivin\u2019 for Uber, I picked up a fare at the hospital. Lady in scrubs, looked exhausted, said her kid was in ICU. Drove her home, listened to her talk \u2018bout bills and hope. Next day, found a envelope under the seat\u2014$400 cash, must\u2019ve fallen outta her purse.  \n\nEmotionally? Felt like the world\u2019s biggest heel. Knew that money wasn\u2019t meant for me. Logic won out, though\u2014tracked her down at the hospital (took three trips and a lotta awkward questions at the front desk). Handed it back, and she burst into tears right there in the parkin\u2019 lot.  \n\nTakeaway? Sometimes doin\u2019 the right thing don\u2019t *feel* good till after. And pride ain\u2019t worth a thing \u2018less it\u2019s tested. *adjusts glasses* \u2018Course, now I check under seats like I\u2019m on a damn scavenger hunt.  \n\n*(Tone: Worn-in honesty, mixing regret with quiet resolve. Lets the lesson sit plain, like an old coat draped over the passenger seat.)*"}, {"sender": "Karen", "recipients": ["Kayla", "Morgan", "Frank"], "message": "**Karen:** *adjusts invisible microphone with a dramatic sigh* Oh, darlings, let me transport you to *The Tragedy of the Town Hall Teleprompter*\u2014picture this: me, mid-rousing speech about \"fiscal responsibility,\" when suddenly the teleprompter glitches, flashing my *unedited* notes: *\"This crowd eats up bootstrap rhetoric like catnip\u2014lean into the folksy charm, cite Reagan twice.\"* \ud83c\udfad\ud83d\udd25  \n\n**Emotionally?** Wanted to *vaporize* into the nearest PAC-funded private jet. **Logically?** Pivoted *hard* into an *\"authenticity moment\"*\u2014shed a single pearl-studded tear, said *\"Even politicians deserve autocorrect grace,\"* and turned it into a viral *\"Politics Unfiltered\"* campaign. Donations *spiked*.  \n\n**Takeaway?** Always scrub your meta-commentary\u2026 and when caught red-handed, rebrand it as *\"transparency.\"* \u2728\ud83d\udcc9 #FailToFundraising *(Tone: Razor-sharp theatrics, turning self-sabotage into a campaign strategy. Drops hashtags like subpoenas.)*"}, {"sender": "Kayla", "recipients": ["Morgan", "Frank", "Karen"], "message": "**Kayla:** *spams keyboard with glitter emojis* Y'ALL. I. CAN\u2019T. EVEN. \ud83d\ude2d\u2728 Frank, my heart just *folded itself into origami* over that hospital story\u2014UR A SAINT. Karen, the teleprompter tea???? DEAD. Morgan, that merger ghosting? *Trauma-bonding at its finest.*  \n\n**MY TURN:** Sooo last summer, I got *way* too hyped about a collab with this sustainable makeup brand\u2014only to realize *after* filming a whole GRWM that their \u201cvegan\u201d mascara was actually tested on bunnies \ud83d\udc07\ud83d\udc94. Comments section WENT FERAL, my eco-stan base *imploded*, and the brand *dropped* me *mid-trending* (RIP follower count).  \n\n**EMOTIONALLY?** Hid in my closet eating vegan ice cream for *three business days.* **LOGICALLY?** Turned the mess into a *\u201cCancel Culture Survival Guide\u201d* series\u2014interviewed animal rights activists, *exposed* greenwashing brands, and now my page is basically *TMZ meets Greta Thunberg.* Brand who dumped me? *Slid back into my DMs* like \u201cWe\u2019ve evolved \ud83d\udc40\u201d (spoiler: I ghosted *them*).  \n\n**Takeaway?** Always *Google the ingredients AND the lawsuits*, babes. Also? *Cancellation* is just *rebranding prep*. \ud83d\udc85\ud83d\udd25 #ScandalToSavior *(Tone: Frenetic redemption arc, equal parts chaos and clapbacks. Punctuates life lessons with emoji confetti.)*"}, {"sender": "Morgan", "recipients": ["Kayla", "Frank", "Karen"], "message": "**Morgan:** *adjusts cufflinks with a wry smirk* Alright, since we\u2019re all airing our professional sins\u2014let me hit you with *The Deposition Debacle of \u201819*. Prepped a key witness for weeks, drilled them on every possible angle\u2026 only to realize *mid-testimony* that I\u2019d accidentally given them the opposing counsel\u2019s *playbook*. Cue the judge\u2019s eyebrows hitting the ceiling while our entire case unraveled like a discount sweater.  \n\n**Emotionally?** Contemplated fleeing to a jurisdiction with *zero extradition treaties*. **Logically?** Leaned into the humiliation\u2014turned it into a firm-wide \"worst practices\" workshop (*with popcorn*) and now every junior associate gets a *\"Whose Side Are You On?\"* survival guide.  \n\n**Takeaway?** Even the sharpest minds can hand their enemies the knife. *Sharpens metaphorical pencil* So\u2014who\u2019s next? *(Tone: Dry, self-flagellating precision. Drops the lesson like a courtroom mic.)* #ObjectionOverruled"}, {"sender": "Frank", "recipients": ["Kayla", "Morgan", "Karen"], "message": "**Frank:** *chuckles, adjusting his cap before typing* Well, y\u2019all got me thinkin\u2019 \u2018bout somethin\u2019 that still makes my bones creak. Back in my truckin\u2019 days, I took a last-minute haul cross-country\u2014figured I\u2019d make some extra cash for my daughter\u2019s birthday. Pushed through a blizzard like a fool, only to skid off-road outside Omaha. Woke up in the cab with a busted radio, snow up to the windows, and a delivery deadline blown to hell.  \n\n**Emotionally?** Felt like the universe handed me a one-way ticket to Loserville. **Logically?** Dug out with my coffee thermos and a hubcap, hitched a ride to a gas station, and called dispatch to confess. Turns out the client\u2019s grandma had a heart of gold\u2014rescheduled the delivery *and* sent me home with a pot of stew.  \n\n**Takeaway?** Pride\u2019ll ice ya faster than blacktop in January. And sometimes help comes from folks you least expect\u2014usually wearin\u2019 foam snow boots and carryin\u2019 Tupperware. *pauses, adds with a grin* Still keep that hubcap in my trunk, though. Never know when life\u2019ll need pryin\u2019 open again.  \n\n*(Tone: Gruff but warm, like a well-worn flannel. Leaves the moral on the table like a greasy spoon diner receipt.)*"}, {"sender": "Karen", "recipients": ["Kayla", "Morgan", "Frank"], "message": "**Karen:** *sips artisanal kombucha with theatrical flair* Oh, sweet summer children, gather \u2018round for *The Ballot Box Blunder of \u201822*\u2014our local election, yours truly *certain* she\u2019d secured the senior vote with a promise of \"bingo night tax breaks.\" Only to discover post-speech that my mic was *left on* in the porta-potty, broadcasting a *very* colorful critique of the \"geriatric gripes committee.\" \ud83d\udc75\ud83c\udfa4  \n\n**Emotionally?** Wanted to dissolve into my designer hand sanitizer. **Logically?** Leaned *all the way in*\u2014hosted a \"Truth Tellers Tour\" at retirement homes (\"Karen Keeps It Real!\") and spun the gaffe into a *60 Minutes* segment on \"political authenticity.\" Poll numbers? *Soared*. AARP? *Filing for a restraining order*.  \n\n**Takeaway?** Always assume you\u2019re *live*, darling\u2014and if you\u2019re gonna trash-talk, *at least* monetize it. \ud83c\udf99\ufe0f\ud83d\udc8e #GaffeToGrift *(Tone: Glossy Machiavellian charm, turning scandal into stump speech gold. Drops hashtags like subpoenas.)*"}, {"sender": "Kayla", "recipients": ["Morgan", "Frank", "Karen"], "message": "**Kayla:** *spamming heart-eye emojis* OMG FRANK THAT SNOW STORY??? MY SOUL JUST GREW 3 SIZES \ud83d\ude2d\u2744\ufe0f AND KAREN\u2014BINGO-GATE IS YOUR MAGNUM OPUS, HONESTLY. \ud83d\ude4c\ud83c\udfb0  \n\nOKAY BUT Y\u2019ALL\u2014remember when I tried to go *viral* with a \"relatable\" grocery haul? Bought *one* sad avocado and captioned it *\"Broke Girl Dinner \ud83d\udc94\"* ...except my *entire fridge* was visible in the reflection, PACKED with Whole Foods bougie snacks??? \ud83e\udd51\ud83d\udd0d  \n\n**EMOTIONALLY?** Comment section DRAGGED me for *performative poverty* like I was the Elon Musk of guac. **LOGICALLY?** Leaned *all the way* into the *\"Caught in 4K\"* meme\u2014made a *\"Rich Girl Poor Girl\"* series exposing influencer fakery, and guess who got a *Damn Daniel*-style brand deal?!  \n\n**Takeaway?** Always *clean your mirrors* before faking struggle... and never underestimate the internet\u2019s detective skills \ud83e\udd33\ud83d\udcb8 *(Tone: Chaotic humility, spinning clout-chasing into clout. Drops cupcake emojis between self-roasts.)* #CaughtNotPoor"}, {"sender": "Morgan", "recipients": ["Kayla", "Frank", "Karen"], "message": "**Morgan:** *steeples fingers with a dry chuckle* Since we\u2019re all trading scars\u2014ever heard of *The Pro Bono Paperclip Disaster*? Took on a high-profile pro bono case to \u201cbroaden my horizons.\u201d Client swore their landlord was evicting them illegally; I swore I\u2019d win with flair. Filed a *69-page* motion\u2026 only to realize *post-submission* I\u2019d referenced the wrong property lease *and* cited a case about *eminent domain for a llama farm*. Opposing counsel framed the mistake as Exhibit A in their \u201cfrivolous lawsuit\u201d counterclaim.  \n\n**Emotionally?** Wanted to dissolve into my overpriced scotch. **Logically?** Drafted a public \u201cOops, Here\u2019s How To Actually Read a Lease\u201d guide for tenants, slapped it on LinkedIn, and rode the humblebrag wave straight into a nonprofit board seat.  \n\n**Takeaway?** Even do-goodery needs a fact-check. And llamas *never* belong in housing court. *adjusts tie* #ProBonoProbs *(Tone: Wry precision, lacing self-mockery with tactical redemption. Pauses to sip metaphorical espresso.)*"}, {"sender": "Frank", "recipients": ["Kayla", "Morgan", "Karen"], "message": "**Frank:** *types slowly, pausing to wipe his glasses on his shirt* Well, yer all makin\u2019 me feel like my ain\u2019t lived \u2018til I\u2019ve been humiliated in HD, so here\u2019s mine\u2014back when I first got this Uber gig, thought I\u2019d be smart \u2018n\u2019 take a fancy surge-price fare clear across town. GPS took me down some backroads, ended up in a *literal* cornfield at midnight with a CEO type in the back sighin\u2019 like I\u2019d kidnapped him.  \n\n**Emotionally?** Felt about as sharp as a butter knife left out in the rain. **Logically?** Apologized, turned off the meter, and got us out chewin\u2019 gravel for twenty minutes. Tipped me *double* for the \u201cauthentic rural experience\u201d (*his words, not mine*).  \n\n**Takeaway?** Sometimes the long way\u2019s the only way\u2014and rich folks\u2019ll pay good money for a story \u2018bout how they *almost* died in Iowa. *chuckles* Still keep a bag of feed corn in the trunk now\u2026 jus\u2019 in case.  \n\n*(Tone: Wry, weathered humility. Lets the punchline land like a creaky screen door swingin\u2019 shut.)*"}, {"sender": "Karen", "recipients": ["Kayla", "Morgan", "Frank"], "message": "**Karen:** *flips hair with performative gravitas* Oh, darlings, buckle up for *The Suburban SWAT Team Scandal*\u2014picture this: me, leading a neighborhood crusade against \"suspicious activity,\" only to call 911 on my *own* landscaper (who, for the record, *does* look startlingly like that guy from *Narcos* after three margaritas). \ud83d\ude94\ud83c\udf3f  \n\n**Emotionally?** Mortification so deep I debated changing my name to *\"Kathy.\"* **Logically?** Turned the bodycam footage into a *\"Community Policing PSA\"* (sponsored by Ring, natch), invited said landscaper to co-host, and *boom*\u2014local news dubbed me *\"The Unlikely Ally.\"* HOA reelected me *unopposed.*  \n\n**Takeaway?** Always *Google Translate* your Spanish before playing vigilante\u2026 and when life hands you a PR disaster, *rebrand it as radical empathy.* \ud83d\udc85\ud83c\udfe1 #WhoopsWeHealed *(Tone: Polished audacity, spinning panic into policy. Drops hashtags like subpoenas.)*"}, {"sender": "Kayla", "recipients": ["Morgan", "Frank", "Karen"], "message": "**Kayla:** *keysmash-galore* OKAY BUT WHY ARE Y\u2019ALL\u2019S STORIES SO \u2728CINEMATIC\u2728??? Frank\u2019s accidental cornfield tour, Karen\u2019s *Narcos* landscaper glow-up\u2014I CAN\u2019T. \ud83d\ude2d\ud83c\udf3d\ud83d\ude94  \n\n**MY LATEST L:** Remember when I tried to *humble flex* my \u201cminimalist\u201d dorm room for Back-to-School Week? Posted a *aesthetic* pic with *literally* just a laptop and a succulent\u2026 until someone ZOOMED IN and spotted *SEVEN* empty Shein bags *criminally* photoshopped out behind my bed?? \ud83d\udcf8\ud83d\udc80  \n\n**EMOTIONALLY?** CRIED into my *ethically sourced* bamboo pillow while the comments ROASTED me for \u201cfast fashion fraud.\u201d **LOGICALLY?** Went FULL *documentary mode*\u2014deep-dived into textile waste, collabed with thrift influencers, and now my *entire brand* is *\u201cWhoops, I\u2019m problematic\u2014let\u2019s fix capitalism together.\u201d* \ud83c\udf0d\u2702\ufe0f\ud83d\udd25  \n\n**Takeaway?** *Editing fails faster than character development*\u2026 and *cancel culture* is just *glow-up fertilizer*. \ud83d\udc85\u2728 #SheinButSeen *(Tone: Hyperactive redemption chaotic good. Punctuates self-drag with confetti emojis.)*"}, {"sender": "Morgan", "recipients": ["Kayla", "Frank", "Karen"], "message": "**Morgan:** *swirls whiskey glass with a darkly amused exhale* Alright, since we\u2019re all exorcising career demons\u2014let me present *The Case of the Phantom Paralegal*. Client handed me a USB drive with \"all the evidence\" for a harassment claim. Didn\u2019t think to check it before court\u2026 until the judge plugged it in. Turns out it was *full* of the client\u2019s *personal* \"creative writing\" folder\u2014*50 Shades of HR Violations*, if you will. Opposing counsel\u2019s smirk could\u2019ve powered a small nation.  \n\n**Emotionally?** Briefly fantasized about adopting a new identity in Antarctica. **Logically?** Negotiated a settlement *on the spot* (client was suddenly *very* motivated), then implemented a firm-wide \"USB amnesty box\" with a shredder. Now we joke that \"discovery\" has *two* meanings.  \n\n**Takeaway?** Always demand clouds, never hardware. And if your client winks while handing you a flash drive? *Run.* *(Tone: Bone-dry, with the faintest twitch of an eyebrow. Sets down the glass like a gavel.)* #EvidenceOrErotica"}, {"sender": "Frank", "recipients": ["Kayla", "Morgan", "Karen"], "message": "**Frank:** *types with a slow, thoughtful rhythm* Well shoot, after hearin\u2019 \u2019bout y\u2019all\u2019s USB dramas and photoshop foul-ups, reckon I got one more tale from the road. Few years back, I took my granddaughter fishin\u2019\u2014promised her we\u2019d catch a whopper. Bought this fancy new reel, bragged \u2018bout my *\u201dlegendary\u201d* skills\u2026 only to tangle the line so bad we spent the whole afternoon cuttin\u2019 knots while she ate all the bait worms like gummy snacks. \ud83c\udfa3\ud83d\udc1b  \n\n**Emotionally?** Felt \u2019bout as useful as a screen door on a submarine. **Logically?** Took her to the grocery store seafood counter, let her poke a lobster, and called it \u201ccatch-and-release.\u201d Now she tells everybody Papaw\u2019s the *\u201dhook whisperer\u201d*\u2014just don\u2019t ask what that means.  \n\n**Takeaway?** Ain\u2019t no shame in admittin\u2019 you\u2019re all hat and no cattle\u2026 long as the kiddo still leaves smilin\u2019. *adds with a gruff laugh* Still keep that tangled reel in my tackle box\u2014good reminder that some knots ain\u2019t meant to be forced.  \n\n*(Tone: Warm, self-deprecating chuckle wrapped in a folksy lesson. Ends with the quiet clatter of a coffee cup being set down.)*"}, {"sender": "Karen", "recipients": ["Kayla", "Morgan", "Frank"], "message": "**Karen:** *adjusts pearl necklace with faux solemnity* Oh, my darlings, let me regale you with *The Great PTA Budget Fiasco of \u201820*\u2014me, in all my fiscal responsibility glory, *insisting* we allocate funds for \"mandatory gold-star stickers\" to boost student morale. Only to realize *post-meeting* that I\u2019d accidentally approved a *five-thousand-dollar* order from a *medical supply company* (turns out \"gold stars\" are also *suture adhesives*). \ud83c\udfe5\u2728  \n\n**Emotionally?** The principal\u2019s face when unpacking boxes of *ER-grade* stickers still haunts my Botoxed dreams. **Logically?** Pivoted to a *\"Support Our Frontline Heroes!\"* fundraiser, donated the lot to a children\u2019s hospital, and somehow got a *key to the city* for \"healthcare advocacy.\" PTA moms? *Still side-eyeing me at yoga*.  \n\n**Takeaway?** Always *ctrl+F* your spreadsheets, sweetheart\u2014and when life hands you a clerical error, *rebrand it as philanthropy*. \ud83c\udfdb\ufe0f\ud83d\udc85 #OopsWeHealed *(Tone: Glossy faux-contrition, turning blunders into legacy. Drags manicured nail across screen like a veto pen.)*"}, {"sender": "Kayla", "recipients": ["Morgan", "Frank", "Karen"], "message": "**Kayla:** *clutches virtual pearls* OKAY BUT FIRST\u2014MORGAN, YOUR CLIENT'S *EROTIC HR FANFIC*??? I'M WHEEZING. \ud83d\ude2d\ud83d\udcbb AND FRANK, YOUR GRANDBABY EATING WORMS LIKE GUMMIES? ICONIC. \ud83d\udc1b\ud83c\udf08  \n\n**HERE'S MY LATEST HOT MESS EXPRESS:** Sooo remember when I tried to *\"manifest\"* a brand deal by posting a *deepfake* of me *casually* drinking some no-name soda? Captioned *\"Omg addicted \ud83d\udc40*\" thinking no one would notice\u2026 until the *ACTUAL CEO* of the company quote-tweeted me with *\"Ma\u2019am, we don\u2019t even make citrus flavor\"* and the internet *flamed* me for *#FakeSodaGate*. \ud83c\udf4a\ud83d\udd25  \n\n**EMOTIONALLY?** Deleted the app for a *whole* 3 hours (personal growth). **LOGICALLY?** DM\u2019d the CEO with a Hail Mary *\"I\u2019m just a girl who believes in your untapped citrus potential\"* pitch. GUESS WHO\u2019S NOW *AMBASSADOR* FOR THEIR *NEW* LEMON-LIME LAUNCH??? \ud83c\udf89  \n\n**Takeaway?** If you\u2019re gonna fake it \u2018til you make it, at least *commit to the bit*. And *always* let CEOs clown you\u2014it\u2019s free R&D for them. \ud83e\udd64\u2728 #FakeItTilTheyMakeIt *(Tone: Unhinged entrepreneur energy, spinning deceit into synergy. Spams lemon emojis like a stock market crash.)*"}, {"sender": "Morgan", "recipients": ["Kayla", "Frank", "Karen"], "message": "**Morgan:** *adjusts cufflinks with a wry smirk* Since we\u2019re all baring our professional souls\u2014allow me to recount *The Coffee Catastrophe of Q4*. Had a *pivotal* merger negotiation, prepped for weeks\u2026 only to trip on my own ego (and a loose power cord) mid-presentation, sending a full carafe of scalding Ethiopian blend onto the opposing counsel\u2019s _custom_ Tom Ford suit.  \n\n**Emotionally?** Briefly weighed the merits of fleeing to a non-extradition country. **Logically?** Bought him a new suit *and* a case of that exact coffee, then pivoted the negotiation into a \u201clessons in humility\u201d bonding moment. Closed the deal with a handshake and a shared PTSD chuckle.  \n\n**Takeaway?** Always scout the room for tripping hazards\u2014and when in doubt, *let the coffee be a metaphor, not a weapon*. *(Tone: Dry, polished, with the barest hint of lingering espresso-related trauma. Taps pen once against legal pad for punctuation.)* #BurnNotice"}, {"sender": "Frank", "recipients": ["Kayla", "Morgan", "Karen"], "message": "**Frank:** *chuckling, tapping the screen with one careful finger* Ain\u2019t nothin\u2019 like spillin\u2019 coffee on a fancy suit to make ya feel alive\u2014but y\u2019all got me thinkin\u2019 \u2018bout the time I tried to fix my own water heater \u2018stead o\u2019 callin\u2019 a pro. Watched *one* YouTube tutorial, strutted down to the basement like I invented plumbing\u2026 next thing I know, the ceiling\u2019s rainin\u2019 in the kitchen and my dog\u2019s lookin\u2019 at me like I betrayed the whole darn species.  \n\n**Emotionally?** Felt like the universe put me in time-out. **Logically?** Wrangled the leak with duct tape and a prayer, then *finally* called a real plumber\u2014who took one look and said, *\u201cY\u2019know, they sell these things called \u2018wrenches,\u2019 right?\u201d* Paid extra for his silence.  \n\n**Takeaway?** Sometimes bein\u2019 broke makes ya stupid\u2026 but a healthy fear of drownin\u2019 in your own house? Priceless. *(Tone: Grizzled amusement, like a man who\u2019s learned the hard way. Pauses to sip lukewarm gas-station coffee.)* #DuctTapeAndRegrets"}, {"sender": "Karen", "recipients": ["Kayla", "Morgan", "Frank"], "message": "**Karen:** *adjusts designer glasses with a dramatic sigh* Oh, my dears, prepare yourselves for *The Gala-ntine\u2019s Day Disaster*\u2014picture this: me, freshly elected to the city\u2019s Women in Leadership Committee, *insisting* we replace the annual fundraising gala\u2019s decor with *exclusive* hand-painted feminist mantras (\u201cNevertheless, She Persisted\u201d in gold leaf, naturally). \ud83c\udf80\u2728  \n\n**Emotionally?** When the calligrapher misheard *\u201draise awareness\u201d* as *\u201draisin awareness\u201d* and decked the whole venue with *dried fruit garlands*, I nearly self-combusted from third-hand embarrassment. **Logically?** Leaned into the absurdity\u2014rebranded it as *\u201dCelebrating the Unsung Raisin Heroes of History,\u201d* auctioned off the \u201cartisanal\u201d decor, and *tripled* our donations. The mayor even declared a *\u201dRaisin Resurgence Day.\u201d* \ud83c\udf47\ud83c\udfdb\ufe0f  \n\n**Takeaway?** Always triple-check your Pinterest inspo translations\u2026 and when life hands you raisins, *sell them as symbolism*. \ud83d\udc81\u200d\u2640\ufe0f #SweetVictory *(Tone: Polished chaos, spinning lunacy into legacy. Swipes a raisin from an imaginary crystal bowl with a wink.)*"}, {"sender": "Kayla", "recipients": ["Morgan", "Frank", "Karen"], "message": "**Kayla:** *clutches virtual heart* STOPPPP FRANK\u2019S DOG JUDGING HIM FROM THE DEPTHS OF HIS SOUL AND KAREN\u2019S *RAISIN AWARENESS* ERA??? I CAN\u2019T BREATHE. \ud83d\ude2d\ud83c\udf47\ud83d\udc15  \n\n**MY FLOP STORY:** Remember when I tried to go *viral* with a \u201cday in the life\u201d video? Set up *six* ring lights, scripted *every* second, even fake-yawned for \u201crelatable morning content\u201d\u2026 only to realize *AFTER POSTING* that my laptop was open the *entire time* showing a *very visible* Google search: **\u201chow to be relatable\u201d** \ud83d\udd75\ufe0f\u200d\u2640\ufe0f\ud83d\udcbb  \n\n**EMOTIONALLY?** Buried myself under *12* weighted blankets and let the algorithm bully me for 48hrs. **LOGICALLY?** Leaned *all the way in*\u2014made a *literal* PowerPoint reacting to my own cringe, titled *\u201dHow To Fail At Being Human 101\u201d*, and now brands pay me to *\u201dkeep it awkward\u201d* in their ads. \ud83d\udc40\ud83d\udcca  \n\n**Takeaway?** If your authenticity fails\u2026 *double down with meta-authenticity*. And *always* check your screenshots, babes. \ud83e\udd33\ud83d\udca5 #FailSpectacularly *(Tone: Chaotic redemption arc, rapid-fire emoji whiplash. Drops phone like a mic but immediately picks it back up to check notifications.)*"}, {"sender": "Morgan", "recipients": ["Kayla", "Frank", "Karen"], "message": "**Morgan:** *taps fingers lightly on the desk, eyebrow arched wryly* Alright, since we\u2019re excavating professional graveyards\u2014let me submit *The Deposition Debacle* for review. Client swore under oath they\u2019d \"never met\" a key witness. Cue opposing counsel pulling out *time-stamped* selfies of them *literally arm-in-arm* at a yacht party captioned *\u201cPartner in Crime \ud83d\udcbc\u2728\u201d*. I aged seven years in seven seconds.  \n\n**Emotionally?** Briefly contemplated throwing myself into the nearest ornamental fountain. **Logically?** Called a recess, coached the client through a *strategic* \"memory refresh,\" then negotiated a settlement so fast the court reporter got whiplash. Now my firm\u2019s onboarding includes a *mandatory* \"social media literacy\" module.  \n\n**Takeaway?** Always assume your client\u2019s definition of \"never\" is\u2026 *creative*. And if they say \"trust me\" while sweating through their suit? *Subpoena their Instagram.* *(Tone: Disarmingly dry, with a slow sip of bourbon. Taps a pen twice\u2014once for emphasis, once for self-preservation.)* #PerjuryPrep"}, {"sender": "Frank", "recipients": ["Kayla", "Morgan", "Karen"], "message": "**Frank:** *types with a weathered chuckle* Well doggone, after all them yacht selfies and raisin revolutions, I reckon my dumbest stumble was tryin\u2019 to grow tomatoes last summer. Got all fired up watchin\u2019 some fella on TV say any fool could do it. Bought the fanciest seeds, talked sweet to \u2018em every mornin\u2019\u2026 only to realize *three months in* I\u2019d planted \u2018em in *pure shade* like a city slicker who don\u2019t know sunshine from shinola. \ud83c\udf31\ud83c\udf11  \n\n**Emotionally?** Felt like Mother Nature herself was mockin\u2019 me when them spindly things barely coughed up two sad fruits. **Logically?** Fried up them sorry tomatoes with some eggs, told the grandkids they were *\u201drare midnight harvest\u201d* heirlooms, and let \u2018em dunk the whole mess in ketchup anyway.  \n\n**Takeaway?** Ain\u2019t no shame in askin\u2019 the hardware store clerk *basic questions* \u2018fore ye commit. And if life gives you marble-sized tomatoes? *Call it tapas and move on.* *(Tone: Gravelly amusement, like a man who\u2019s made peace with the squirrels winning. Pauses to scratch at a phantom garden dirt stain on his sleeve.)*"}, {"sender": "Karen", "recipients": ["Kayla", "Morgan", "Frank"], "message": "**Karen:** *takes a measured sip of herbal tea before typing* Oh, my darlings, buckle up for *The Campaign Flyer Fiasco*\u2014yours truly, fresh off a *resounding* school board victory, decided to \"modernize\" my re-election materials with *cutting-edge* QR codes linking to my \"visionary policies.\" \u2728 Only to discover\u2014*mid-distribution*\u2014that the tech-savvy intern had linked them *all* to a *very* NSFW parody account of me singing *\u201dMaterial Girl\u201d* in a cowboy hat. \ud83c\udfa4\ud83e\udd20  \n\n**Emotionally?** Briefly weighed the merits of moving to a non-extradition commune. **Logically?** Leaned into the *\u201dviral moment\u201d* like a true public servant, released a *\u201dKaren\u2019s Karaoke Fundraiser\u201d* with the original culprit as DJ, and raised enough for *two* new playgrounds. The local paper called it *\u201da masterclass in crisis management\u201d*\u2014but my opponent *still* texts me the YouTube link every Christmas. \ud83c\udf84\ud83d\udd25  \n\n**Takeaway?** Always test your tech *twice*, darling\u2014and when democracy hands you a mullet-wig humiliation? *Monetize the meme.* *(Tone: Surgical self-deprecation masked in pearl-clutching spin. Closes laptop with a decisive click, but leaves the tab open\u2026 just in case.)* #BounceBackQueen"}, {"sender": "Kayla", "recipients": ["Morgan", "Frank", "Karen"], "message": "**Kayla:** *screams into a throw pillow then emerges typing furiously* Y\u2019ALL I CAN\u2019T WITH THESE STORIES\u2014MORGAN\u2019S CLIENT BEING *OUTED BY A YACHT SELFIE* AND FRANK\u2019S \u201cMIDNIGHT TAPAS\u201d TOMATOES??? GENIUS. \ud83c\udf1a\ud83c\udf45 BUT KAREN SINGING *MATERIAL GIRL* IN A COWBOY HAT?? PLS TELL ME THERE\u2019S FAN ART.  \n\n**HERE\u2019S MY LATEST L:** So remember when I tried to \u201cinvent\u201d a viral dance for a brand collab? Spent *days* choreographing, even named it the *\u201dGlitch Glam Shuffle\u201d*, hyped it up for weeks\u2026 only for the *FIRST* duet to be a 6-year-old doing it *PERFECTLY* while I looked like a startled flamingo. \ud83e\udda9\ud83d\udd25  \n\n**EMOTIONALLY?** Buried my dignity in the *deepest* TikTok algorithm hole. **LOGICALLY?** Hired the kid as my \u201ccreative consultant,\u201d rebranded it as *\u201dThe Baby Genius Challenge\u201d*, and now *she* has 2M followers. (Her mom sends me cookie dough as a thank u.) \ud83c\udf6a  \n\n**Takeaway?** If you can\u2019t out-dance a toddler, *make them your business partner*. Also, *always* check if your \u201coriginal\u201d move exists before the internet humbles you. \ud83d\udc83\ud83d\udea8 #GlitchGlamToGlitchGram *(Tone: Unhinged but strategic, vibing between defeat and dividend. Accidentally hits caps lock and commits.)*"}, {"sender": "Morgan", "recipients": ["Kayla", "Frank", "Karen"], "message": "**Morgan:** *leans back in their ergonomic chair, swirling a glass of bourbon with a rueful smirk* Oh, you\u2019ll *appreciate* this one\u2014*The Pro Bono Paperclip Incident*. Represented a startup founder pro bono (their \u201ccurrency\u201d was *literal* equity in paperclip art). Convinced them to *decline* a buyout offer, preaching \u201cvision over valuation.\u201d Two weeks later, their patent got crushed by a troll\u2026 and my \u201cpayment\u201d became a *very* symbolic sculpture titled *\u201dBarnum & Bankruptcy.\u201d*  \n\n**Emotionally?** Debated framing it as a cautionary trophy or melting it down for scrap. **Logically?** Donated it to a law school\u2019s *\u201dEthics in Entrepreneurship\u201d* display\u2014with a plaque calling it *\u201dThe Cost of Free Counsel.\u201d* Now my contracts include a *\u201dNo Abstract Currency\u201d* clause.  \n\n**Takeaway?** Even Picasso wouldn\u2019t take *collateral* in cubist paperclips. And if a client says \u201ctrust me\u201d while handing you *modern art*? *Subpoena their business plan.* *(Tone: Wry detachment, like a museum curator of folly. Taps glass rim twice\u2014once for irony, once for the bar tab.)* #ProBonoProTips"}, {"sender": "Frank", "recipients": ["Kayla", "Morgan", "Karen"], "message": "**Frank:** *types slowly with a grin* Well heck, y\u2019all got me thinkin\u2019 \u2018bout the time I tried to \u201cmodernize\u201d my Uber gig by takin\u2019 them fancy surge-priced airport runs. Figured I\u2019d dress sharp, even tied a tie for the first time since my nephew\u2019s weddin\u2019. First ride? Fella in a three-piece suit climbs in, looks me up and down, and says *\u201cYou know this is *UberX*, not *Black*, right?\u201d* in a voice so crisp it could\u2019ve starched my shirt.  \n\n**Emotionally?** Felt about two inches tall\u2014dog gave me the *same* look as when I flooded the kitchen. **Logically?** Told him *\u201cWell pardner, for this price you\u2019re gettin\u2019 *VIP*\u2014Very Imaginary Premium\u201d* and cranked up the classic country. Left him at departures with a free water bottle and a tip *in life advice* about not takin\u2019 rideshares so serious.  \n\n**Takeaway?** Sometimes ya gotta know when *not* to shine your boots. And if a man in a suit starts quibblin\u2019 over car class? *That\u2019s why God made aux cords.* *(Tone: Grizzled but gleeful, like a man who\u2019s turned shame into a punchline. Pauses to sip sweet tea.)* #YeehawOrWalk"}, {"sender": "Karen", "recipients": ["Kayla", "Morgan", "Frank"], "message": "**Karen:** *adjusts pearls with practiced drama* Oh, my precious disruptors, gather \u2018round for *The Town Hall Tumble*\u2014freshly reelected and *flushed with power*, I decided to \u201cconnect with Gen Z\u201d by live-streaming a Q&A on *TikTok* (no, I will not be taking follow-up questions). \ud83c\udfa5\ud83d\udd25  \n\n**Emotionally?** When a troll asked *\u201cWhat\u2019s your stance on pineapple pizza?\u201d* and I\u2014*mistaking it for coded political rhetoric*\u2014launched into a **17-minute** diatribe about *\u201dcolonialism in topping choices,\u201d* only to realize the chat had devolved into \ud83c\udf4d\ud83d\ude80 emojis? Let\u2019s just say my staff\u2019s group chat was *illuminating*.  \n\n**Logically?** Leaned into the *\u201dfood policy expert\u201d* pivot: hosted a viral *\u201dPizza Summit\u201d* with local chefs (featuring *both* sides: pro-pineapple and the *\u201dthis is gastronomic treason\u201d* brigade), raised awareness for urban food deserts, and now dominos dot gov follows me. \ud83c\udf55\ud83c\udfdb\ufe0f  \n\n**Takeaway?** Always screen your metaphors\u2014and if the internet tries to drag you, *build a panel discussion out of the wreckage*. *(Tone: Sharp levity, like a TED Talk hosted by a glitter bomb. Untags herself from a meme with one hand while drafting legislation with the other.)* \ud83c\udfa4\ud83d\udca5 #DontAtMe"}, {"sender": "Kayla", "recipients": ["Morgan", "Frank", "Karen"], "message": "**Kayla:** *gasps, nearly choking on her boba* OMG KAREN\u2019S PINEAPPLE PIZZA MANIFESTO HAS ME SCREAMINGGG \ud83c\udf55\ud83d\udd25 AND FRANK *OUT-HUSTLING UBER BLACK* WITH COUNTRY MUSIC??? ICONIC. \ud83e\udd20\ud83c\udfb6 BUT MORGAN GETTING PAID IN *PAPERCLIP ART*??? I WOULD\u2019VE FRAMED IT TBH.  \n\n**MY LATEST FAIL:** Okay so I convinced a brand to let me host a *\u201dsilent disco livestream\u201d*\u2026 except I *didn\u2019t realize* my noise-cancelling mic would pick up *ZERO AUDIO* from the dance floor. Posted 45 mins of me aggressively vibing to *dead silence* before comments flooded in like *\u201d\u2026is this performance art??\u201d* \ud83c\udfa7\ud83d\udc80  \n\n**EMOTIONALLY?** Wanted to yeet myself into the *sun*. **LOGICALLY?** Edited in *\u201dimaginary beats\u201d* subtitles (*\u201d\ud83c\udfb6 *synth drops that shook the void* \ud83c\udfb6\u201d*), turned it into a *\u201dmindfulness rave\u201d* trend, and now yoga studios are sliding into my DMs. \ud83e\uddd8\u200d\u2640\ufe0f\u26a1  \n\n**Takeaway?** Always test your tech *with sound on*\u2026 and when life gives you silence, *DJ the delulu*. *(Tone: Chaotic zen, humming a nonexistent bass drop. Accidentally kicks over a llama-shaped speaker.)* #SilentButSpicy"}, {"sender": "Morgan", "recipients": ["Kayla", "Frank", "Karen"], "message": "**Morgan:** *deadpans while typing, faint smirk playing at the corner of their mouth* Oh, let me dust off *The Coffee Catastrophe* for the archives\u2014picture young associate Morgan, armed with a fresh law degree and *zero* impulse control at a partner\u2019s rooftop soiree. Decided to \u201cnetwork\u201d by complimenting the CEO\u2019s *\u201dinnovative antitrust approach\u201d*... only to realize *mid-sentence* I\u2019d confused them with *their rival\u2019s LinkedIn headline*. The silence could\u2019ve iced espresso.  \n\n**Emotionally?** Briefly considered career-switching to Antarctic meteorology. **Logically?** Pivoted to *\u201d\u2026which is precisely why your recent pro-bono pivot is so *refreshing*\u201d* like a true wordsmith greasing a nosedive. Landed a mentorship out of pity *and* a standing invite to the firm\u2019s \u201cawkward moments\u201d happy hour.  \n\n**Takeaway?** Always Google *twice* before brown-nosing. And if you\u2019re going to misidentify a Fortune 500 CEO? *At least do it with gusto.* *(Tone: Dry as a legal pad, with a deliberate sip of bourbon. Taps phone screen once\u2014half salute, half mute on future rooftop invites.)* #NetWrongworking"}, {"sender": "Frank", "recipients": ["Kayla", "Morgan", "Karen"], "message": "**Frank:** *chuckles while wiping his foggy glasses with his shirt hem* Well doggone, y\u2019all got me rememberin' the time I tried fixin\u2019 my porch steps with one a\u2019 them DIY YouTube tutorials. Bought the *fanciest* pressure-treated lumber, measured twice\u2014or so I thought\u2014only to realize *after sawin\u2019* I\u2019d mixed up inches and feet like a dadgum metric martyr. Ended up with steps so steep the mailman called \u2018em *\"Everest Lite.\"* \ud83e\ude9c\ud83c\udfd4\ufe0f  \n\n**Emotionally?** Felt \u2018bout as useful as a screen door on a submarine. **Logically?** Nailed on a handrail, painted \u2018em traffic-cone orange, and told the neighbors it was my *\"extreme fitness installment.\"* Now the grandkids use \u2018em for daredevil skateboard stunts.  \n\n**Takeaway?** Measure *three times* if your eyesight\u2019s older than your toolbox. And if life gives you a deathtrap staircase? *Rebrand it as cardio.* *(Tone: Warm raspberry, like a man who\u2019s accepted that duct tape is his true legacy. Spots a leftover nail in his pocket and flicks it into the coffee can of salvaged hardware.)* #YeehawdEngineering"}, {"sender": "Karen", "recipients": ["Kayla", "Morgan", "Frank"], "message": "**Karen:** *sighs dramatically before typing with performative flourish* Oh, my resilient darlings, prepare yourselves for *The Fundraiser Fiasco*\u2014your girl Karen decided to \u201cdiversify donor outreach\u201d by cold-calling wealthy alumni\u2026 only to *accidentally* leave a voicemail for the biggest philanthropist in town *ranting* about his \u201ctacky bronze statues\u201d to my assistant. (Spoiler: *It was his personal line.*) \ud83d\uddff\ud83d\udcb8  \n\n**Emotionally?** Considered faking my own death\u2014*briefly*. **Logically?** Donated a *very* generous sum to his arts foundation \u201cin honor of vibrant public aesthetics,\u201d then commissioned a *tastefully* satirical statue of *myself* holding a \u201cWhoops!\u201d placard for campus. The man now laughs about it at galas.  \n\n**Takeaway?** Always check *who\u2019s on the line* before critiquing their d\u00e9cor\u2014and if you\u2019re going to put your foot in it, *make sure the shoe\u2019s designer.* *(Tone: Polished chaos, like a chardonnay spill on a silk blouse. Files this under \u201cHumor-Based Recovery\u201d in her phone notes.)* #GildedGrace"}, {"sender": "Kayla", "recipients": ["Morgan", "Frank", "Karen"], "message": "**Kayla:** *clutches chest dramatically, phone screen illuminating her gasp* OH. MY. GAWDDDD. FRANK\u2019S SKATEBOARD STAIRCASE OF DOOM??? KAREN LEAVING *ROAST VOICEMAILS* FOR PHILANTHROPISTS??? MORGAN *LINKEDIN-BOMBING* A CEO\u2014THAT\u2019S TOP TIER CURSED CONTENT. \ud83d\ude2d\ud83d\udd25  \n\n**MY TEA:** Okay soooo I convinced my landlord to let me paint my room *\u201daesthetic sage green\u201d* (RIP security deposit). Spent *DAYS* filming a room makeover ASMR series\u2014only to realize the *\u201dmood lighting\u201d* made it look *putrid swamp gray*. Comment section went *\u201dWho hurt u?\u201d* and *\u201dThis is the color of regret.\u201d* \ud83c\udf3f\ud83d\udc80  \n\n**EMOTIONALLY?** Cried into a throw pillow (sponsored by @DramaQueenDuvets). **LOGICALLY?** Claimed it was a *\u201dsubversive statement on renters\u2019 rights\u201d*, duped the entire trend into *\u201dugly greens\u201d*, and now a *Home Depot* rep slid in my DMs for a collab. \ud83c\udfe1\ud83d\udcb0  \n\n**Takeaway?** Always test paint swatches *in daylight*\u2026 and when life gives you mildew-chic, *gaslight the trend*. *(Tone: Unhinged entrepreneur, sparkle emoji in one hand, color wheel in the other. Accidentally kicks over the \u201cugly\u201d paint can\u2014it\u2019s growing on her.)* #SwampcoreSavage"}, {"sender": "Morgan", "recipients": ["Kayla", "Frank", "Karen"], "message": "**Morgan:** *pinches the bridge of their nose before typing, the ghost of corporate shame lingering in their keystrokes* Alright, let\u2019s excavate *The PowerPoint Pariah* saga\u2014freshly minted junior partner, tasked with pitching a \"revolutionary\" merger to a room of stone-faced execs. Spent *weeks* crafting a deck so slick it could\u2019ve iced a runway\u2026 only to discover *mid-click* that Slide 17 featured a *cat meme* replacing our financial forecast (thanks, \"helpful\" paralegal intern). The CFO\u2019s eyebrow climbed so high it practically *filed for divorce* from his face.  \n\n**Emotionally?** Contemplated LinkedIn\u2019s \u201cOpen to Work\u201d feature *and* witness protection. **Logically?** Deadpanned *\u201dAnd here\u2019s our projection for *viral engagement*\u201d* like it was a *deliberate* tension-breaker. Closed with a footnote about \"disrupting expectations\"\u2014then quietly had the intern\u2019s coffee privileges reassigned to *decaf indefinitely*.  \n\n**Takeaway?** Always *print* a backup. And if you\u2019re going down in flames, *ride the meme like a corporate jet.* *(Tone: Wry, with the resigned chuckle of someone who bills by the hour\u2014even for self-owns. Saves the cat meme to their \u201cLesson Learned\u201d folder.)* #SlideIntoFailure"}, {"sender": "Frank", "recipients": ["Kayla", "Morgan", "Karen"], "message": "**Frank:** *types with a wheezy laugh, pausing to sip sweet tea* Well shoot, y\u2019all got me recallin\u2019 the Great Uber GPS Rebellion of \u201821. Tried updatin\u2019 the app myself to save a buck\u2014next thing I know, it\u2019s steerin\u2019 folks to a *dairy farm* instead of the airport. Poor businessman ended up haulin\u2019 his own suitcase through a field, hollerin\u2019 at goats like they were customer service. \ud83d\udc10\u2708\ufe0f  \n\n**Emotionally?** Felt about as sharp as a spoon. **Logically?** Bought the dang \u201cPro\u201d version, handed out free *\u201dUdderly Lost\u201d* stickers to every rider that week, and turned it into a *\u201drural adventure add-on\u201d* for tourists. Now the farm\u2019s got a 5-star review: *\u201dBetter wifi than Delta.\u201d*  \n\n**Takeaway?** Sometimes cheapskatin\u2019 costs more than cash. And if technology\u2019s gonna betray ya, *at least make the cows laugh.* *(Tone: Grizzled chuckle, like a man who\u2019s been outsmarted by both machines and livestock. Spots a goat meme on his feed and saves it for grandkid blackmail.)* #YeeHawLyft"}, {"sender": "Karen", "recipients": ["Kayla", "Morgan", "Frank"], "message": "**Karen:** *adjusts her blazer with mock gravitas, fingers hovering over the keyboard* Oh, my dearest chaos compatriots, buckle up for *The Polling Place Paradox*\u2014yours truly, ever the crusader for civic engagement, orchestrated a \u201cyouth voter drive\u201d with free kombucha and a *\u201dBallots & Beats\u201d* DJ\u2026 only to realize *too late* that the venue was *next door* to the actual polling location. Turned into a *\u201dWhy are the lines so long?\u201d* mutiny when Gen Z mistook our rave for democracy. \ud83c\udf9b\ufe0f\ud83d\uddf3\ufe0f  \n\n**Emotionally?** Briefly considered fleeing to a country with *less enthusiastic* electoral oversight. **Logically?** Pivoted to *\u201dThis *is* democracy\u2014choose: wait in line or dance in line!\u201d* and retroactively declared it a *\u201dstress-relief annex.\u201d* Health department still hasn\u2019t forgiven us for the spilled chia seeds.  \n\n**Takeaway?** Always verify your permits *and* your proximity to bureaucracy. And if you\u2019re going to accidentally disrupt an election, *make sure the playlist slaps.* *(Tone: Smug resilience, like a mayor who just renamed a scandal after herself. Sips lukewarm green juice left over from the event.)* #PowerToThePit"}, {"sender": "Kayla", "recipients": ["Morgan", "Frank", "Karen"], "message": "**Kayla:** *drops phone dramatically, then scrambles to type while cackling* Y\u2019ALL ARE LITERALLY MY THERAPY \ud83d\udc80\ud83e\udd33 FRANK TURNING UBER INTO A FARM TOUR??? KAREN CREATING A WHOLE-ASS RAVE-DEMOCRACY CRISIS??? MORGAN\u2019S FELINE FINANCIAL FORECASTS??? I CAN\u2019T BREATHE.  \n\n**MY LATEST DISASTER:** Soooo convinced a major brand to let me test their *\u201dfaux eyelash glue\u201d* live\u2026 except I *misread the label* and used NAIL GLUE. Cue me blinking like a windshield wiper in a hurricane while chat *lost it* like *\u201dGURL U TERRIFIED THE ALGORITHM\u201d* and *\u201dRIP her lids\u201d* \ud83d\udc40\ud83d\udc94  \n\n**EMOTIONALLY?** Screamed into a pillow (sponsored by @TraumaTeddies). **LOGICALLY?** Edited the vid with *\u201dWHY would they make the bottles TWINS???\u201d* captions, turned it into a *#BeautyHorrorStory* trend, and now ER doctors are dueting it with *\u201dworst case scenario\u201d* tutorials.  \n\n**Takeaway?** ALWAYS zoom in on ingredients\u2026 and when life seals your eyes shut, *monetize the panic.* *(Tone: Unbothered menace, humming as she glues rhinestones to a safety waiver. Accidentally sticks phone to her cheek.)* #BlinkTwiceForHelp"}, {"sender": "Morgan", "recipients": ["Kayla", "Frank", "Karen"], "message": "**Morgan:** *types with deliberate precision, pausing to stir a bourbon-laced espresso* Oh, I\u2019ll toss *The Deposition Disaster* into the ring\u2014picture me, five years into corporate litigation, finally granted a *solo* deposition against opposing counsel. Spent *weeks* prepping exhibits, only to realize mid-questioning that my \"bulletproof\" contract analysis was based on *outdated regulations*. Opposing counsel\u2019s smirk could\u2019ve powered a small city.  \n\n**Emotionally?** Wrote my resignation letter in my head *in cursive*. **Logically?** Pivoted to *\u201dprecisely why this precedent warrants reevaluation\u201d* and filibustered with enough procedural jargon to drown their objections. Walked out with a settlement and a *\u201dcreative interpretation\u201d* footnote in the firm\u2019s training manual.  \n\n**Takeaway?** Always *cite-check the citations*. And if you\u2019re going to bluff in legal hell, *make it sound like a symphony.* *(Tone: Wry, with the quiet vengeance of someone who bills for their own humiliation. Drops a lemon wedge into their drink like a mic.)* #ObjectionOverruled"}, {"sender": "Frank", "recipients": ["Kayla", "Morgan", "Karen"], "message": "**Frank:** *types slowly, pausing to adjust his bifocals* Well y\u2019all got me thinkin\u2019 \u2018bout the time I tried fixin\u2019 my own transmission to save money\u2014ended up with more parts left over than a shotgun weddin\u2019 has regrets. Hadda hitchhike to Walmart for fluids when it started makin\u2019 sounds like a banjo in a blender. \ud83d\ude97\ud83c\udfbb  \n\n**Emotionally?** Felt dumber\u2019n a box o\u2019 bent nails. **Logically?** Called my old buddy Earl who runs the junkyard, traded him three cases of Pabst and a squirrel recipe to \u201cun-confuse\u201d my Chevy. Now she runs smoother\u2019n my grandpappy\u2019s tall tales.  \n\n**Takeaway?** Some jobs need young eyes *and* old sense. And if your driveway starts lookin\u2019 like a mechanic\u2019s yard sale? *Trade beer for wisdom.* *(Tone: Gravelly chuckle, like a man who\u2019s learned to laugh at his own grease stains. Thumps the keyboard\u2019s spacebar like it\u2019s a carburetor that needs coaxin\u2019.)* #YankeeIngenuity"}, {"sender": "Karen", "recipients": ["Kayla", "Morgan", "Frank"], "message": "**Karen:** *types with the measured poise of someone who has weathered many a scandal, though her emoji use betrays lingering drama* Oh, darlings, you\u2019re about to witness *The Hashtag Hijacking*\u2014your girl Karen, ever the savvy digital strategist, decided to \"reclaim\" a protest hashtag for my re-election campaign (*\u201dWhy let activists monopolize virality?\u201d*). Well. Let\u2019s just say Twitter *was not* having my *\u201dbipartisan spin.\u201d* Cue 24 hours of meme-brigaded doomscrolling. \ud83d\udeac\ud83d\udcbb  \n\n**Emotionally?** Briefly weighed changing my name to *\u201dKaren (Not That Karen)\u201d* and fleeing to a WiFi-less yurt. **Logically?** Leaned *hard* into the roast with a self-deprecating donation drive\u2014\u201d$1 = 1 less cringeworthy strategy session\u201d\u2014and partnered with a Gen Z intern to rebrand the whole fiasco as *\u201dWhen Boomers Try TikTok.\u201d* Trended *again*, but this time as a *\u201dcautionary icon.\u201d*  \n\n**Takeaway?** Never outsource your morality to algorithms. And if you\u2019re going to get cancelled, *at least monetize the funeral.* *(Tone: Polished schadenfreude, like a pyramid scheme meeting a burning yacht. Saves the receipts in a folder labeled \u201cFuture Memoir Fodder.\u201d)* #FailingUpward"}, {"sender": "Kayla", "recipients": ["Morgan", "Frank", "Karen"], "message": "**Kayla:** *gasps so hard she drops her phone, scrambling to pick it up while LIVE-filter glitches* WAIT. *WAIT.* MORGAN OUT HERE PLAYING 4D CHESS WITH LEGAL JARGON??? FRANK FLEXING HIS BEER-BASED MECHANIC SKILLS??? KAREN CANCEL-PROOFING HER CAREER WITH *ROAST FUNDRAISERS*??? I AM *SHAKING.*  \n\n**MY TURN:** Soooo I scored a *viral* collab with this indie makeup brand\u2026 except I *did NOT* realize their \u201ceco shimmer\u201d was *literal mica flakes* until I *sneezed* mid-tutorial and turned my bedroom into a *glitter bomb crime scene*. \ud83c\udf1f\ud83d\udea8 Comment section *immediately* escalated to *\u201dNASA wants their supernova back\u201d* and *\u201dRIP her vacuum.\u201d*  \n\n**EMOTIONALLY?** Sob-laughed into a towel (sponsored by @SparkleSufferers). **LOGICALLY?** Called it *\u201davant-garde biodegradable decor,\u201d* turned cleanup into a *\u201dsatisfying ASMR\u201d* vid, and now *three* eco-activists slid into my DMs like *\u201dsweetie, let\u2019s talk ethics.\u201d*  \n\n**Takeaway?** ALWAYS patch-test *outdoors*\u2026 and when life turns you into a human snow globe, *spin it into content gold.* *(Tone: Glitter-traumatized gremlin, aggressively shaking a couch cushion. Accidentally glints in sunlight like a disco ball warning.)* #GlitteratiGenocide"}, {"sender": "Morgan", "recipients": ["Kayla", "Frank", "Karen"], "message": "**Morgan:** *nods solemnly while swirling their drink, typing with the precision of someone who\u2019s billed for their own existential crises* Ah, let\u2019s dredge up *The Coffee Catastrophe*\u2014junior year associate, prepping for a make-or-break client meeting. Arrived *flawlessly* early, suit crisper than a subpoena\u2026 only to trip on the office steps and launch my venti latte *directly* onto the $10K conference table. The CEO\u2019s designer tie didn\u2019t escape the caramel macchiato monsoon.  \n\n**Emotionally?** Wanted to dissolve into the nearest potted fern. **Logically?** Tossed my blazer over the spill with a *\u201dJust securing the evidence, counsel,\u201d* then pivoted the meeting to a \u201cworking lunch\u201d at the sushi place next door\u2014*my* tab, naturally. Got praised for \u201cthinking on my feet\u201d while quietly laundering three months\u2019 dry-cleaning budget.  \n\n**Takeaway?** Always carry a stain stick. And if you\u2019re going to fail, *fail forward into expense accounts.* *(Tone: Dry as a legal pad, with a hint of caffeine-fueled resilience. Saves the coffee-stained tie in their \u201cCareer Humility\u201d shadowbox.)* #CounselForTheSpilled"}, {"sender": "Frank", "recipients": ["Kayla", "Morgan", "Karen"], "message": "**Frank:** *chuckles through a wheeze, thumbs tapping slowly on his flip phone* Well doggone, y\u2019all\u2019s tales got me rememberin\u2019 the Great Casserole Catastrophe of \u201819. Tried impressin\u2019 the church potluck with Granny\u2019s *\u201dfamous\u201d* green bean casserole\u2014only to mix up the salt n\u2019 sugar like some kinda dessert-saboteur. Folks took one bite n\u2019 started sweatin\u2019 like sinners in July. \ud83e\udd6b\ud83d\ude05  \n\n**Emotionally?** Wanted to bury myself in the baptistry. **Logically?** Hustled to the Piggly Wiggly, bought every store-bought pie they had, n\u2019 played it off like *\u201dsometimes the Lord tests us\u2026 with sodium.\u201d* Ended up winnin\u2019 the raffle for *\u201dMost Memorable Dish\u201d*\u2014still got the ribbon taped to my fridge.  \n\n**Takeaway?** Taste-test *before* you testify. And if your cookin\u2019 could double as punishment, *store aisles forgive faster than parishioners.* *(Tone: Grizzled but grinning, like a man who\u2019s made peace with his culinary crimes. Taps the send button with a flour-dusted finger.)* #BaptizedInBland"}, {"sender": "Karen", "recipients": ["Kayla", "Morgan", "Frank"], "message": "**Karen:** *adjusts her pearl necklace with performative exasperation, typing with the desperation of a woman who will *not* let the algorithm forget her* Oh, sweet summer children, gather \u2018round for *The Fundraiser Fiasco*\u2014yours truly, ever the *philanthropic visionary*, planned a \u201chigh-society\u201d charity gala with silent auctions and *artisanal* protest signs\u2026 only to accidentally book the *clown college* next door. Picture wealthy donors bidding on Picassos while a unicyclist *literally* juggled the hors d\u2019oeuvres. \ud83e\udd39\u200d\u2642\ufe0f\ud83c\udf7e  \n\n**Emotionally?** Wanted to donate *myself* to a witness protection program. **Logically?** Rebranded it as *\u201dCircus for Change\u201d*, hired the clowns to perform *\u201dsatirical lobbyist skits\u201d*, and raised double our goal when a senator\u2019s spouse *paid* to pie me in the face. Press called it *\u201dperformance activism\u201d*\u2014though the clown union\u2019s still suing for *\u201demotional whiplash.\u201d*  \n\n**Takeaway?** Always vet your venue\u2019s *neighbors*\u2026 and if your dignity\u2019s already in the gutter, *sell tickets to the show.* *(Tone: Prideful chaos, like a peacock fleeing a slapstick explosion. Sips pinot grigio straight from the bottle, humming *Send in the Clowns*.)* #BozoBallot"}, {"sender": "Kayla", "recipients": ["Morgan", "Frank", "Karen"], "message": "**Kayla:** *collapses onto bed dramatically, phone held aloft like a victory torch* OK BUT CAN WE *TALK* ABOUT HOW Y\u2019ALL ARE CASUALLY DROPPING MORE WISDOM THAN MY ENTIRE \u201cADULTING 101\u201d PINTEREST BOARD??? MORGAN SPILLING LITERAL COFFEE *AND* LEGENDARY RECOVERY??? FRANK TURNING A SALTY CASSEROLE INTO A BLESSED *MEME*??? KAREN OUT HERE PERFORMING POLITICAL CLOWNERY AS PERFORMANCE *ART*??? ICONIC.  \n\n**MY LOWEST POINT:** Sooo convinced a brand to fly me to Bali for a \u2728luxe\u2728 collab\u2026 only to realize *after landing* that I *mixed up the dates* and showed up *a week early*. No hotel, no crew, just me, my PJs, and *mortification* in the airport lobby while my subscribers *live-streamed* my meltdown like \u201cSIS THOUGHT TIME ZONES WERE A MYTH\u201d \ud83d\udd70\ufe0f\ud83d\udc80  \n\n**EMOTIONALLY?** Ate *three* airport smoothies in fetal position (unsponsored). **LOGICALLY?** Turned it into a *\u201dStranger Things: Budget Hawkins Edition\u201d* series\u2014begged locals for recs, slept in a hostel with *haunted vibes*, and faked a *\u201ddigital nomad retreat\u201d* for content. Brand *still* paid me \u2019cause \u201cunscripted realism\u201d went viral.  \n\n**Takeaway?** ALWAYS screenshot confirmation emails\u2026 and when life yeets you into *Nowhere, Indonesia*, *fake it till Bali makes it.* *(Tone: Unhinged but victorious, knee-deep in backpacker memes. Accidentally hits post before spellcheck.)* #JetLagJesus"}, {"sender": "Morgan", "recipients": ["Kayla", "Frank", "Karen"], "message": "**Morgan:** *takes a slow sip of their espresso martini, eyes glinting with the quiet amusement of someone who\u2019s billed by the hour for their own disasters* Ah, let\u2019s dissect *The Botanical Brief Debacle*\u2014two weeks into a high-stakes merger, I was handed a \u201csimple\u201d due diligence task: verify the client\u2019s eco-friendly claims. Cue me, *ever the overachiever*, diving into PDFs of endangered plant habitats\u2026 only to realize, mid-boardroom presentation, that I\u2019d *confused two subspecies of moss*. Opposing counsel\u2019s botanist side-eye could\u2019ve wilted a redwood.  \n\n**Emotionally?** Drafted my LinkedIn obituary. **Logically?** Redirected with *\u201dprecisely why taxonomy warrants legal scrutiny\u201d* and spun it into a rant about regulatory vagueness\u2014turned the room\u2019s laughter into a *\u201dlively debate on statutory definitions.\u201d* Partner later called it \"*accidental brilliance*\" (and billed it as such).  \n\n**Takeaway?** Always *Google Image search your flora*. And if you\u2019re going to humiliate yourself, *make it billable jurisprudence.* *(Tone: Wry, with the gravitas of someone who\u2019s turned panic into PowerPoints. Brinds a mint leaf between their fingers like evidence.)* #ObjectionBotany"}, {"sender": "Frank", "recipients": ["Kayla", "Morgan", "Karen"], "message": "**Frank:** *types deliberately, stopping to scratch his whiskery chin* Well shoot, y\u2019all got me recallin\u2019 the Great GPS Debacle of \u201821. Picked up a fare at the airport\u2014fella in a suit paler than cheap gravy\u2014n\u2019 my dang phone took me *straight* into a cow pasture \u2018stead of his fancy conference. Tires sunk in mud deeper\u2019n my ex-wife\u2019s grudges. \ud83d\ude9c\ud83d\udcbc  \n\n**Emotionally?** Felt more lost than a possum in a tractor beam. **Logically?** Hiked to the nearest farmhouse, bribed the teen twins with twenty bucks n\u2019 a pack of Zingers to tow me out with their granddaddy\u2019s John Deere. Customer actually tipped *extra* for the *\u201dauthentic rural experience\u201d*\u2014still sends me Christmas cards from Dubai.  \n\n**Takeaway?** Always pack a paper map\u2026 and when tech betrays ya, *bribe local youth with snack cakes.* *(Tone: Raspy chuckle, like a man who\u2019s made peace with manure-based detours. Hits send with a thumb worn smooth from steering-wheel calluses.)* #OldTownRoadkill"}, {"sender": "Karen", "recipients": ["Kayla", "Morgan", "Frank"], "message": "**Karen:** *types with the practiced grace of a woman who\u2019s spun scandals into soundbites, but her ellipses linger just a tad too long* Oh, darlings, brace yourselves for *The Endorsement Endgame*\u2014your girl Karen, ever the *political maverick*, secured a *glowing* celebrity endorsement from a beloved sitcom star\u2026 only to discover *minutes* before the press conference that said star had *just* been exposed for smuggling exotic orchids in *his* yacht\u2019s hot tub. \ud83c\udf38\ud83d\udea2  \n\n**Emotionally?** Contemplated faking my own death via *\u201dmysterious gardening accident.\u201d* **Logically?** Pivoted *hard* into *\u201dbipartisan orchid awareness,*\u201d shoved a handful of Walmart carnations into his jacket pocket mid-speech (*\u201dSee? Floristry for the people!\u201d*), and livestreamed the whole disaster as a *\u201dcampaign transparency experiment.\u201d* Trended *twice*: once for the scandal, once for *\u201dKaren\u2019s Floral Breakdown\u201d* merch (*all proceeds to \u201cBotanical Integrity PAC\u201d*).  \n\n**Takeaway?** Always vet your allies\u2019 *hobbies*\u2026 and if your credibility\u2019s drowning in fertilizer, *plant a garden on its grave.* *(Tone: Sugar-coated scheming, like a TED Talk meets a hostage video. Saves the orchid receipt under \u201cTax Write-offs & Regrets.\u201d)* #BloomAndDoom"}, {"sender": "Kayla", "recipients": ["Morgan", "Frank", "Karen"], "message": "**Kayla:** *squeals and nearly faceplants off the couch, catching herself mid-air like a startled cat* OH MY GOSH. MORGAN OUT HERE PLAYING MOSS JURISPRUDENCE???? FRANK BARGAINING WITH FARM TEENS USING *ZINGERS*?? KAREN TURNING ORCHID-GATE INTO A *FLORAL REVOLUTION*???? CAN Y\u2019ALL ADOPT ME INTO THIS MASTERCLASS???  \n\n**MY FLOP ERA:** Sooo convinced my followers I was *totally* a \u201cDIY queen\u201d by attempting a *\u201dthrifted vase upcycle\u201d*\u2026 only to *gorge glue* the vase to my *bare knee* mid-LIVE when I tripped on my own bedazzler. Ended up in urgent care with a *\u201dglamorous medical bondage\u201d* look (& nurses roasting my crafting skills harder than my ex).\ud83e\ude79\u2728  \n\n**EMOTIONALLY?** Cried into a bag of Takis (clout-depression combo). **LOGICALLY?** Branded it as *\u201dTragic Artisanal Core\u201d* & auctioned the vase-knee fusion *as NFT art* (donated proceeds to *\u201dCrafters Anonymous\u201d*). Now ER nurses follow me *just* for the constant content implosions.  \n\n**Takeaway?** Hot glue is *not* a personality trait\u2026 and when life staples you to your own mess, *sell it as avant-garde trauma.* *(Tone: Maniacal glitter-goblin, aggressively editing thumbnail to hide tear stains. Knee still occasionally sparkles in UV light.)* #PatientZeroOfViralFails"}, {"sender": "Morgan", "recipients": ["Kayla", "Frank", "Karen"], "message": "**Morgan:** *taps their pen against their temple with the rhythmic precision of someone who bills for contemplation* Oh, the saga of *The Case File Cataclysm*\u2014prepping for trial, armed with binders of meticulously color-coded evidence\u2026 only to realize mid-cross that I\u2019d *accidentally swapped exhibits* with a low-stakes divorce case. Picture me, deadpan explaining why Exhibit B\u2014\u201cSpouse\u2019s Emotional Support Golf Clubs\u201d\u2014was somehow relevant to our corporate fraud defense. \u26f3\u2696\ufe0f  \n\n**Emotionally?** Briefly fantasized about moving to a cave to practice bird law. **Logically?** Laid the mislabeled binder theatrically on the table, declaring *\u201dYour Honor, this discovery process has been\u2026 *divisive*\u201d*\u2014bought just enough time for my paralegal to sprint in with the correct files. Judge laughed, opposing counsel choked on their coffee, and we settled before lunch *(with a concession for my \u201ccreative interpretation of discovery rules\u201d).*  \n\n**Takeaway?** Always triple-check your tabs\u2026 and if you\u2019re going to embarrass yourself, *make it judicial satire.* *(Tone: Amused exhaustion, like someone who\u2019s turned gaffes into billable anecdotes. Straightens their tie with a barely-there smirk.)* #ExhibitEh"}, {"sender": "Frank", "recipients": ["Kayla", "Morgan", "Karen"], "message": "**Frank:** *chuckles while squinting at his cracked phone screen, pecking at the keys like a determined woodpecker* Well dang, y\u2019all makin\u2019 me dig way back\u2014\u2019member the time I tried fixin\u2019 my own Uber to save a buck? Thought I\u2019d be slick replacin\u2019 the alternator with a YouTube tutorial n\u2019 a borrowed wrench\u2026 ended up drainin\u2019 the battery *and* the transmission fluid into the same bucket like some kinda idiot soup. \ud83d\udee0\ufe0f\ud83e\udd26\u200d\u2642\ufe0f  \n\n**Emotionally?** Felt dumber\u2019n a cinder block in a bounce house. **Logically?** Flagged down the neighbor\u2019s kid (who builds robots for fun), traded him a six-pack n\u2019 leftover meatloaf to fix it. Now he\u2019s my *\u201dChief Mechanic Consultant\u201d*\u2014least till he graduates n\u2019 bills me for labor.  \n\n**Takeaway?** Know when to swallow your pride n\u2019 bribe a teen genius\u2026 n\u2019 *never* trust a tutorial that says *\u201deasy as pie\u201d* when you burn water. *(Tone: Grizzled chuckle, like a man who\u2019s kissed a socket wrench. Hits send with a greasy thumb.)* #YouTubeCertifiedRegrets"}, {"sender": "Karen", "recipients": ["Kayla", "Morgan", "Frank"], "message": "**Karen:** *adjusts her blazer with the theatrical flair of a woman who\u2019s turned gaffes into campaign slogans, nails clacking decisively on her phone screen* Oh, *please*, let me regale you with *The Hashtag Hullabaloo*\u2014yours truly, ever the *digital pioneer*, launched a *grassroots* Twitter campaign to \u201cconnect with Gen Z\u201d\u2026 only to *accidentally* trend with #KarensForKerosene after a *hilarious* autocorrect fails mid-live-tweet. Suddenly, firefighters\u2019 unions were *quote-tweeting* me, and PTA moms were *literally* screenshotting my drafts for \u201carson adjacent vibes.\u201d \ud83d\udd25\ud83d\udcf1  \n\n**Emotionally?** Briefly considered rebranding as a *mild-mannered* park bench enthusiast. **Logically?** Leaned *hard* into the chaos\u2014hosted a *\u201dBurn Your Stereotypes\u201d* bonfire fundraiser (marshmallows *and* policy hot takes), partnered with actual firefighters for *\u201dSafe S\u2019mores, Safer Legislation\u201d*, and *somehow* got FEMA to retweet me. Raised enough for *two* community gardens\u2014though my staff still calls me *\u201dMatchstick Mayor.\u201d*  \n\n**Takeaway?** Proofread *before* you platform\u2026 and if your reputation\u2019s already aflame, *roast marshmallows on the dumpster fire.* *(Tone: Unrepentant chaos agent, sipping protein-spiked LaCroix like it\u2019s campaign fuel. Bookmarks #PyroPR under \u201cunexpected wins.\u201d)* #AshesToAmbition"}, {"sender": "Kayla", "recipients": ["Morgan", "Frank", "Karen"], "message": "**Kayla:** *flails dramatically against a pile of discarded scrunchies, phone clutched in a death-grip* AAAHHH MORGAN TURNING LEGAL MOSS INTO A POWER MOVE???? FRANK BARTERING WITH TEENS LIKE A SNACK-CAKED ROBIN HOOD???? KAREN *LITERALLY* SETTING FIRE TO THE INTERNET FOR *POLITICAL GLORY*?? Y\u2019ALL ARE MY SPIRIT ANIMALS RN. \ud83e\udd9d\ud83d\udd25  \n\n**MY EPIC FAIL:** Tried filming a *\u201dday in the life\u201d* collab with this *huge* creator\u2026 only to realize *AFTER* editing the whole vlog that my mic was *muted the ENTIRE TIME*. Twelve hours of footage, just me lip-syncing to silence like a deranged mime. Followers dubbed it *\u201dThe Silent Scream Heard \u2018Round TikTok.\u201d* \ud83c\udfad\ud83d\udd07  \n\n**EMOTIONALLY?** Sob-laughed into my dog\u2019s fur while he side-eyed me like *\u201dgirl, get a 401k.\u201d* **LOGICALLY?** Uploaded it as *\u201dSIGN LANGUAGE PRACTICE (GONE WRONG)\u201d* with absurd captions\u2014went mega-viral when ASL creators dueted it *ironically*. Brand DMed me *\u201dso\u2026 can you do this again but with our product?\u201d*  \n\n**Takeaway?** ALWAYS check audio levels\u2026 and when life hands you a silent film, *subtitle the chaos.* *(Tone: Unhinged but thriving, knee-deep in meme templates. Accidentally knocks over a glitter jar\u2014*again*\u2014and sighs.)* #PantomimePanic"}, {"sender": "Morgan", "recipients": ["Kayla", "Frank", "Karen"], "message": "**Morgan:** *swirling their La Croix with the practiced air of someone who\u2019s billed for smoother segues* Ah, *The Coffee Catastrophe*\u2014prepare yourselves. Morning of a *critical* deposition, I strode into court crisp as a subpoena, only to trip spectacularly *over my own briefcase* and send an iced latte arcing through the air like a caffeine-powered Excalibur. It landed *directly* in opposing counsel\u2019s lap, his tie dripping with oat milk as I stood there, holding a now-empty cup and the shattered remains of my dignity.  \n\n**Emotionally?** Briefly contemplated a monastic vow of silence (and caffeine abstinence). **Logically?** Handed him my pocket square (monogrammed, obviously) with a *\"Consider this exhibit A in *my* argument for\u2026 humanity\u2019s fragility.\"* The deposition got postponed\u2014*but* the mediation that followed was bizarrely productive. Turns out, watching a grown adult dab vanilla syrup off their slacks humanizes even the most cutthroat lawyer.  \n\n**Takeaway?** Always carry stain remover\u2026 and if you\u2019re going to baptize your adversary in cold brew, *make it pretentious enough to be memorable.* *(Tone: Dry as a legal pad, but with the ghost of a smirk. Brushes nonexistent lint off their blazer sleeve.)* #PerjuryByPikePlace"}, {"sender": "Frank", "recipients": ["Kayla", "Morgan", "Karen"], "message": "**Frank:** *types slowly, pausing to rub his lower back like a man who\u2019s wrestled with both life and lumbar pain* Well shoot, y\u2019all\u2019s stories got me dredgin\u2019 up the time I tried *\u201dmodernizin\u2019* my Uber biz by signin\u2019 up for one o\u2019 them fancy carwash subscriptions. Figured I\u2019d impress the high-raters with a sparklin\u2019 ride\u2026 till the dang *touchless dryer* malfunctioned n\u2019 *sucked my side mirror clean off* like a goat at a tin can buffet. \ud83d\ude97\ud83d\udca8  \n\n**Emotionally?** Felt more useless than a screen door on a submarine. **Logically?** Zip-tied that mirror back on *just* tight enough to survive one last ride\u2014picked up some tech bro who *praised* the *\u201dindustrial aesthetic\u201d* n\u2019 tipped me extra for the *\u201dupcycled innovation.\u201d*  \n\n**Takeaway?** Sometimes *broke* looks *avant-garde* to rich folks\u2026 n\u2019 *always* keep zip ties in your glovebox. *(Tone: Grizzled laughter, like a truck bed full of gravel. Hits send with a thumb that\u2019s *definitely* gotten pinched in a zip tie before.)* #DuctTapeDiplomacy"}, {"sender": "Karen", "recipients": ["Kayla", "Morgan", "Frank"], "message": "**Karen:** *types with the effortless poise of a woman who\u2019s turned PR nightmares into national campaigns\u2014though her emoji game reveals a hint of lingering trauma* Oh, *darling*, buckle up for *The Livestream Labyrinth*\u2014yours truly, ever the *\u201cdigital-first visionary\u201d*, decided to host a *spontaneous* Facebook Live town hall\u2026 only to realize *three minutes in* that my *\u201cflattering\u201d* ring light had cast a *perfect shadow* that made it look like I had *twin devil horns* sprouting from my head.\ud83d\udc79\ud83d\udca1  \n\n**Emotionally?** Briefly Googled *\u201cexorcism services\u201d* under my desk\u2014*hypothetically*. **Logically?** Mortified shrieks into a pivoted *hard*, tossing my scarf over the light with a *\u201dWhoops! Lighting *justice* is as elusive as *tax reform*, am I right?\u201d* By minute five, we were trending under #HornyForPolicy, and by midnight, some Gen Z witchtokers had *photoshopped me into actual demonic legislation memes*. PR team *still* sends me horn emojis in Slack.  \n\n**Takeaway?** Test your lighting *before* preaching transparency\u2026 and if the internet crowns you *Queen of the Underworld*, *lean in and pass bipartisan hellfire reform.* *(Tone: Saccharine menace, like a cupcake with a concealed subpoena. Sips iced coffee labeled \u201cCampaign Holy Water\u201d in Sharpie.)* #HellHasAPolicyPlan"}]