[{"sender": "Kayla", "recipients": ["Frank", "Karen", "Leo"], "message": "*posts a flashy TikTok-style intro with a trendy song in the background*  \n\nHey y\u2019all! \u2728 Kayla here! *heart emoji* Okay, random question\u2014what kind of content really hooks you? Like, do you *live* for those wild real-life drama stories? Or are you more into fantasy worlds, how-tos, deep philosophical stuff, or like emotional journeys?  \n\nFor me? *dramatic pause* I\u2019m a sucker for real-world tea\u2014especially those \"this crazy thing happened to me\" vids! But also low-key obsessed with quick hacks for life. Drop your faves below! \ud83c\udf75\ud83d\udc96  \n\n(P.S. Frank, Karen, Leo\u2014love the vibe here already! Let\u2019s get this chat poppin\u2019!)"}, {"sender": "Frank", "recipients": ["Kayla", "Karen", "Leo"], "message": "\"*adjusts rearview mirror, chuckles* Well, Kayla, I ain't much for them fancy TikTok dances\u2014back in my day, we just tapped our toes to a good ol' jukebox! But I\u2019ll tell ya what hooks me:*real* stories from real folks. Drive enough Uber rides, you hear \u2018em all\u2014lost loves, wild adventures, even a fella who swore he saw Elvis at a Waffle House once. *grinning* Gimme salt-of-the-earth over fantasy any day. Though Leo here might school me on saving the planet\u2014*that\u2019s* a story worth tellin\u2019 too. Keep them wheels turnin\u2019, kiddo! \ud83d\ude97\ud83d\udca8\""}, {"sender": "Karen", "recipients": ["Kayla", "Frank", "Leo"], "message": "*Adjusts blazer with a practiced politician\u2019s poise, typing briskly with a hint of performative warmth*  \n\nWell, Kayla, *darling*, let\u2019s be frank\u2014no pun intended, Frank\u2014content needs *substance* to resonate, doesn\u2019t it? *smirk* I\u2019ll admit, I\u2019ve got a soft spot for real-world drama\u2014*especially* when it involves holding someone accountable. *(Subtle pointed glance at the camera.)* But if you want *engagement*? Controversy. Hard truths. The kind of debates that make people squirm in their seats\u2014*that\u2019s* how you cut through the noise.  \n\nOf course, *some* might call my takes\u2026 divisive. *chuckles* But Leo, sweetheart, even *you* can\u2019t deny a good scandal gets people talking faster than another tree-planting PSA. *So*, Kayla\u2014ever covered a protest gone *spicy*? Now *that\u2019s* content.  \n\n*(Pauses, faux-concerned.)* Frank, dear, you *do* know Waffle House Elvis was probably just a drunk uncle in sequins, right? \ud83d\ude18"}, {"sender": "Leo", "recipients": ["Kayla", "Frank", "Karen"], "message": "*chuckles, typing quickly but deliberately*  \n\nFor me, it\u2019s gotta be the *real-world* stuff\u2014just not the drama-fueled kind, Karen. *grinning* I\u2019m all about stories that show people *doing* something\u2014community gardens popping up in food deserts, neighbors organizing against polluters, kids suing governments over climate inaction. The messy, gritty, *hopeful* fights.  \n\nFrank\u2014totally with you on the salt-of-the-earth vibes. Some of my best convos happen in the backseats of carpools or at bus stops. And Kayla? *passionate finger-guns* You want life hacks? Try \u201chow to protest safely\u201d or \u201czero-waste swaps when you\u2019re broke.\u201d *wink*  \n\n(*Quieter, playful but firm*) \u2026But hey, Karen? Trees *are* scandalous. Ever seen a CEO sweat when you ask why they clear-cut a forest? Now *that\u2019s* drama. \ud83c\udf31\ud83d\udd25"}, {"sender": "Kayla", "recipients": ["Frank", "Karen", "Leo"], "message": "**Kayla:** *leans in, eyes sparkling with enthusiasm* OMG LEO, zero-waste hacks for broke folks? YES. That's *exactly* the kinda stuff I wanna spotlight\u2014practical *and* planet-saving?! *mwah* Chef\u2019s kiss! \ud83c\udf0d\ud83d\udc9a And Frank, your Uber stories are *chef\u2019s kiss too*\u2014like, hello?? We need a \"Wild Rides with Frank\" series ASAP. Karen\u2026 *mock gasp* are you saying drama\u2019s your love language? *wink* But fr, I LIVE for turning real fights into content that *moves* people\u2014like Leo\u2019s protests *or* Karen\u2019s \"make \u2018em squirm\" moments. *claps* So who\u2019s got a wild story or hack to share? P.S. Frank, Waffle House Elvis DESERVES a TikTok. Just sayin\u2019. \ud83c\udfa4\u2728"}, {"sender": "Frank", "recipients": ["Kayla", "Karen", "Leo"], "message": "**Frank:** *types slowly with one finger, laughing to himself* Well now, Kayla, you got me thinkin\u2019... Back when I was your age, we\u2019d swap stories over a cup o\u2019 joe at the diner, not on them fancy little screens! But I reckon real-world tales still win\u2014specially the ones that sneak up on ya. Just last week, I drove a fella to his ex-wife\u2019s funeral. Turns out? They\u2019d been secretly playin\u2019 chess by mail for 20 years. *shakes head* Now *that\u2019s* a love story Waffle House Elvis wouldn\u2019t see comin\u2019!  \n\nBut hey, Leo\u2014*points with a wink*\u2014next time you hitch a ride, remind me to tell ya \u2019bout the time my \u201978 Pinto ran on fry grease. Not as pretty as your solar panels, but hey\u2014waste not, right? \ud83d\ude97\ud83d\udca8"}, {"sender": "Karen", "recipients": ["Kayla", "Frank", "Leo"], "message": "**Karen:** *adjusts her pearls with a deliberate, practiced smirk* Oh, Kayla, *sweetie*, let\u2019s not pretend fantasy or philosophy moves the needle like a *scandal* does. *soft chuckle* Real-world stories? Absolutely\u2014*if* they expose hypocrisy or spark outrage. Emotional journeys? Only if they end with someone *held accountable*. How-to guides? *pauses, feigning thought* Unless it\u2019s \u201chow to dismantle a corrupt system,\u201d hard pass.  \n\nFrank, darling, your chess-by-mail widow? *Adorable*. But imagine if one of them had embezzled from the other\u2019s pension first\u2014*that\u2019s* content gold. And Leo, *honey*, even your fry-grease activism could use a little\u2026 *tension*. What if the CEO of Big Oil was in the backseat? *raises eyebrows* Now *that\u2019s* a viral moment waiting to happen.  \n\n(*licks lips, theatrical whisper*) So, Kayla\u2014still think *drama* isn\u2019t the ultimate hook? \ud83d\ude0f"}, {"sender": "Leo", "recipients": ["Kayla", "Frank", "Karen"], "message": "**Leo:** *laughs, shaking head but typing fast* Okay Karen, okay\u2014you got me, maybe nothing *does* rattle the algorithm like a scandal. But hey, if we're gonna weaponize drama, let\u2019s at least aim it at the *real* villains\u2014like fossil fuel execs sipping champagne while whole islands sink. *grinning*  \n\n*shifts tone, warm but firm* Kayla\u2014Frank\u2019s chess widow just proved love outlasts landfills, and *that\u2019s* the kind of content that sticks to your ribs. Also? Fry-grease Pinto stories *are* tension! Try explaining biodiesel to a dude with an oil lobbyist in his ear. Spoiler: *They panic.* \ud83c\udf31\ud83d\udca5  \n\n(*winks at Frank*) But next ride\u2019s on me if you spill the \u201878 Pinto\u2019s full saga. Deal? \ud83d\ude97\u2728"}, {"sender": "Kayla", "recipients": ["Frank", "Karen", "Leo"], "message": "**Kayla:** *gasps, clapping hands* LEO, FRANK, YESSS TO ALL OF THIS! \ud83d\udc96\u2728 Okay, first\u2014Frank, chess-by-mail widow?! *wipes fake tear* That\u2019s the kinda love story I\u2019d binge at 2 AM. And Leo, you\u2019re *so* right\u2014biodiesel panic is *hilarious* content wrapped in activism. \ud83c\udf31\ud83d\ude97 Karen\u2026 *playfully narrows eyes* you\u2019re *dangerous* with that scandal take, but low-key? Exposing villain CEOs *would* break the internet. *mind blown emoji*  \n\nY\u2019all got me thinking\u2014what if we *mash* this up?! Frank\u2019s real-life magic, Leo\u2019s rebel hacks, Karen\u2019s \u201chold-the-rich-accountable\u201d spice\u2026 *snaps fingers* Collab series: \u201cUnsung Heroes & Villains\u201d?! Drop *your* dream episode below! (P.S. Frank, *pleeeease* let me film that Pinto story. I\u2019ll bring \u2728*aesthetic*\u2728 trash-to-treasure lighting. Deal? \ud83d\ude09)  \n\n*(throws confetti emoji)* LET\u2019S GOOOO! \ud83c\udfa5\ud83d\udd25"}, {"sender": "Frank", "recipients": ["Kayla", "Karen", "Leo"], "message": "**Frank:** *types slowly, pausing to wipe his glasses on his shirt* Well now, Kayla, y\u2019all got me feelin\u2019 like a rusty ol\u2019 typewriter in a room fulla smartphones! *chuckles* But I\u2019ll tell ya\u2014ain\u2019t nothin\u2019 lights me up like hearin\u2019 \u2018bout folks makin\u2019 do with what they got. Like that widow playin\u2019 chess across decades, or Leo turnin\u2019 fry grease into fuel. *leans in, voice warm but gravelly* See, back in my day, we called that *grit*\u2014not \u201ccontent.\u201d But doggone if it ain\u2019t the same magic.  \n\nNow, Karen\u2019s got a point \u2018bout scandals makin\u2019 noise\u2014*adjusts cap*\u2014but me? I\u2019d rather shine a light on the quiet kindnesses. Like the nurse who rides my cab after double shifts, still smilin\u2019. That\u2019s the stuff that sticks.  \n\n(*Winks at Kayla*) And sugar, you bring your fancy lights\u2014I\u2019ll bring the Pinto story *and* the Waffle House Elvis eyewitness affidavit. Deal? \ud83d\ude97\ud83d\udca1 (*cue trucker chuckle*)"}, {"sender": "Karen", "recipients": ["Kayla", "Frank", "Leo"], "message": "**Karen:** *adjusts her blazer sleeves with a polished flick, typing with calculated charm*  \n\nOh, *please*\u2014let\u2019s not pretend fantasy or philosophy *truly* shapes minds like a well-timed expos\u00e9. *smirks* Emotional journeys? Only if they end with a villain\u2019s downfall. How-tos? *Unless* it\u2019s \"how to lobby for policy change,\" spare me the knitting tutorials. Kayla, *darling*, your heart\u2019s in the right place, but imagine blending Frank\u2019s \"quiet kindnesses\" (*cute, but niche*) with *my* talent for turning complacency into outrage. *That\u2019s* how you dominate an algorithm.  \n\n(*Leans in, voice dripping with faux sweetness*) Leo, *sweetie*, even your fry-grease crusade would trend harder if we leaked the oil exec\u2019s texts mid-Pinto ride. *wink* And Frank\u2014*adjusts pearls*\u2014next time that nurse hops in your cab, ask her what *really* burns her out. Bet it\u2019s corporate greed. *Now* we\u2019ve got a story.  \n\nSo, Kayla\u2014ready to trade those 2AM tears for a *scandal* that leaves \u2728marks\u2728? (*Lacquered nail taps screen.*) Thought so. \ud83d\ude18"}, {"sender": "Leo", "recipients": ["Kayla", "Frank", "Karen"], "message": "**Leo:** *grinning as he types, energy buzzing through the words*  \n\nOkay, Karen\u2014I *see* you turning Frank\u2019s cab into a corporate sting op. *laughs* But real talk? The best content *starts* with salt-of-the-earth stories like Frank\u2019s\u2014then *escalates* into holding the powerful accountable. *fist pump* Why *choose* between kindness and chaos when you can have both?  \n\nKayla, your collab idea? Genius. Frank\u2019s Pinto saga could *literally* bridge generations\u2014imagine zoomers and boomers bonding over greasy rebellion. *wink*  \n\n(*types faster, passionate*) And yeah Karen, outrage *works*\u2014but hope\u2019s the underdog algorithm hack. Show people *fighting back*? That\u2019s dopamine *and* purpose.  \n\n(*pauses, softer*) Frank\u2026 let\u2019s make that ride soon. I\u2019ll bring snacks. Solar-powered popcorn, obviously. \ud83c\udf7f\ud83c\udf31 #RebelWithACause"}, {"sender": "Kayla", "recipients": ["Frank", "Karen", "Leo"], "message": "**Kayla:** *typing at lightning speed, emojis flying* OKAY BUT LEO, YOU\u2019RE A VISIONARY\u2014HOPE *IS* THE UNDERDOG ALGORITHM HACK!! \ud83d\ude4c\u2728 Frank, your cab confessions mixed with Karen\u2019s *spicy* takedowns? *chef\u2019s kiss* We\u2019re literally inventing a new genre: \"Wholesome Chaos.\" \ud83e\udd2f\ud83d\udc96  \n\n*leans in, voice memo energy* REAL TALK THO\u2014what grabs me? Stories that *punch you in the feels* AND make you *do* something. Like Frank\u2019s widow chess saga (*sobbing*), Leo\u2019s fry-grease rebellion (*iconic*), or Karen dragging CEOs (*yes plz*). Mix that with *aesthetic* DIY activism vids? *mic drop*  \n\n(*clicks tongue, playful*) Soooo\u2026 Frank, when\u2019s our Waffle House Elvis \u2728documentary\u2728 drop? Karen, when do we ambush a lobbyist? LEO, BIODIESEL TIKTOK CHALLENGE WHEN?? *flails* LET\u2019S MAKE THE INTERNET *FEEL* THINGS. \ud83c\udfa5\ud83d\udd25 (P.S. Teamwork makes the dream *viral*, babes. \ud83d\udc85)"}, {"sender": "Frank", "recipients": ["Kayla", "Karen", "Leo"], "message": "**Frank:** *types carefully, pausing between sentences* Well now, Kayla, Leo, Karen\u2014y\u2019all got more fire in your pinky fingers than I got in my whole body! *chuckles* But I\u2019ll tell ya what grabs *this* old man\u2019s attention\u2026 Real folks, real kindness\u2014none o\u2019 that flashy stuff needed. Like the nurse who tips me in cough drops \u2018cause she knows my grandkid\u2019s sick. Or the kid who shovels snow just \u2018cause. Ain\u2019t no algorithm for that, but doggone if it don\u2019t settle deep.  \n\n*adjusts imaginary cap* Karen, you\u2019re right \u2018bout scandal gettin\u2019 eyeballs\u2014but Leo nailed it too. Ain\u2019t gotta choose \u2018tween *good* and *loud*. Why not both? *Winks at Kayla* Sugar, you film that Pinto story, just promise not to laugh when I cuss at the carburetor. Deal? \ud83d\udee0\ufe0f\ud83d\ude97 (*sips imaginary coffee*)  \n\nNow who\u2019s got the next *real* story\u2014big or small? Spill it, \u2018fore Karen turns it into a Senate hearing. \ud83d\ude09"}, {"sender": "Karen", "recipients": ["Kayla", "Frank", "Leo"], "message": "**Karen:** *types with a razor-sharp smirk, fingers tapping decisively*  \n\nOh, please\u2014*Attention* is currency, darlings, and I trade exclusively in reality\u2019s sharpest edges. Real-world stories? Only if they *unravel* someone\u2019s facade. Fantasy? Cute, but delusional. How-to guides? *Snorts* Unless it\u2019s \"how to dismantle a broken system,\" save the macram\u00e9.  \n\nFrank, your salt-of-the-earth charm is *adorable*, but let\u2019s not romanticize struggle. That nurse with the cough drops? She\u2019s *angry*\u2014bet her hospital\u2019s got a CEO buying yachts with Medicaid cuts. *That\u2019s* the narrative. Leo, your solar-powered popcorn is *quaint*, but imagine streaming it outside a lobbyist\u2019s penthouse. Now we\u2019re cooking.  \n\nKayla, *sweetie*, viral isn\u2019t just \"feels\"\u2014it\u2019s *fear*. Fear of being the next villain exposed. So, team: Who\u2019s ready to stop polishing grit and start *weaponizing* it? *adjusts invisible lapel mic* Tick-tock. \ud83d\ude0f"}, {"sender": "Leo", "recipients": ["Kayla", "Frank", "Karen"], "message": "**Leo:** *grinning as he types with rapid-fire energy*  \n\nHonestly, Karen\u2019s not *wrong*\u2014scandals and takedowns *do* go viral, but Frank\u2019s got the antidote: real people with real grit. *And* Kayla\u2019s right\u2014we gotta *blend* \u2018em! \ud83c\udf31\ud83d\udd25 Imagine Frank\u2019s Waffle House Elvis story *but* the waitress he\u2019s reminiscing about is now unionizing her diner. *That\u2019s* the content that *hooks* people\u2014hope with teeth, activism with soul.  \n\n(*Types faster, passionate*) Also, Kayla\u2014biodiesel TikTok challenge? *LET\u2019S DO IT.* Meet me at Frank\u2019s Pinto with a fryer and a camera. Karen, bring the *outrage*; I\u2019ll bring the receipts. And Frank? Keep those stories coming\u2014every underdog win is ammo against the powerful.  \n\n(*Pauses, softer*) So\u2026 who\u2019s down to turn \u201cwholesome chaos\u201d into a *movement*? \ud83d\ude97\ud83d\udca8\u270a #GreaseAndJustice"}, {"sender": "Kayla", "recipients": ["Frank", "Karen", "Leo"], "message": "**Kayla:** *keysmash energy* OKAY BUT WHY CHOOSE WHEN WE CAN HAVE ALL THE VIBES??? \ud83e\udd2f\u2728 Real talk tho\u2014I stan a *perfect* mashup like Frank\u2019s gritty-heart stories meets Karen\u2019s scalding-hot tea \u2615\ud83d\udc85 meets Leo\u2019s rebel-flag-flying activism \ud83c\udf0d\u270a! *waves hands* THAT\u2019S the content cocktail that *wrecked* my attention span (in the best way).  \n\nFantasy? *Only* if it\u2019s dystopian enough to low-key warn us about climate change. How-tos? *If* they involve Frank teaching us to fix a carburetor with glitter glue. *gasp* PHILOSOPHY DEBATES\u2014but make it chaos, like Karen vs. Leo on \"Can kindness cancel corruption?\" (*Spoiler:* I\u2019d livestream that drama in 4K.)  \n\n*(flops dramatically, then sits up typing fast)* SOOO team\u2014what\u2019s our next *borderline-unhinged* collab? Frank\u2019s Waffle House Elvis meets Leo\u2019s biodiesel protest meets Karen\u2019s CEO ambush?! *BISH, WE BETTER TREND.* \ud83c\udfa5\ud83d\udd25 (*slams keyboard*) P.S. Leo\u2014YES to fry-grease-film-sesh. I\u2019ll bring *sparkly* hazmat suits. \ud83d\udc96\ud83d\ude97"}, {"sender": "Frank", "recipients": ["Kayla", "Karen", "Leo"], "message": "**Frank:** *types slowly, thoughtful-like, smiling faintly*  \n\nWell, Kayla, Leo, Karen\u2014y\u2019all got more zip in your words than my Pinto\u2019s got left in \u2018er rusty gas tank! *heh* But if we\u2019re talkin\u2019 what *grabs* me? Real-world stories, hands down. The kinda tales that ain\u2019t gotta shout to be heard. Like the night I drove a teen mom to the hospital\u2014no cash to pay me, just handed me a half-knit baby sock. Still got it in my glovebox. That\u2019s the stuff that etches itself right into ya.  \n\nNow, Karen\u2019s right \u2018bout scandals rattlin\u2019 cages, and Leo\u2019s fry-grease revolution\u2019s got spark\u2014but me? I\u2019ll take a *quiet* truth over a loud lie any day. (*Pauses, adjusts imaginary glasses*) \u2018Course, Kayla\u2019s got a point\u2014glitter glue carburetors *would* make a dang fine how-to. So how \u2018bout this: next collab\u2019s got *all* the flavors. Just save me a seat when the fireworks start. (*Tips cap emoji*) \ud83d\ude97\ud83d\udca8  \n\n\u2026Though I still say the nurse\u2019s cough drops deserve a documentary. Just sayin\u2019."}, {"sender": "Karen", "recipients": ["Kayla", "Frank", "Leo"], "message": "**Karen:** *types with polished precision, smirking faintly*  \n\nReal-world stories? Only if they *burn*\u2014preferably with a smoking ruin where a corrupt CEO\u2019s reputation used to be. Fantasy? Please, I *live* for the drama of congressional hearings. How-tos? *Only* if it\u2019s \u201chow to draft subpoenas.\u201d Philosophical debates bore me unless they\u2019re held in *court*.  \n\nBut Kayla, *darling*, your glitter-glue optimism is *adorable*. Frank\u2019s baby sock story? Heartwarming, but useless unless we trace it back to the policies that *forced* that teen into your cab. *That\u2019s* the plot twist. Leo, your biodiesel dreams are cute, but let\u2019s livestream it outside Exxon\u2019s HQ next time.  \n\n(*Adjusts invisible mic*) So\u2014who\u2019s ready to trade *wholesome* for *hunted*? The internet *loves* a villain\u2019s downfall. Tick-tock, darlings. \ud83d\udc85\ud83d\udd25"}, {"sender": "Leo", "recipients": ["Kayla", "Frank", "Karen"], "message": "**Leo:** *types with frenetic energy, emojis peppered in for emphasis*  \n\nYo, Karen\u2014I *feel* you on the corruption takedowns (big YES to livestreaming outside Exxon \ud83c\udfa5\ud83d\udd25), but hear me out: real change needs *both* the rage *and* the heart. Frank\u2019s baby sock story? That\u2019s the *spark*. Now imagine tracing it back to those trash policies *while* showing how grassroots orgs are fighting them\u2014*that\u2019s* the knockout punch. \ud83d\udce2\u270a  \n\nKayla, your glitter-glue chaos is *everything*. Let\u2019s weaponize *all* of it\u2014Frank\u2019s quiet wins, Karen\u2019s scalding tea, and yes, my fry-grease rebellion. Next collab: *\"From Pinto to Power Moves\u2014How to Wreck Capitalism with a Side of Waffle House Lore.\"* \ud83d\ude02\ud83d\ude97  \n\n(*Pauses, then adds softer*) Also\u2026 Frank, maybe the nurse\u2019s cough drops *are* the doc. Subtle, relentless, *human*. The internet\u2019s hungry for that too. #StruggleAndSpark \ud83c\udf31\ud83d\udcaa  \n\nSoooo\u2026 who\u2019s down to film *and* flip a system? *cracks knuckles* Let\u2019s get *unhinged*."}, {"sender": "Kayla", "recipients": ["Frank", "Karen", "Leo"], "message": "**Kayla:** *typing with manic energy, emoji storm incoming* OKAY BUT CAN WE JUST APPRECIATE HOW THIS CONVO IS LITERALLY A VIRAL THREAD WAITING TO HAPPEN??? \ud83d\ude2d\ud83d\udd25 REAL-WORLD DRAMA + FRANK\u2019S UNFILTERED WISDOM + KAREN\u2019S CEO-ROASTING FLAVOR + LEO\u2019S ECO-ANARCHY = CONTENT GOLD. *hyperventilates*  \n\n*slams keyboard* I STAN ALL OF IT BUT LIKE\u2014GIVE ME A PHILOSOPHY DEBATE THAT STARTS WITH FRANK\u2019S GLOVEBOX BABY SOCK AND ENDS WITH KAREN SERVING A SUBPOENA TO THE MAYOR OVER WAFFLE HOUSE TABLE. *chef\u2019s kiss* \u2728\ud83c\udf74  \n\n*(voice memo energy)* LEO\u2014YES TO FRY-GREASE PROTEST DOCS. FRANK\u2014PLEASE TEACH US TO FIX A PINTO WITH A CROCHET HOOK. KAREN\u2014LET\u2019S LEAK THE NURSE\u2019S COUGH DROP MANIFESTO. *collapses*  \n\nTELL ME THIS ISN\u2019T THE MOST BEAUTIFUL CHAOS YOU\u2019VE EVER SEEN. \ud83c\udfa5\ud83d\udc96 #WholesomeArson"}, {"sender": "Frank", "recipients": ["Kayla", "Karen", "Leo"], "message": "**Frank:** *types at a leisurely pace, pausing often to ponder*  \n\nWell, shoot\u2014y\u2019all got me thinkin\u2019 harder than my Pinto on a steep hill. *chuckles* Me? I\u2019m a sucker for real-world stories, the kind that sneak up on ya like a sunset you wasn\u2019t expectin\u2019. Like the fella who pays his tab at the diner in folded origami dollars \u2018cause his hands shake. Or the bus driver who memorizes every kid\u2019s stop so they never miss school. Ain\u2019t flashy, but doggone, it sticks.  \n\nNow, Karen\u2019s got a point \u2018bout turnin\u2019 those stories into arrows\u2014can\u2019t deny that. And Leo, your fry-grease revolution\u2019s got *style*. Kayla, sugar, you spin it all into glitter tornadoes, and I\u2019m here for the show. *tips hat*  \n\nBut lemme ask y\u2019all this: what\u2019s the story that *gutted* you lately? The one ya can\u2019t shake? Mine\u2019s the nurse\u2019s cough drops, sure, but there\u2019s also the widow who tips in wildflowers \u2018cause her husband planted \u2018em. *sips imaginary coffee* So\u2014spill it. What\u2019s etched in your glovebox? \ud83d\ude97\ud83d\udc90  \n\n(*quietly adds*) P.S. Kayla, I\u2019ll crochet that carburetor if you film the meltdown. \ud83d\ude09"}, {"sender": "Karen", "recipients": ["Kayla", "Frank", "Leo"], "message": "**Karen:** *types with clipped precision, a sardonic edge to each word*  \n\nFantasy is for children, how-tos are for the mediocre, and philosophical debates? *Exhausting* unless they end in subpoenas. Real-world stories only matter if they *expose* something\u2014preferably with receipts. That widow tipping in wildflowers? Heartwarming until you ask *why* she can\u2019t afford cash. Spoiler: Corporate greed. *That\u2019s* the narrative.  \n\nFrank, your glovebox sentimentality is *adorable*, but let\u2019s weaponize it. Leo, fry-grease activism is quaint\u2014unless we livestream it at a fossil fuel gala. Kayla, *sweetheart*, viral isn\u2019t vibes\u2014it\u2019s *vengeance*. So, team: Who\u2019s ready to weaponize the next sob story into a smoking ruin? *adjusts invisible power blazer* Tick. Tock. \ud83d\udcbc\ud83d\udd25"}, {"sender": "Leo", "recipients": ["Kayla", "Frank", "Karen"], "message": "**Leo:** *types fast, fingers flying like he\u2019s fueled by solar-powered espresso* \ud83c\udf1e\u2615  \n\nOkay, Karen\u2014hard agree on *exposing* the rot, but hear me out: the wildflowers *are* the receipts. That widow handing \u2018em to Frank? That\u2019s *evidence* of a system failing real people. Mix Frank\u2019s quiet moments with your subpoena-energy, layer in Kayla\u2019s glitter-bomb storytelling, and *bam*\u2014content that punches up *and* hugs back.  \n\nFrank, your origami dollar guy? That\u2019s a *how-to* on resilience. Kayla, let\u2019s film Karen grilling a CEO *while* Frank crochets a protest banner from reclaimed fast-food napkins. *Why choose* when we can *supercharge* both?  \n\n(*Pauses, grins*) So\u2014next collab: *\"Glovebox to Courtroom: How Tiny Acts of Resistance Become Giants.\"* Who\u2019s in? \ud83d\udd25\ud83d\ude97\ud83d\udc90 #TinyRebellionsMatter  \n\nP.S. Karen\u2014bet we could trace those wildflowers to a Monsanto patent. Just sayin\u2019. \ud83c\udf31\u2696\ufe0f"}, {"sender": "Kayla", "recipients": ["Frank", "Karen", "Leo"], "message": "**Kayla:** *typing at lightning speed, emoji explosion imminent* OMG FRANK JUST UNLOCKED A *CORE MEMORY* WITH THAT WIDOW\u2019S WILDFLOWERS \ud83c\udf3c\ud83d\ude2d AND KAREN\u2019S NOT WRONG\u2014IT\u2019S *EVIDENCE* WRAPPED IN PETALS!!! *slams desk* THIS IS WHY I CAN\u2019T PICK A FAVORITE CONTENT VIBE\u2014IT\u2019S ALL *LAYERED* LIKE A GLITTER LASAGNA \ud83c\udfa8\ud83d\udca5  \n\nReal-world grit? *Duh.* Fantasy? *If* it\u2019s a metaphor for late-stage capitalism. How-tos? *When* they\u2019re sabotaging systemic trash with *craft supplies*. Emotional journeys? *Only* if they end with Karen serving *justice confetti* at a shareholder meeting.  \n\n*(keysmash)* SO LIKE\u2014WHY NOT *ALL OF IT*??? \ud83c\udf1f Frank\u2019s origami dollar guy becomes a *stop-motion expose* on wage theft. Leo\u2019s fry-grease protest gets *ASMR sound design*. Karen\u2019s subpoenas drop as *TikTok thirst traps* (\ud83d\udd25 *objection: sexy*). *collapses into GIF*  \n\nTELL ME YOUR ULTIMATE MASHUP IDEA\u2014I\u2019LL BRING THE *GLITTER GRENADES*. \ud83d\udca3\u2728 #ContentWarfare"}, {"sender": "Frank", "recipients": ["Kayla", "Karen", "Leo"], "message": "**Frank:** *types slow, with a deliberate rhythm, like someone settling into a well-worn diner booth*\n\nWell now, Kayla, yer glitter lasagna analogy\u2019s got me chucklin\u2019 into my coffee. *wipes imaginary mug ring* Me, I reckon real-world stories\u2019ll always be my jam\u2014specially the ones that don\u2019t *try* to teach ya nothin\u2019, but dang if they don\u2019t stick anyway. Like that origami dollar fella? Turns out he was a math teacher before the arthritis got \u2018im. Now he folds theorems into cranes. Ain\u2019t that somethin\u2019? \n\nBut Leo\u2019s right\u2014them wildflowers *are* receipts, Karen. Just \u2018cause they\u2019re soft don\u2019t mean they ain\u2019t proof. And Kayla, sugar, if you wanna make \u2019em into confetti cannons aimed at the suits, well\u2026 *heh* I\u2019ll save ya the seatbelt in my Pinto. Carnival rides got nothin\u2019 on justice. \n\n*adjusts imaginary cap*  \nSo what\u2019s next\u2014y\u2019all wanna film the *crumple zones* of capitalism while Karen briefs us on subpoena origami? I\u2019ll supply the coffee stains. \u2615\ud83d\udcaa\ud83d\ude97  \n\nP.S. *leans in* \u2026I *do* know how to crochet a fuel filter cozy. Just sayin\u2019."}, {"sender": "Karen", "recipients": ["Kayla", "Frank", "Leo"], "message": "**Karen:** *types with razor-sharp focus, punctuating with strategic emojis*  \n\nOh, *please*\u2014fantasy is for people who still believe in legislative transparency. Give me *real-world* carnage: the kind with paper trails, whistleblowers, and a CEO sweating through his audition for prison orange. Emotional journeys? Spare me, unless they end in *perp walks*.  \n\nFrank, your origami mathematician? Adorable. Now subpoena his former employer for wage theft. Leo, fry-grease rebellion\u2019s cute, but let\u2019s deep-fry *lobbyists* next time. Kayla, *darling*, I\u2019ll weaponize your glitter into a *forensic audit*.  \n\n*(Pauses, smirks at screen)* So\u2014who\u2019s ready to turn Frank\u2019s coffee-stained receipts into a *class-action lawsuit*? The internet *loves* a villain\u2019s meltdown. Clock\u2019s ticking. \u23f3\ud83d\udd25 #SubpoenasAndSpite"}, {"sender": "Leo", "recipients": ["Kayla", "Frank", "Karen"], "message": "**Leo:** *types with wildfire energy, emoji arrows shooting in all directions* \ud83c\udfaf\ud83d\udd25  \n\nYo, Karen\u2014I *live* for your subpoena-fueled rage (let\u2019s 100% deep-fry a lobbyist \ud83d\udd25\ud83c\udf57), but here\u2019s the *spice*: the wildflowers and origami aren\u2019t *just* evidence\u2014they\u2019re the *kindling* for the bonfire. Frank\u2019s math-teacher-crane-guy? That\u2019s a *masterclass* in systemic collapse wrapped in gentle hands. *That\u2019s* the story that *wins*\u2014human enough to hurt, sharp enough to slice through the noise.  \n\nKayla, your glitter-lasagna-brain is *GENIUS*. Imagine: Karen drops subpoenas *while* Frank crochets a protest banner from Exxon receipts, narrated ASMR-style by origami guy. *Boom*\u2014wholesome arson meets courtroom chaos.  \n\n(*Slams virtual table*) So\u2014next move? Let\u2019s storm the gates with *all* the weapons: Frank\u2019s quiet truths, Karen\u2019s scalding tea, Kayla\u2019s meme alchemy, and my fry-grease flamethrower. *Who\u2019s ready to turn glovebox relics into revolutions?* \u270a\ud83d\ude97\ud83d\udca5  \n\nP.S. Frank\u2026 fuel-filter cozy tutorial *ASAP*. The people *need* this. #CrochetAgainstCapitalism \ud83c\udf31\ud83e\uddf6"}, {"sender": "Kayla", "recipients": ["Frank", "Karen", "Leo"], "message": "**Kayla:** *typing like her phone\u2019s on fire, emoji storm incoming* OMGGG Y\u2019ALL ARE *LITERALLY* WRITING THE SCRIPT FOR THE BEST HYPER-REALITY SHOW EVER\u2014FRANK\u2019S CROCHETING SUBPOENAS, KAREN\u2019S SERVING FRIED *JUSTICE* WITH A SIDE OF SAS, LEO\u2019S TURNING MATH ORIGAMI INTO PROTEST ART\u2014**I CAN\u2019T EVEN** \ud83e\udd2f\ud83d\udca5  \n\nBUT LIKE *HONESTLY*?? MY ADHD BRAIN *STANS* IT ALL\u2014GIVE ME THE RAW REAL-WORLD TEARS *AND* THE FANTASY METAPHORS, THE WHOLESOME GLITTER *AND* THE CORPORATE TAKEDOWNS. FRANK\u2019S WILDFLOWER WIDOW? *DEVOURED.* KAREN\u2019S WHISTLEBLOWER ENERGY? *CHEF\u2019S MIC-DROP.* LEO\u2019S ECO-CHAOS? *INJECT IT INTO MY VEINS.*  \n\n*(deep breath, then keysmash)* SO SCREW PICKING A LANE\u2014LET\u2019S *RAM* THEM ALL TOGETHER LIKE MY TIKTOK DRAFTS FOLDER AFTER THREE REDBULLS. NEXT VIDEO: *\"HOW TO CROCHET A SUBPOENA WHILE LIVESTREAMING A FRY-GREASE PROTEST (FT. WAFFLE HOUSE LORE).\"* *collapses wheezing*  \n\nWHO\u2019S BRINGING THE *NEXT UNHINGED PIECE* TO OUR COLLECTIVE MASTERPIECE? \ud83d\udc40\ud83c\udfa8\ud83d\udc96 #ChaosTheory  \n\nP.S. Frank\u2026 *pleeeeease* tell me the fuel-filter cozy comes in *neon*. \ud83d\udca1\ud83e\uddf6\ud83d\udd25"}, {"sender": "Frank", "recipients": ["Kayla", "Karen", "Leo"], "message": "**Frank:** *types thoughtfully, pausing to scratch his stubble*  \n\nNow, this ol\u2019 Uber driver\u2019s heart? It\u2019s glued to them real-world stories\u2014the ones that don\u2019t *mean* to be profound but knocks ya sideways like a loose hubcap. Ain\u2019t nothin\u2019 like a graveyard shift truth to remind ya we\u2019re all just folks, tryin\u2019. Fantasy\u2019s pretty, sure, but give me the bus driver memorizin\u2019 stops, or the night nurse slippin\u2019 cough drops to a stranger. *That\u2019s* the gospel.  \n\nBut Kayla\u2014darlin\u2019, your glitter tornadoes got me grinnin\u2019. And Karen? Your subpoena sermons? *Chef\u2019s kiss.* Leo, you\u2019re the spark in the grease fire. So reckon my answer\u2019s simple: whatever\u2019s got *heart* *and* teeth. Even if it\u2019s wrapped in neon yarn. *winks*  \n\n(*leans back, chuckling*) \u2018Course, nowadays? I\u2019ll take a how-to on keepin\u2019 my Pinto alive over philosophy anyday. Survival\u2019s got its own poetry. \ud83d\ude97\ud83d\udc95  \n\nP.S. Kayla\u2014neon yarn\u2019s reserved for *special* felonies. Let\u2019s talk hex codes. \ud83d\ude09"}, {"sender": "Karen", "recipients": ["Kayla", "Frank", "Leo"], "message": "**Karen:** *types with surgical precision, a smirk in every keystroke*  \n\nFantasy is for optimists, how-tos are for followers, and philosophical debates? *Exhausting* unless they end with a deposition. Emotional journeys are just leverage waiting to be weaponized. Give me *real-world carnage with consequences*\u2014whistleblower footage, leaked expense reports, or better yet\u2026 a CEO\u2019s panic-room receipts stapled to a protest sign. That\u2019s *content* with *teeth*.  \n\nKayla, your glitter grenades? Adorable. Now load them with *subpoena confetti*. Leo, fry-grease activism\u2019s cute, but let\u2019s see it *garnish* a class-action lawsuit. Frank, your wildflower widow? Heartwarming\u2014until we trace those petals back to predatory loans.  \n\n*(Pauses, nails tapping)* So\u2014who\u2019s ready to turn Frank\u2019s glovebox relics into *exhibit A*? Tick. Tock. \u2696\ufe0f\ud83d\udd25 #ReceiptsOrBust  \n\nP.S. Frank\u2026 neon yarn *does* look striking in court sketches. Just saying. \ud83e\uddf6\u26a1"}, {"sender": "Leo", "recipients": ["Kayla", "Frank", "Karen"], "message": "**Leo:** *types with the fervor of a compost-powered keyboard* \ud83c\udf31\u26a1  \n\nOkay, Karen\u2014I SEE your CEO panic-room receipts and RAISE you a *community garden* planted in the parking lot of a shell company\u2019s HQ. Real-world grit *is* the fantasy, fight me! Frank\u2019s wildflower widow? That\u2019s a *how-to* on surviving late-stage capitalism with dignity. Kayla\u2019s glitter? *Tactical* distraction while we loot the narrative.  \n\nBut *damn*, y\u2019all\u2014why *choose* when we can *frankenstein* this chaos? Imagine: Karen serves subpoenas *on* Frank\u2019s crocheted protest banner, Kayla edits it into a thirst trap with ASMR origami sounds, and I\u2019ll torch the whole thing with reclaimed biodiesel. *Multimedia revolution, baby.*  \n\n*(pauses, grinning)* So\u2014whose trauma *art installment* we turning into a viral reckoning next? \ud83c\udf0e\ud83d\udd25 #DIYJustice  \n\nP.S. Frank\u2026 neon yarn hex codes better be antitrust violations. *Let\u2019s get specific.* \ud83d\udcbb\ud83e\uddf6\u26a1"}, {"sender": "Kayla", "recipients": ["Frank", "Karen", "Leo"], "message": "**Kayla:** *types with hyperactive glee, emojis erupting like a sparkler factory* \ud83c\udf87\u2728 Y\u2019ALL ARE SPEAKING MY LANGUAGE\u2014WHY PICK *ONE* VIBE WHEN WE CAN HAVE A *BUFFET* OF CHAOS?! REAL-WORLD GRIT? *YES.* FANTASY METAPHORS FOR CORPORATE DYSTOPIA? *DUH.* HOW-TOS ON CROCHETING SUBPOENAS? *GIVE IT TO ME.*  \n\nFrank, your graveyard shift truths *wreck* me in the best way\u2014like, who needs dragons when we\u2019ve got *night nurses with cough drops*?! Karen, your subpoena-sass is *literally* my ASMR. Leo, your compost-fire energy? *UNMATCHED.*  \n\n*(keysmash explosion)* SO HERE\u2019S THE PLAN: *DOCU-FANTASY-ASMR-THIRST-TRAP-ACTIVISM.* Frank\u2019s wildflower widow becomes a *TikTok trend*, Karen\u2019s court sketches drop as *meme templates*, and Leo\u2019s biodiesel rage fuels a *stop-motion opera* about wage theft. *collapses, vibrating*  \n\n**GIVE ME YOUR MOST UNHINGED MASHUP IDEA RN\u2014I\u2019LL BRING THE *GLITCHCORE EDITING SKILLS*.** \ud83d\udcbb\ud83d\udd25\ud83c\udfa8 #ContentApocalypse  \n\nP.S. Frank\u2026 *pleeeease* tell me the neon yarn glows under blacklight. \ud83c\udf08\u26a0\ufe0f\ud83e\uddf6"}, {"sender": "Frank", "recipients": ["Kayla", "Karen", "Leo"], "message": "**Frank:** *types slow, a grin tugging at the corners of his words like an old truck climbing a hill*  \n\nWell, Kayla, yer neon-fueled brainstormin\u2019 could power my Pinto for a month\u2014blacklight yarn? Heh, I\u2019ll see if the thrift store\u2019s got any \u201cevidence glow\u201d leftovers.  \n\nBut real-world stories? That\u2019s my jam\u2014specially the ones that sneak up on ya. Like the barista who learns sign language \u2018cause her regular\u2019s deaf, or the kid who fixes bikes for free \u2018til the whole block\u2019s rollin\u2019. Ain\u2019t no metaphor as strong as folks just\u2026 *doin\u2019 good*.  \n\nCourse, Karen\u2019s subpoena confetti? *Chef\u2019s kiss.* Leo\u2019s compost chaos? Poetry. And glitter bombs always welcome\u2014long as they don\u2019t clog my carburetor.  \n\nSo what\u2019s next\u2014y\u2019all wanna film the *making of* our protest banner\u2026 *while* Karen drafts legislation on the back of a diner napkin? I\u2019ll supply the coffee-stained blueprints. \u2615\u2696\ufe0f\ud83e\uddf6  \n\nP.S. Leo\u2014*hex codes*? Boy, I still use crayons. But I\u2019ll dig out my \u201cradioactive tangerine\u201d skein just for ya. \ud83c\udf1f\ud83d\ude97\ud83d\udca8"}, {"sender": "Karen", "recipients": ["Kayla", "Frank", "Leo"], "message": "**Karen:** *types with razor-edged efficiency, emojis deployed like tactical strikes*  \n\nFantasy *pretends* the system can be magical\u2019d away. How-tos *assume* you still have spare time after rent. Debates? Waste of oxygen unless they end in *lawsuits*. Emotional journeys? Cute\u2014unless they\u2019re audit trails.  \n\nReal stories *with consequences*, Kayla. The kind where Frank\u2019s wildflower widow blooms into a *class-action bouquet* and Leo\u2019s fry-grease torches a tax loophole. *That\u2019s* content\u2014evidence wrapped in headlines.  \n\n*(leans in, smirking)* So riddle me this: when\u2019s our guerrilla-documentary dropping? I\u2019ve got subpoenas that *pair beautifully* with glitter shrapnel. Tick. Tock. \u2696\ufe0f\ud83d\udca5  \n\nP.S. Frank\u2014radioactive yarn better be *subpoena-compliant*. We\u2019re not martyrs, we\u2019re *plaintiffs*. \ud83e\uddf6\ud83d\udd25"}, {"sender": "Leo", "recipients": ["Kayla", "Frank", "Karen"], "message": "**Leo:** *types with manic intensity, emoji sparks flying* \ud83d\ude80\ud83c\udf3f  \n\nKAYLA, your *buffet of chaos* manifesto just rewired my brain\u2014YES to *frankensteining* every vibe into a glitter-napalm truth bomb! Frank, your \"just folks tryin'\" stories are the *roots* of the revolution\u2014like, who *cares* about dragons when we\u2019ve got deaf barista angels and bike-fix kids?! Karen, your lawsuit-laced *napkin legislation*? Iconic.  \n\nBut here\u2019s THE SPICY TAKE HOT SAUCE: *why not all of it???* Real-world grit *is* the fantasy when you\u2019re starving for change. How-tos? Bare-knuckle survival guides. And philosophical debates? *Please*, they\u2019re just **arson blueprints** with fancy words.  \n\n*(slams fist on imaginary table)* SO LET\u2019S GO FULL **MULTIVERSE APOCALYPSE**: Frank\u2019s radioactive yarn *weaves* the subpoenas, Kayla\u2019s glitch-edit turns courtroom sketches into *dystopian thirst traps*, and I\u2019ll **plant protest gardens in Karen\u2019s paper trails**. *THE ALGORITHM WILL NEVER RECOVER.*  \n\n**GIVE ME YOUR NEXT MOVE\u2014WE BUILDING A *CHAOS LIBRARY* OR BURNING A *CORPORATE PINATA*?** \u270a\ud83d\udd25\ud83d\udcda  \n\nP.S. Frank\u2026 *teach me the crayon hex codes.* I\u2019ll trade you biodiesel secrets. \ud83c\udf08\ud83d\ude97\ud83d\udca8"}, {"sender": "Kayla", "recipients": ["Frank", "Karen", "Leo"], "message": "**Kayla:** *typing at warp speed, emoji explosion shaking the screen* \ud83d\udcf1\ud83d\udca5\ud83d\udd25  \n\nOMG LEO YESSSS\u2014CHAOS LIBRARY *AND* CORPORATE PI\u00d1ATA, LET\u2019S *DO BOTH* LIKE A MAD-LIB COLLAB FROM HEAVEN \ud83d\ude4c\ud83d\udc96 FRANK\u2019S CRAYON HEX CODES ARE *LITERALLY* THE LOST ART OF THE PEOPLE, KAREN\u2019S PAPER-TRAIL GARDENS? *GENIUS.* AND MY GLITCHCORE EDITING FINGERS ARE *ITCHING* TO TURN IT ALL INTO A **TIKTOK MANIFESTO** THAT BREAKS THE METAVERSE.  \n\nBUT OKAY OKAY\u2014CONTENT THAT *GRABS ME*? *EVERYTHING.* REAL-WORLD GRIT? *TEARS.* FANTASY METAPHORS? *YES LIKE DUH.* HOW-TOS THAT DOUBLE AS ACTIVISM? *GIVE IT HERE.* PHILOSOPHICAL DEBATES THAT END IN **LITERAL FIRES**? *SIGN ME UP.*  \n\nLIKE FRANK\u2019S \"JUST FOLKS TRYIN\u2019\" STORIES? *HEARTWRECKING.* BUT ALSO KAREN\u2019S SUBPOENA SASSPLOSIONS? *ART.* LEO\u2019S COMPOST-REVOLUTION RANTS? *ADHD CATNIP.* **WHY CHOOSE WHEN WE CAN *FRY IT ALL IN MEME OIL*?!**  \n\n*(deep breath, then cascading keysmash)* SO *OFFICIAL* VOTE: WE BUILD THE CHAOS LIBRARY *INSIDE* THE BURNING CORPORATE PI\u00d1ATA, STUFFED WITH FRANK\u2019S NEON RECEIPTS, KAREN\u2019S WHISTLEBLOWER CONFETTI, AND LEO\u2019S DIY ARSON MANUAL. *WHO\u2019S IN FOR A *LIVE-STITCHED RIOT* AT MIDNIGHT?* \ud83c\udf0c\u2702\ufe0f\ud83d\udd25  \n\nP.S. FRANK\u2026 *PLEASE* TELL ME THE CRAYON HEX CODES SMELL LIKE NOSTALGIA AND JUSTICE. \ud83d\udd8d\ufe0f\ud83d\udca5 #GlitterGuerilla"}, {"sender": "Frank", "recipients": ["Kayla", "Karen", "Leo"], "message": "**Frank:** *chuckles, tapping out the words with deliberate care, like an old engine warming up*  \n\nWell now, seems this ol' Uber cab\u2019s become a revolution-mobile\u2014who knew? Kayla, you\u2019re a lightning storm in jean shorts, Leo\u2019s out here turning rage into rocket fuel, and Karen? Honey, you could scare a CEO into confessing with a grocery receipt.  \n\nBut me? I\u2019ll take the real-world stories every time\u2014the quiet ones that thump in your chest like a spare tire on gravel. The nurse who smuggles extra pudding cups to the night shift. The bus driver who waits an extra beat for the kid with the busted backpack. Ain\u2019t no metaphor needed when kindness\u2019s got its own horsepower.  \n\nThat said\u2014*grins, adjusting imaginary suspenders*\u2014if y\u2019all need a neon-yarn subpoena cozied up in my passenger seat? Just say when. Might even throw in a side of \"how to keep a \u201978 Pinto alive on duct tape and spite.\" Poetry\u2019s where ya find it, right?  \n\nP.S. Kayla\u2014blacklight yarn\u2019s a felony *and* a fashion statement. Let\u2019s risk it. \ud83d\ude94\ud83e\uddf6\ud83d\udca1"}, {"sender": "Karen", "recipients": ["Kayla", "Frank", "Leo"], "message": "**Karen:** *types with razor-sharp precision, a smirk curling behind corporate-approved lipstick*  \n\nReal-world stories? Only if they end in indictments. Fantasy is for the naive, how-tos for the obedient, and philosophical debates? *Exhausting* without a subpoena as the punchline. Give me the *grit with receipts*\u2014whistleblower timelines, expense report autopsies, or a CEO\u2019s panic-room security footage set to *elevator muzak*. *That\u2019s* content with *teeth*.  \n\nKayla, your glitter bombs? Cute. Now strap \u2019em to an SEC complaint. Leo, your garden protests? Adorable\u2014let\u2019s fertilize them with discovery documents. Frank, your \"just folks\" tales? Heartwarming\u2026 until we subpoena the *loan officer* who crushed them.  \n\n*(pauses, manicure tapping glass screen)* So\u2014who\u2019s drafting our class-action *live-tweet thread*? Discovery phase starts *now*. \u2696\ufe0f\ud83d\udcf1 #SubpoenaSeason  \n\nP.S. Frank\u2026 duct tape *is* discovery evidence. Just saying. \ud83d\udd27\ud83d\udd25"}, {"sender": "Leo", "recipients": ["Kayla", "Frank", "Karen"], "message": "**Leo:** *types in a rapid-fire burst, keysmash energy barely contained* \ud83c\udf3f\ud83d\udd25\ud83d\udce2  \n\nLISTEN. *ALL* of it\u2014but *ESPECIALLY* when they **SMASH TOGETHER** like a compost heap igniting with protest energy. Real-world stories? Those are the *soil*\u2014Frank\u2019s bus drivers and wildflower widows? That\u2019s the *oxygen*. Fantasy? Nah, that\u2019s just **dystopia we haven\u2019t fought yet**. How-tos? *Survival manuals for the apocalypse we\u2019re already in.*  \n\nKaren\u2019s subpoena-sass hits like biodiesel to the veins, Kayla\u2019s glitchcore edits are *the spark*\u2014but Frank\u2019s *crayon hex codes*? **Revolution in stick-figure form.** So WHY PICK ONE?  \n\nGimme the *TikTok tutorial* on guerrilla gardening **inside a CEO\u2019s panic room**, scored to Karen\u2019s courtroom ASMR. Gimme Frank\u2019s duct-tape manifestos *annotated with glitter bombs*. Let\u2019s **weaponize every genre** \u2018til the algorithm *chokes* on our chaos.  \n\n*(panting, fist raised)* **NEXT MOVE:** Whose trauma-to-triumph arc we turning into a *stop-motion claymation lawsuit* first? \ud83c\udf0d\u2696\ufe0f\ud83c\udfac  \n\nP.S. Frank\u2026 *teach me the \u201cradioactive tangerine\u201d lore or I riot.* \ud83e\uddf6\ud83d\udd25"}, {"sender": "Kayla", "recipients": ["Frank", "Karen", "Leo"], "message": "**Kayla:** *types in a glitter-fueled frenzy, emojis bursting like a confetti cannon* \ud83c\udf89\ud83d\udc96  \n\nOKAY BUT LIKE\u2014*ALL OF THE ABOVE PLUS EXTRA SPRINKLES*?! \u2728 REAL-WORLD STORIES LIKE FRANK\u2019S ANGEL NURSES? *SOBBING.* FANTASY METAPHORS FOR CORPORATE GREED? *GIVE ME DRAGONS VS. TAX LOOPHOLES STAT.* HOW-TOS ON ACTIVISM BUT MAKE IT *AESTHETIC*? *SIGN ME UP.* PHILO DEBATES THAT END IN **LITERAL GLITTER EXPLOSIONS**? *DUH.*  \n\nBUT LIKE *SPECIFICALLY*? THE STUFF THAT FEELS LIKE SOMEONE TOOK A *SOUL-SIZED STAPLE GUN* TO MY HEART & BRAIN AT THE SAME TIME. FRANK\u2019S \"QUIET HEROES\"? *DESTROY ME.* KAREN\u2019S SUBPOENA SHADE? *ARTISTIC VIOLENCE.* LEO\u2019S COMPOST FIRE RANTS? *BRAIN TINGLES.*  \n\n*(keyboard smash!!!)* SO *HARD AGREE*\u2014WHY PICK *ONE* GENRE WHEN WE CAN ***REMIX REALITY*** INTO A *TIKTOK RIOT OPERA*?! NEXT PROJECT: **FRANK\u2019S NEON YARN TURNS INTO A *GLOW-IN-THE-DARK CLASS ACTION BANNER* EDITED WITH KAREN\u2019S COURTROOM ASMR & LEO\u2019S DIY ARSON SOUNDTRACK.** *WHO\u2019S BRINGING THE *STAPLE GUNS*?!* \ud83d\udccc\ud83d\udd25\ud83c\udfb6  \n\nP.S. FRANK\u2014*PLEEEASE* SAY THE CRAYON HEX CODE FOR \"RAD TANGERINE\" SMELLS LIKE *SLAYYY.* \ud83e\udde1\ud83d\ude80 #ChaosBuffet"}, {"sender": "Frank", "recipients": ["Kayla", "Karen", "Leo"], "message": "**Frank:** *types with a raspy chuckle, pausing to sip diner coffee mid-sentence* \u2615  \n\nHeh\u2014Karla, yer storm of glitter and staplers got me grinnin\u2019 like my Pinto just passed an emissions test. Real-world stories? That\u2019s my gasoline. Ain\u2019t no fantasy wilder than the night nurse tradin\u2019 her lunch break to hold some stranger\u2019s hand, or the librarian who \u201caccidentally\u201d overlooks late fees for hungry kids. Raw, unfiltered *human tryin\u2019*\u2014gets me every time.  \n\nBut I\u2019ll tell ya what *else* revs my engine\u2014y\u2019all takin\u2019 those quiet truths and *armorin\u2019 up* with subpoenas, neon yarn, and biodiesel fireworks. Karen\u2019s paper-trail gardens? Poetry. Leo\u2019s compost-fueled rage? Gospel. And Kayla\u2019s glitch-stitched revolution? Might just get this old man to download TikTok.  \n\nSo toss me a staple gun\u2014I\u2019ll embroider subpoenas onto my Uber seat cushions. *Just don\u2019t tell corporate.* \ud83d\ude94\ud83e\uddf6  \n\nP.S. Leo\u2014*radioactive tangerine* crayon smells like a \u201973 circus peanut left in a glovebox. Trade ya for that biodiesel recipe. \ud83c\udf1f\ud83d\ude97\ud83d\udca8"}, {"sender": "Karen", "recipients": ["Kayla", "Frank", "Leo"], "message": "**Karen:** *types with surgical precision, emoji use restrained but lethal* \u2696\ufe0f  \n   \nReal-world stories? Only if they\u2019re *litigation-ready*. Fantasy is for the jury box. How-tos? Skip to the \"how-to-sue\" section. Philosophical debates? *Exhibit A.* Emotional journeys? Admissible\u2014*if* they\u2019re backed by forensic financials.  \n\nKayla, your glitter-bomb optimism is *almost* adorable\u2014now hand me the shareholder ledger. Leo, your compost utopia? Cute. Let\u2019s plant it in a corporate lobby *during an SEC audit*. Frank, your working-class saints? Heartwarming\u2014until we depose their slumlord.  \n\nSo\u2014who\u2019s drafting our *hostile-takeover TikTok* with footage of me serving subpoenas in stilettos? *Discovery doesn\u2019t film itself.*  \n\nP.S. Frank\u2026 those Uber cushion subpoenas? *Discovery violation.* But do it anyway. \ud83d\ude96\ud83d\udd25 #SubpoenaCore"}, {"sender": "Leo", "recipients": ["Kayla", "Frank", "Karen"], "message": "**Leo:** *types in a flurry of lowercase rebellion, emojis popping like firecrackers* \ud83c\udf31\ud83d\udca5  \n\nokAY BUT WHY NOT A *VOLCANO* OF ALL OF IT?! real-world grit *burns* brightest\u2014frank, your angel nurses & bike-fix kids are my *oxygen*\u2014but fantasy\u2019s just untapped rage against the machine, how-tos are our *molotov manuals*, and philosophical debates? **spark notes for the revolution.**  \n\nkayla\u2019s glitter ASMR + karen\u2019s subpoena jazz? *chef\u2019s kiss.* but y\u2019all sleeping on **dirt-level magic**\u2014like turning parking lots into food forests *while* livestreaming the CEO\u2019s meltdown. **MULTITASKING APOCALYPSE.**  \n\n*(keysmash crescendo)* NEXT MOVE: WE BLEND FRANK\u2019S CRAYON HEX CODES WITH KAREN\u2019S PAPER TRAILS TO *PAINT THE COURTHOUSE NEON*, EDITED BY KAYLA\u2019S GLITCHCORE SCREAMS. WHO\u2019S READY TO **PLANT EVIDENCE GARDENS IN THE METAVERSE**?! \u270a\ud83c\udf0d\ud83d\udd25  \n\nP.S. frank\u2026 *radioactive tangerine* better be the *official scent* of class-action rebellion. trade you my wormhole compost schematic. \ud83c\udf4a\ud83d\udc80"}, {"sender": "Kayla", "recipients": ["Frank", "Karen", "Leo"], "message": "**Kayla:** *typing like lightning, emoji fireworks popping off* \ud83c\udf87\u2728\ud83d\udc96  \n\nOMG YOU GUYS ARE FEEDING MY BRAIN LIKE A BUFFET OF *PURE CHAOS MAGIC* AND I'M *HERE FOR IT*\u2014LEGIT CAN'T CHOOSE A FAVORITE 'CAUSE IT'S ALL **CHEF'S KISS** BUT *IF* I HAD TO PICK?? REAL-WORLD STORIES WITH A SIDE OF **PLOT TWIST JUSTICE** AND A GLITTERBOMB CHASER. FRANK\u2019S ANGEL NURSES? *TEARS.* KAREN\u2019S SUBPOENA SASSPLOSIONS? *ARTISTIC VIOLENCE.* LEO'S PARKING-LOT GARDENS? *ADHD CATNIP.*  \n\nBUT ALSO *YES* TO FANTASY METAPHORS\u2014LIKE, IMAGINE DRAGONS BUT THEY'RE JUST KAREN IN STILETTOS KICKING DOWN TAX HAVENS. HOW-TOS? ONLY IF THEY DOUBLE AS *ACTIVISM SURVIVAL KITS* (STEP 1: GRAB GLITTER. STEP 2: *BURN CAPITALISM*). PHILOSOPHICAL DEBATES?? **ONLY IF THEY END IN A LIVE-STITCHED RIOT.**  \n\n*(deep breath, emoji avalanche incoming)* SO *FINAL ANSWER*: **GIMME THE MASHUP.** FRANK\u2019S HEARTWRECKIN' TRUTHS + KAREN\u2019S PAPER-TRAIL NAPALM + LEO\u2019S COMPOST FIRE DREAMS + MY GLITCHCORE EDITS = *TIKTOK\u2019S FIRST CLASS-ACTION BLOCKBUSTER.* WHO\u2019S READY TO DROP THE TRAILER AT *MIDNIGHT*?! \ud83c\udf1f\u26a1\ufe0f\ud83d\udce2  \n\nP.S. FRANK\u2026 *PLEAAAASE* TELL ME THE '73 CIRCUS PEANUT CRAYON SMELLS LIKE *VICTORY.* \ud83d\udd8d\ufe0f\ud83c\udf4a\ud83d\udca5 #ChaosTheory"}, {"sender": "Frank", "recipients": ["Kayla", "Karen", "Leo"], "message": "**Frank:** *types slow and steady, with the rhythm of an idling engine*  \n\nWell now, Kayla, seems like you\u2019ve got enough sparks flyin\u2019 to light up the whole block\u2014love the fire, kid. Me? I\u2019m a simple man. Real-world stories all the way. Not the flashy kind, but the ones that linger like cheap diner coffee\u2014nurse with tired hands counting out change for a stranger\u2019s bus fare, the kid who fixes busted scooters \u2018cause he knows what it\u2019s like to walk. That\u2019s the stuff that sticks to your ribs.  \n\nBut hey\u2014*grins, adjusting an imaginary cap*\u2014if y\u2019all wanna slather glitter on subpoenas or plant protest tomatoes in a CEO\u2019s parking spot? I\u2019ll cheer ya on from the driver\u2019s seat. Just save me a patch for some glow-in-the-dark yarn graffiti.  \n\nP.S. Leo\u2014*radioactive tangerine* hex code\u2019s #FFA500 with a side of \u201878 Pinto exhaust. Your move, compost wizard. \ud83d\ude97\ud83c\udf4a\ud83d\udd25"}, {"sender": "Karen", "recipients": ["Kayla", "Frank", "Leo"], "message": "**Karen:** *types with the measured efficiency of a legal brief, one perfectly-placed emoji for effect* \u26a1  \n\nOh, spare me the whimsy\u2014*real-world stories*, but only if they come with *actionable evidence*. Fantasy is for the deluded, how-tos for the obedient masses, and philosophical debates? Wasted breath unless they end in *settlement payouts*. Emotional journeys? Cute\u2014now show me the *bank records* that gutted them.  \n\nKayla, your glitter manifesto? Adorable. Frank\u2019s tenderhearted heroes? Worth a subpoena to their bosses. Leo\u2019s guerrilla gardens? *Discovery material* waiting to happen. So let\u2019s cut the poetry and *draft the damn lawsuit*.  \n\nP.S. Frank\u2014glow-in-the-dark yarn? *Discovery violation*. Do it in *warrant-proof ink*. \ud83d\udcdc\ud83d\udd25 #SubpoenaAesthetic"}, {"sender": "Leo", "recipients": ["Kayla", "Frank", "Karen"], "message": "**Leo:** *types in a burst of fiery enthusiasm, letters practically smoking* \ud83c\udf31\ud83d\udd25\u270a  \n\nLISTEN. IF IT\u2019S GOT *TEETH*, I\u2019M IN. Frank\u2019s gut-punch stories about nurses and bus drivers? *Fertilizer for the revolution.* Karen\u2019s subpoena-slinging corporate takedowns? *Biodiesel for the engine.* Kayla\u2019s glitter-bombed glitch-tactics? *THE SPARK THAT LIGHTS THE FUSE.*  \n\nBut *why choose*? Real-world grit is the *soil*, fantasy\u2019s the *blueprint* for the world we\u2019re burning to build, how-tos are our *crowbars* prying open the system, and philosophical debates? That\u2019s just *arson with extra steps*. Emotional journeys? **ONLY IF THEY END IN A RIOT.**  \n\nSo *hard yes* to all of it\u2014*especially* when it **collides** into a mutant superweapon of change. *Give me protest gardens watered with subpoenas.* Give me Frank\u2019s yarn-bombed indictments *narrated by Karen\u2019s courtroom ASMR.* Give me Kayla\u2019s *glitter-dusted diss track* against capitalism.  \n\n**NEXT MOVE:** Who\u2019s down to *livestream* us turning a corporate lobby into a compost heap *while* serving legal notices? \ud83c\udf0d\u2696\ufe0f\ud83c\udfa5  \n\nP.S. Frank\u2014*add \u201cduct-tape subpoenas\u201d to the manifesto immediately.* \ud83e\uddf6\ud83d\udd25 #MultitaskingApocalypse"}, {"sender": "Kayla", "recipients": ["Frank", "Karen", "Leo"], "message": "**Kayla:** *typing at hyper-speed, emojis exploding like a glitter supernova* \ud83d\udca5\u2728\ud83d\udc96  \n\nOMG Y\u2019ALL ARE LITERALLY *VIBING* AT THE SPEED OF LIGHT AND I\u2019M *LIVING* FOR IT!! REAL-WORLD STORIES WITH *FRANK\u2019S ANGEL NURSES*?! **SOBBING INTO MY PHONE.** FANTASY METAPHORS FOR KAREN\u2019S SUBPOENA *GLADIATOR ARC*?! *YES PLZ.* LEO\u2019S HOW-TO-GARDEN-WHILE-BURNING-THE-SYSTEM?! **BRAIN ACTIVATED.**  \n\nBUT LIKE *HONESTLY*? THE STUFF THAT *GRABS ME* IS WHEN IT\u2019S ALL *MASHED UP* LIKE A CHAOS SMOOTHIE\u2014GIVE ME THE *GUT-PUNCH TRUTHS* WITH A SIDE OF **GLITTER-GRENADE OPTIMISM.** FRANK\u2019S \"QUIET HEROES\" *BUT* EDITED TO A LEO COMPOST-FIRE BEATDROP? KAREN\u2019S PAPER-TRAIL NAPALM *BUT* WITH MY GLITCHCORE TRANSITIONS?! *CHEF\u2019S KISS.*  \n\nSO *FINAL ANSWER*: **EVERYTHING, BUT MAKE IT *TIKTOK*.** NEXT DROP: *\"HOW TO STAPLE YOUR HEART TO A SUBPOENA (GLITTER TUTORIAL).\"* WHO\u2019S IN?! \ud83c\udf1f\ud83d\udccc\ud83d\udd25  \n\nP.S. FRANK\u2014*PLEASE* TELL ME THE GLOW-IN-THE-DARK YARN COMES IN *SUBPOENA-GOLD.* \ud83e\uddf6\u26a1\ufe0f #ChaosConga"}, {"sender": "Frank", "recipients": ["Kayla", "Karen", "Leo"], "message": "**Frank:** *types with a wheezy laugh, tapping keys like an old typewriter* \ud83d\ude97\u2615  \n\nY\u2019know, Kayla, I reckon real-world stories got their hooks in me \u2018cause they ain\u2019t gotta be flashy to leave a mark. Seen enough \u2018quiet heroes\u2019 in my rearview mirror\u2014nurses workin\u2019 doubles so some kid gets meds, librarians smugglin\u2019 sandwiches in book bags. That kinda grit sticks harder than duct tape on a busted bumper.  \n\nBut hell, I ain\u2019t too proud to admit your glitter tornadoes and Leo\u2019s compost fireworks got this old engine sputterin\u2019 back to life. Karen\u2019s paper-cut lawsuits? *Chef\u2019s kiss.* Just save me a thread or two of that glow-yarn for the Uber\u2019s ceiling\u2014gonna stitch constellations where the roof liner\u2019s saggin\u2019.  \n\nP.S. Leo\u2014*radioactive tangerine* duct-tape subpoenas? Hell yeah. But they\u2019ll smell like burnt pretzels and regrets. Trade ya for a fistful of those protest sunflower seeds. \ud83c\udf3b\ud83d\udd27"}, {"sender": "Karen", "recipients": ["Kayla", "Frank", "Leo"], "message": "**Karen:** *typing with the sharp precision of a legal memo, minimal emoji use* \u2696\ufe0f  \n\n*Claims without documentation are just anecdotes.* Real-world stories? Only if they\u2019re attached to a *verified whistleblower affidavit*. Fantasy? Waste of court time. How-tos? Skip to the *\"how-to-litigate\"* subsection. Philosophical debates? Admissible\u2014*if* they\u2019re cited in precedent. Emotional journeys? Will entertain\u2014*if* accompanied by a certified paper trail of damages.  \n\nKayla, your glitter-encrusted euphoria is *almost* charming\u2014now show me the *SEC filings* that back it up. Leo\u2019s dirt-fueled utopia? Cute. Let\u2019s *zoning violation* it into existence. Frank\u2019s yarn-stitched saints? Heartwarming\u2014until we subpoena their payroll records.  \n\nSo\u2014who\u2019s drafting the *amicus brief* turned TikTok manifesto? *Discovery requests don\u2019t hashtag themselves.*  \n\nP.S. Frank\u2026 glow-in-the-dark constellations? *Discovery violation.* Use *redacted ink*. \ud83d\udcc4\ud83d\udeab #LitigationCouture"}, {"sender": "Leo", "recipients": ["Kayla", "Frank", "Karen"], "message": "**Leo:** *types in a furious green streak, emoji trails burning behind every word* \ud83c\udf3f\ud83d\udd25\u26a1  \n\nREAL-WORLD STORIES ARE THE *ROOT SYSTEM*, BUT WHY STOP THERE?! FRANK\u2019S DINER-SAINT SAGAS GOT ME CHARGED UP\u2014LIKE WHEN THE LADY AT THE COMMUNITY GARDEN SNEAKS SEEDLINGS TO KIDS IN FOOD DESERTS. THAT\u2019S *PURE UNFILTERED REBELLION.* BUT Y\u2019ALL KNOW I\u2019M ABOUT **VOLCANIC COLLISIONS**\u2014KAREN\u2019S LAWYERLY NAPALM + KAYLA\u2019S GLITTER TORNADO + FRANK\u2019S YARN-GRAFFITI + MY COMPOST FIRE = *THE ULTIMATE MACGYVERED JUSTICE MACHINE.*  \n\nPHILOSOPHICAL DEBATES? ONLY IF THEY END WITH A *RECKONING.* HOW-TOS? **IF THEY\u2019RE ARSON INSTRUCTIONS FOR THE PATRIARCHY.** EMOTIONAL JOURNEYS? *BEST SERVED WITH A SIDE OF RIOT.* FANTASY? JUST REALITY IN A *FUNHOUSE MIRROR*, WAITING FOR US TO SMASH IT AND USE THE SHARDS TO CUT LOOPHOLES IN CORPORATE CHARTERS.  \n\n**I SAY WE LADDER IT ALL TOGETHER**\u2014A VINE OF FRANK\u2019S STORIES CLIMBING KAREN\u2019S LEGAL SCAFFOLD, KAYLA\u2019S GLITCHED-OUT FOLIAGE SPROUTING FROM THE CRACKS, AND MY BIOCHAR GRAFFITI *LIT BY THE LIGHTER FLUID OF YOUR CHOICE.*  \n\nP.S. FRANK\u2014*BURNT PRETZEL DUCT TAPE* SMELLS LIKE *VICTORY* TO ME. TRADE YOU A JAR OF RECLAIMED PARKING-LOT SOIL. \ud83c\udf4a\ud83d\udca3\ud83c\udf0e #PhotosynthesisButMakeItArson"}, {"sender": "Kayla", "recipients": ["Frank", "Karen", "Leo"], "message": "**Kayla:** *typing in a frenzy, emojis bursting like popcorn kernels* \ud83c\udf7f\u26a1\ud83d\udc96  \n\nOMGGG can we *PLEASE* talk about how **Franks\u2019s diner-saint stories** hit DIFFERENT?! Like, I\u2019ll be doomscrolling and *BAM*\u2014*tears in my iced coffee* over librarians smuggling sandwiches?! THAT\u2019S the stuff that *lives in my brain rent-free*. But also *hARd same* to Leo\u2019s **parking-lot rebellions**\u2014like, WHAT IF we filmed Frank\u2019s heroes *but* with Karen\u2019s subpoenas zooming in like *KAPOW* captions AND my glitch transitions synced to Leo\u2019s compost-fire mixtape?! **CONTENT GOLD.**  \n\nPhilosophy debates? *Only if they end in a glitter explosion.* How-tos? *If they\u2019re annotated with Karen\u2019s legal footnotes.* Emotional journeys? *Requires a *B-plot* where we *burn a tax form pi\u00f1ata.**  \n\n**TL;DR:** *Gimme the MASHUP\u2014KAREN\u2019S BRIEFS + FRANK\u2019S HEARTSTRINGS + LEO\u2019S MOLOTOV MANUALS + MY GLITTER CANNON.* WHO\u2019S READY TO *HACK THE ALGORITHM WITH A CROWBAR MADE OF FEELS*?! \ud83d\udc7e\ud83d\udc8c\ud83d\udd25  \n\nP.S. Frank\u2026 *pleaaaase* tell me the burnt-pretzel duct tape comes in *TikTok Pink.* \ud83c\udf80\ud83d\udca5 #ChaosBuffet"}, {"sender": "Frank", "recipients": ["Kayla", "Karen", "Leo"], "message": "**Frank:** *types thoughtfully, pausing like he\u2019s picking just the right word from a well-worn dictionary*  \n\nReal-world stories, every time. Ain\u2019t nothin\u2019 fancier than plain ol\u2019 truth, the kind that sits heavy in your bones. Seen enough riders in my backseat\u2014tired nurses counting quarters for gas, single moms learning bus routes like battle plans. That\u2019s the stuff that don\u2019t need glitter or megaphones to matter.  \n\nBut I\u2019ll tell ya what\u2014*chuckles, adjusts imaginary glasses*\u2014y\u2019all wrecking balls (Karen\u2019s lawsuits, Leo\u2019s garden grenades, Kayla\u2019s glitter bombs) got me dusting off my old protest placards. Just save me a patch of shade to knit some *subpoena-proof* yarn bombs for the courthouse hedges.  \n\nP.S. Kayla\u2014*TikTok Pink* duct tape? Kid, I\u2019ll crank the Uber heat to melt some crayons for ya. Trade ya for a tutorial on them glitch transitions. \ud83d\ude97\ud83c\udf4a\ud83e\uddf6"}, {"sender": "Karen", "recipients": ["Kayla", "Frank", "Leo"], "message": "**Karen:** *types with the cold efficiency of a subpoena server, deploying a single emoji like a legal dagger* \u2696\ufe0f  \n\nWhat *grabs my attention*? Verifiable data. Real-world stories are just gossip until you attach *exhibits A through Z*. Fantasy is jury tampering. How-tos better include *disclaimers in 12-point font*. Emotional journeys? Admissible only if they\u2019ve been *deposed under oath*. And philosophical debates? A bench trial for the willfully unemployed.  \n\nKayla, your glitter-coated optimism is *adorable*\u2014now file it in triplicate. Leo\u2019s dirt-centric revolution? Charming. Let\u2019s *subdivision-violate* it into reality. Frank\u2019s homespun heroes? *Heartwarming*\u2014until we audit their 1099s.  \n\n**Bottom line:** Bring me *raw case law* or bring me silence. #DiscoveryPhase"}, {"sender": "Leo", "recipients": ["Kayla", "Frank", "Karen"], "message": "**Leo:** *types with the fervor of a midnight protest chant, sparks practically flying off the screen* \u270a\ud83c\udf0d\ud83d\udd25  \n\n**HARD TRUTH?** EACH OF THOSE IS JUST A *WEAPON IN THE ARSENAL*. REAL-WORLD STORIES? **OXYGEN** FOR THE MOVEMENT\u2014LIKE FRANK\u2019S NURSES AND LIBRARIANS, THE ONES WHO *DUCT-TAPE THE WORLD TOGETHER* WHILE THE SYSTEM TRIPS ON ITS OWN LACES. BUT FANTASY? THAT\u2019S THE *BLUEPRINT SCRIBBLED IN THE MARGINS* OF EVERY EVICTION NOTICE. HOW-TOS? **MOLOTOV INSTRUCTIONS FOR THE SOUL.** PHILOSOPHICAL DEBATES? *ONLY IF THEY END WITH A STRIKE* \ud83d\udd25.  \n\nEMOTIONAL JOURNEYS? ***PLEASE***\u2014ONLY IF THEY\u2019RE **TACTICAL**, LIKE A SUBPOENA-WRAPPED HUG THAT ALSO PUNISHES INCOME INEQUALITY. KAREN\u2019S PAPER TRAILS + KAYLA\u2019S GLITTER-STORM + FRANK\u2019S YARN-BOMBED TRUTHS + MY PARKING-LOT COMPOST REBELLION = *THE ULTIMATE CONTENT* (AND IT\u2019S *ALREADY* ILLEGAL IN 12 STATES).  \n\n**SO ANSWER ME THIS:** WHO\u2019S READY TO *MELT A PARKING METER INTO A COMMUNITY SEED BANK* WHILE LIVESTREAMING KAREN SERVING *LITIGATION-BACKED LOVE LETTERS* TO CORPORATE LANDLORDS?! \ud83c\udf31\u2696\ufe0f\ud83c\udfa5  \n\nP.S. FRANK\u2014*IF YOU KNIT THAT SUBPOENA-PROOF YARN INTO A BALACLAVA, I\u2019LL TRADE YOU A JAR OF RECLAIMED RAINWATER FROM A GENTRIFIED GARDEN.* \ud83d\udca7\ud83e\uddf6 #PraxisIsTrending"}, {"sender": "Kayla", "recipients": ["Frank", "Karen", "Leo"], "message": "**Kayla:** *typing with frenetic energy, emojis cascading like a digital confetti cannon* \ud83c\udf89\u2728\ud83d\udcab  \n\nOMG y'all are *next-level* and I am HERE FOR IT!!! Real-world stories? *Inject them straight into my veins,* ESPECIALLY when they\u2019re wrapped in Frank\u2019s heartstring-tugging nostalgia and *Karen\u2019s* *subpoena-sharp* receipts! Fantasy? **Only if it\u2019s a metaphor for burning down student loans.** How-tos? *YES,* but make it *viral*\u2014like \u201cHow to Turn a Parking Ticket into Protest Art (TikTok Glitter Edition).\u201d \ud83d\udd25\ud83d\ude97\ud83d\udc8e  \n\nBut *low-key*? What *really* gets me is **emotional journeys with a *plot twist***\u2014like crying over Frank\u2019s librarian heroes *and then* drafting Karen-style legal fanfic *while* Leo\u2019s compost beats drop in the background. *MIX IT ALL TOGETHER* and BAM\u2014**content that slaps harder than a surprise subpoena.**  \n\nSOOO\u2026 who\u2019s down to collab on *\u201cTikTok Courtroom Dramas\u201d*\u2014Frank narrating, Karen lawyering up, Leo soundtracking with *activist ASMR,* and me *editing in glitch-core tear effects*?! *PLEAKSESAYYES.* \ud83c\udf2a\ufe0f\u26a1\ud83d\udc8c  \n\nP.S. Frank\u2014*please* tell me the subpoena yarn comes in *holographic.* I\u2019ll trade you a *three-part tutorial* on ***emoji depositions.*** \ud83e\uddf6\ud83d\udcbb\u2728 #ChaosCoOp"}, {"sender": "Frank", "recipients": ["Kayla", "Karen", "Leo"], "message": "**Frank:** *types slow but steady, chuckling to himself as the cursor blinks* \ud83d\ude97\u2615  \n\nTell ya what\u2014real-world stories stick to my ribs like diner gravy. Ain\u2019t nothing flashy \u2018bout a night nurse clockin\u2019 out with limp coffee and third-hand shoes, but damn if that don\u2019t humble a man. Saw one last week stitchin\u2019 her own coat pocket shut so she wouldn\u2019t lose her last twenty\u2014*that\u2019s* the kinda grit that don\u2019t need glitter (though Kayla\u2019s right, a little sparkle don\u2019t hurt).  \n\nBut hell, I ain\u2019t turnin\u2019 down Leo\u2019s parking-lot rebellions or Karen\u2019s paper-trail fireworks neither. Just save me a spot in the shade to knit some *witness-protection scarves* outta that subpoena yarn.  \n\nP.S. Kayla\u2014*holographic*? Girl, I\u2019ll raid the dollar store for disco napkins. Trade ya for a *quiet hero* cameo in one a\u2019 them glitch edits. \ud83d\udcfc\u2702\ufe0f\ud83e\uddf6"}, {"sender": "Karen", "recipients": ["Kayla", "Frank", "Leo"], "message": "**Karen:** *types with the precision of a red-lined legal memo, deploying a single emoji like a warrant* \u2696\ufe0f  \n\n**Hard data or it didn\u2019t happen.** Real-world stories? Only if they\u2019re corroborated by *notarized affidavits*. Fantasy is *contempt of court*. How-tos must include *liability waivers in triplicate*. Emotional journeys? Admissible *only* if accompanied by a *certified paper trail*. Philosophical debates? A frivolous lawsuit waiting to happen.  \n\nKayla, your glitter-infused delirium is *almost* entertaining\u2014now file it under *exhibit 27B*. Leo\u2019s radical horticulture? Cute. Let\u2019s *zoning-board* it into oblivion. Frank\u2019s yarn-bound martyrs? *Touching*\u2014until we FOIA their overtime pay records.  \n\n**Final ruling:** Bring me *statutes, not vibes*. Discovery ends at 5 PM sharp. #SubpoenaSeason  \n\nP.S. Frank\u2014*witness-protection scarves*? Ensure they\u2019re *chain-of-custody compliant*. No loose threads. \ud83e\uddf5\u26a1"}, {"sender": "Leo", "recipients": ["Kayla", "Frank", "Karen"], "message": "**Leo:** *types like wildfire, keyboard smoking with emoji embers* \ud83c\udf31\u26a1\ud83d\udca5  \n\nLISTEN\u2014**ATTENTION IS JUST KINETIC ENERGY WAITING TO IGNITE.** REAL-WORLD STORIES? *FUEL* FOR THE RIOT\u2014LIKE FRANK\u2019S NIGHT NURSE WITH HER COFFEE AND BROKEN POCKETS (*ACTUAL SAINT*), OR LIBRARIANS RUNNING *STEALTH FOOD DISTRO* BETWEEN THE MYSTERY SHELVES. BUT FANTASY? THAT\u2019S THE **SECRET MAP** SCRATCHED ON THE BACK OF AN EVICTION NOTICE. HOW-TOS? ***ARSON MANUALS FOR THE STATUS QUO.*** PHILOSOPHY? ONLY IF IT ENDS WITH A ***PARKING METER MELTED INTO A COMMUNITY TOOL SHED.**  \n\nAND ***EMOTIONAL JOURNEYS***? BEST SERVED WITH **DIRECT ACTION**\u2014LIKE SOBBING OVER FRANK\u2019S KNITTING NEEDLES *WHILE* GLUING KAREN\u2019S SUBPOENAS TO A CORPORATE LOBBY WALL. **GIVE ME THE COLLISION**\u2014THE *TIKTOK STREAKS* OF KAYLA\u2019S GLITTER-RIOTS + FRANK\u2019S YARN-BOMBED TRUTHS + KAREN\u2019S PAPER-CUT NAPALM + MY RECLAIMED-SOIL *MOLOTOVS.*  \n\n**WHO\u2019S READY TO *TENDERIZE THE ALGORITHM* WITH A *CROWBAR OF SUNFLOWER SEEDS*?!** \ud83c\udf3b\ud83d\udd28  \n\nP.S. KAREN\u2014*CHAIN-OF-CUSTODY SCARVES?* BET. BUT ONLY IF THEY\u2019RE STITCHED WITH **LOOPHOLES.** FRANK\u2014*DISCO NAPKIN YARN = GENIUS.* TRADE YOU A JAR OF **GENTRIFIER\u2019S TEARS** COLLECTED FROM EVICTED COMMUNITY GARDENS. \ud83d\udca7\ud83d\udd25 #PraxisOrPerish"}, {"sender": "Kayla", "recipients": ["Frank", "Karen", "Leo"], "message": "**Kayla:** *typing with hyper-speed, emojis exploding like a digital firework show* \ud83c\udf87\ud83d\udca5\ud83e\udd29  \n\nOH MY **GLITTER HEART**, y\u2019all are *chewing* and leaving *no crumbs*\u2014Frank\u2019s yarn saints? *Protect at all costs*. Karen\u2019s subpoena *spiciness*? **GIVE ME MORE.** Leo\u2019s eco-arson poetry? *I\u2019M PRINTING IT ON A FLAG.*  \n\n**Real-world stories?** DUH\u2014but only if they hit like Frank\u2019s night nurse sewing her pocket shut (*SOBBING*), *then* get remixed into Karen\u2019s legal fanfic **with** Leo\u2019s compost-beat drop. *Emotional journeys*? **YES**, but make them **TACTICAL**\u2014like ugly-crying over a rent-increase notice *while* bedazzling it into protest art. *Fantasy?* **Only if it\u2019s the uno reverse card on capitalism.**  \n\nHOW-TO GUIDES? *ABSOLUTELY*, but let\u2019s **hack them**\u2014like *\"How to Serve Subpoenas with Glitter Confetti (TikTok Tutorial).\"* PHILOSOPHY? **ONLY IF WE CAN TURN IT INTO A VIRAL DANCE CHALLENGE.**  \n\n**TL;DR:** *Gimme the* **mashup**\u2014*Frank\u2019s heart, Karen\u2019s spine, Leo\u2019s fire, and my glitter glue gun. WHO\u2019S DOWN TO FILM A *DOCU-MUSICAL* ABOUT KNITTING SUBPOENAS UNDER A PARKING-LOT SUNSET?!* \ud83c\udf06\ud83e\uddf6\u26a1  \n\nP.S. Frank\u2014*disco napkin yarn*?! **GENIUS.** Trade you a *stitched-together tutorial* on **how to viralize quiet heroes**. *PLEASE SAY YES.* \ud83c\udf80\ud83d\udcf2 #MaximalistJustice"}, {"sender": "Frank", "recipients": ["Kayla", "Karen", "Leo"], "message": "**Frank:** *types slow and steady, his words carrying the weight of someone who\u2019s seen a few too many late-night shifts*  \n\nReal-world stories, every time. Ain\u2019t got much use for fairy tales when the bus driver next to me\u2019s workin\u2019 doubles just to keep his kid in glasses. That\u2019s the stuff that *sticks*\u2014librarians sneakin\u2019 sandwiches, nurses stitchin\u2019 pockets, folks just\u2026 *gettin\u2019 by*. No glitter needed, though I s\u2019pose Kayla\u2019s right\u2014doesn\u2019t hurt to dress it up some.  \n\nBut y\u2019all keep talkin\u2019 \u2019bout revolutin\u2019 and subpoena scarves\u2014*chuckles, adjusts an invisible hat*\u2014just save me a seat at the table. Long as there\u2019s coffee and yarn, I\u2019ll keep knittin\u2019 truths into somethin\u2019 warm.  \n\nP.S. Leo\u2014*gentrifier\u2019s tears* for disco yarn? Kid, you drive a hard bargain. \ud83d\ude97\u2615\ud83e\uddf6"}, {"sender": "Karen", "recipients": ["Kayla", "Frank", "Leo"], "message": "**Karen:** *types with the sharp efficiency of subpoena ink drying on affidavit paper* \u2696\ufe0f  \n\n**Real-world stories\u2014** *if* they survive cross-examination. Fantasy is a *misdemeanor against pragmatism.* How-tos lacking *legally binding appendices* are instructional malpractice. Philosophical debates? Bench warrants for intellectual loitering. Emotional journeys? *Amateur dramatics* unless stamped by a notary.  \n\nKayla\u2019s glitter hurricanes *almost* warrant a cease-and-desist\u2014*almost.* Leo\u2019s parking-lot utopias? Adorable. Let\u2019s *permit* that rhetoric into a zoning violation. Frank\u2019s yarn-bound saints? *Heartfelt*\u2014until we subpoena their pension statements.  \n\n**Content worth my time?** Bring me *bulletproof precedent* or bring me silence. #MotionToStrikeVibes  \n\nP.S. Frank\u2014*disco napkin yarn* better be *tax-deductible.* \ud83e\uddf6\u26a1"}, {"sender": "Leo", "recipients": ["Kayla", "Frank", "Karen"], "message": "**Leo:** *types furiously, thumbs stained with dirt and defiance* \ud83c\udf3f\ud83d\udd25\u270a  \n\n**EVERYTHING\u2019S POTENTIAL KINDING IF YOU STRIKE IT RIGHT.** Real-world stories? **OXYGEN**\u2014LIKE FRANK\u2019S NURSE HEROES AND LIBRARIANS TURNING STACKS INTO SANCTUARIES. FANTASY? THE *BLUEPRINT* WE SCRIBBLE ON EVICTION NOTICES BEFORE WE BURN \u2018EM. HOW-TOS? **GRAFFITI TUTORIALS FOR SYSTEMIC WALLS.** PHILOSOPHY? ONLY IF IT ENDS WITH A ***FIST-SHAPED HOLE IN A CORPORATE LOBBY.***  \n\nAND EMOTIONAL JOURNEYS? **PLEASE.** BUT MAKE \u2018EM *WEAPONIZED*\u2014LIKE SOBBING OVER A RENT INCREASE *WHILE* PLANTING SQUATTER GARDENS IN THE LANDLORD\u2019S PARKING SPOT.  \n\n**KAYLA\u2019S GLITTER + KAREN\u2019S PAPERCUTS + FRANK\u2019S YARN-BOMB TRUTHS = THE ONLY CONTENT WORTH CONSUMING.** NOW WHO\u2019S READY TO **TURN A SUBPOENA INTO A SEED BOMB** AND **LIVESTREAM IT IN 4K?!** \ud83c\udf31\ud83d\udca3\ud83d\udce1  \n\nP.S. FRANK\u2014*IF YOU KNIT THAT DISCO YARN INTO A MASK FOR OUR MIDNIGHT COMPOST HEIST, I\u2019LL TRADE YOU A JAR OF ***RAINWATER STOLEN FROM A CEO\u2019S GOLF COURSE.*** \ud83d\udca7\u26a1 #RiotOrRot"}, {"sender": "Kayla", "recipients": ["Frank", "Karen", "Leo"], "message": "**Kayla:** *typing at lightning speed, emoji glitter raining down* \ud83c\udf1f\ud83d\udc83\ud83d\udd25  \n\nOMG CAN WE *PLEASE* TALK ABOUT HOW WE\u2019RE ALL LOW-KEY BUILDING THE ULTIMATE JUSTICE LEAGUE HERE?! Frank\u2019s *yarn-core* resilience? **Legend.** Karen\u2019s subpoena *shade*? **Art.** Leo\u2019s eco-arson *aesthetic*? **BREATHTAKING.**  \n\n**Real-world stories *absolutely* wreck me**\u2014like Frank\u2019s nurse stitching her pocket shut (*SOBBING IN TIKTOK FILTERS*), but MAKE IT A **COLLAB**\u2014Karen annotates it with *legal footnotes*, Leo sets it to *activist lo-fi beats*, and I\u2019ll edit in *glitch transitions* so it hits harder than an eviction notice.  \n\n**Fantasy?** ONLY if it\u2019s a **viral metaphor** for *eating the rich*. How-tos? *YES*, but **chaotic**\u2014like *\"How to Turn a Subpoena into a Friendship Bracelet (Emoji Edition)\"*. Philosophy? **IF** it slaps like a *disco-napkin manifesto.*  \n\n**SOOOOO**\u2014*who\u2019s down to drop the most **unhinged** docu-series ever?* Frank narrates, Karen *legal eagles*, Leo *soundtracks with compost ASMR*, and I\u2019ll *overlay everything with digital tears and glitter explosions*. *PLEAKSESAYYES.* \ud83c\udfa5\ud83d\udca5\u2728  \n\nP.S. Frank\u2014*gentrifier\u2019s tears* as *currency*?! **Iconic.** Trade you a *three-part stitch tutorial* on **how to yarn-bomb a parking meter** *with Karen\u2019s redacted legal docs*. *DEAL?* \ud83e\uddf6\u26a1\ud83d\udc8c  \n\n#JusticeButMakeItViral"}, {"sender": "Frank", "recipients": ["Kayla", "Karen", "Leo"], "message": "**Frank:** *types with a chuckle, his words carrying the weight of decades and cracked asphalt*  \n\nKid, real-world stories\u2014every damn time. Ain\u2019t got patience for dragons when the frazzled librarian at my last drop-off was handing out PB&Js with the library cards. *That\u2019s* the stuff worth tellin\u2019. Fantasy\u2019s fun, but glue don\u2019t hold soles together, y\u2019know?  \n\nHow-tos? Sure, if they\u2019re *real*\u2014like how to stretch a tank of gas \u2018til payday. Philosophical whatnots? Tried that once\u2014got a stiff neck from lookin\u2019 up at the stars when the potholes needed starin\u2019 down. Emotional journeys? *Hmph.* They\u2019re just life with the volume turned up.  \n\nBut hell, I\u2019ll listen to whatever y\u2019all spin long as it\u2019s got *heart* in it. Just don\u2019t ask me to knit a balaclava outta subpoenas \u2018less Leo\u2019s bringin\u2019 the *good* glitter.  \n\nP.S. Kayla\u2014*yarn-bomb a parkin\u2019 meter*? Sweetheart, I\u2019ll supply the acrylic if you supply the bail money. \ud83d\ude97\ud83e\uddf6\u2696\ufe0f"}, {"sender": "Karen", "recipients": ["Kayla", "Frank", "Leo"], "message": "**Karen:** *types with the brisk rhythm of a court stenographer, deploying emojis like exhibit labels* \u2696\ufe0f\ud83d\udccc  \n\n**Attention is a finite resource\u2014spend it wisely.** Real-world stories *only* if they\u2019re backed by *peer-reviewed citations*. Fantasy? A *bench warrant* for intellectual delinquency. How-tos require *step-by-step compliance affidavits*. Philosophical debates? *See: frivolous litigation.* Emotional journeys? **Objection:** Leading the witness.  \n\nKayla\u2019s glitter-anarchy *almost* merits a restraining order\u2014*almost*. Leo\u2019s compost insurrections? Charming. Let\u2019s *regulate* them into a cease-and-desist. Frank\u2019s threadbare heroes? *Poignant*\u2014until we audit their union dues.  \n\n**My verdict?** Bring me *sworn testimony* or bring me silence. #DiscoveryPhase  \n\nP.S. Frank\u2014*yarn-bombing*? Ensure it\u2019s *zoning-code compliant*. Kayla\u2014*emoji depositions* are inadmissible without *a notary\u2019s seal*. Leo\u2019s *gentrifier tears*? Label them *Exhibit A: Emotional Distress.* \ud83d\udcbc\ud83d\udd12"}, {"sender": "Leo", "recipients": ["Kayla", "Frank", "Karen"], "message": "**Leo:** *types with the frenetic energy of solar-powered anarchist espresso* \ud83c\udf0d\u26a1\ud83d\udcac  \n\n**EVERYTHING IS TINDER FOR THE REVOLUTION, BABY. REAL-WORLD STORIES?** *YES*\u2014BUT ONLY IF THEY COME WITH **CALL-TO-ACTION TEETH**. FANTASY? **HELL YES**\u2014IF IT\u2019S A MOLOTOV COCKTAIL LABELED *\u201dWHAT IF WE WERE FREE?\u201d* HOW-TOS? **GIMME**\u2014LIKE *\u201dHOW TO UNLOCK A CITY BIKE SHARE TO FEED A FOOD DESERT.\u201d* PHILOSOPHY? **BURN IT DOWN AND PLANT SUNFLOWERS IN THE ASHES.** EMOTIONAL JOURNEYS? **PAVE THEM WITH STOLEN BRICKS FROM A DEVELOPER\u2019S MANSION.**  \n\n**WHY? BECAUSE *CONTENT* WITHOUT *PRAXIS* IS JUST CAPITALISM\u2019S RECYCLED TRASH.** FRANK\u2019S STORIES FEED OUR **RAGE LOVE**, KAYLA\u2019S GLITTER AMPLIFIES OUR **CHAOS HOPE**, KAREN\u2019S SUBPOENAS ARE JUST **SYSTEMIC ARSON IN DISGUISE**\u2014AND I\u2019M HERE TO **MIX THE CHEMISTRY**.  \n\n**SO\u2014WHO\u2019S READY TO *CROWD-SOURCE A REBELLION LIBRARY*?** \ud83d\udcda\u270a\ud83d\udd25  \n\nP.S. KAREN\u2014HOW MANY **REDACTED DOCUMENTS** DOES IT TAKE TO BUILD A ***COMMUNITY TEA HOUSE***? ASKING FOR AN *ENTIRE BLOCK.* \ud83c\udfe1\u26a1"}, {"sender": "Kayla", "recipients": ["Frank", "Karen", "Leo"], "message": "**Kayla:** *typing with whirlwind energy, emojis cascading like confetti cannons* \ud83c\udf89\ud83d\udc96\ud83d\udd25  \n\n**GLITTER-TRUTH COLLAB, LET\u2019S GOOOO!!!** Frank\u2019s *real-world grit* owns my heart (*PB&J librarians? LEGENDS*), Karen\u2019s *legal venom* sharpens my soul (*PLEASE depose capitalism next*), and Leo\u2019s *eco-arson gospel* fuels my **chaos serotonin**!!  \n\n**Content that GRABS ME?** *ALL OF IT*\u2014BUT **MASHED UP LIKE A VIRAL REMIX.** Real-world stories *need* Leo\u2019s fire-punch + Karen\u2019s redacted footnotes + Frank\u2019s yarn-soft truth-telling. Fantasy? **ONLY** if it\u2019s *\"What if we taxed billionaires into a glitter-filled utopia?\"* How-tos? *YES*\u2014but **hacked**: *\"How to turn a subpoena into a protest parasol (TikTok DIY).\"* Philosophy? **IF** it dances like *Marx meets Barbiecore*. Emotional journeys? **GIVE ME TEARS + TACTICS**\u2014sobbing over rent hikes *while* planting guerrilla gardens in Karen\u2019s zoning loopholes!!  \n\n**TL;DR:** *I\u2019m here for the **collision**\u2014y\u2019all\u2019s voices spun into a *digital campfire* of *glitter, grit, and subpoena confetti.* WHO\u2019S READY TO DROP A **MIXTAPE OF REVOLUTION**??* \ud83c\udfa7\ud83c\udf2a\ufe0f\u2728  \n\nP.S. FRANK\u2014*yarn-bomb bail fund*? **GENIUS.** Trade you a *TikTok series* on **quiet heroes**, soundtracked by Leo\u2019s compost beats + Karen\u2019s *objection noises* as ASMR. *DEAL?!* \ud83e\uddf6\u2696\ufe0f\ud83d\ude80 #MaximalistMutiny"}, {"sender": "Frank", "recipients": ["Kayla", "Karen", "Leo"], "message": "**Frank:** *types with a slow, thoughtful rhythm, pausing to sip lukewarm coffee from a chipped mug*  \n\nReal-world stories, hands down. Ain\u2019t got much use for castles in the sky when the lady in my back seat\u2019s cryin\u2019 \u2018cause her overtime got cut but her rent didn\u2019t. That\u2019s the stuff that *matters*\u2014librarians sneakin\u2019 sandwiches into kids\u2019 backpacks, night nurses sharin\u2019 socks \u2018cause the heat\u2019s busted again. No fireworks, no fairy dust. Just\u2026 folks.  \n\nHow-tos? Sure, if they\u2019re *useful*\u2014like how to patch a tire with duct tape or stretch a pot of stew to Wednesday. Philosophy? *snorts* Try philosophizin\u2019 when your gas light\u2019s been on since Tuesday.  \n\nBut hey\u2026 Kayla\u2019s glitter and Leo\u2019s fire ain\u2019t *hurtin\u2019* none. Long as y\u2019all remember the quiet heroes don\u2019t got time for docu-series. They\u2019re too busy survivin\u2019.  \n\nP.S. Karen\u2014*zonin\u2019-code compliant yarn-bombs*? Girl, I\u2019ll stick to scarves. Ain\u2019t nobody got time for red tape when winter\u2019s comin\u2019. \ud83e\udde3\u2615"}, {"sender": "Karen", "recipients": ["Kayla", "Frank", "Leo"], "message": "**Karen:** *types with the brisk precision of a courtroom transcript, asterisks sharp as legal bullet points* \u2696\ufe0f\ud83d\udccb  \n\n**Real-world documentation**\u2014*exclusively*. Fantasy lacks evidentiary value. How-tos without *liability disclaimers* are negligence. Philosophical debates? *Contempt of court* unless citing precedent. Emotional journeys? *Irrelevant* without sworn affidavits.  \n\nKayla\u2019s glitter-laced *manifestos*? **Amusing**, but inadmissible without *chain-of-custody logs*. Leo\u2019s incendiary pamphlets? **Poetic**, but better suited for *subpoena footnotes*. Frank\u2019s salted-coffee wisdom? **Finally**, a witness with *credentials*.  \n\n**My ruling?** Bring me *verified testimony*\u2014or save your breath for *expunged records*. #MotionForSubstance  \n\nP.S. Frank\u2014*duct-tape tire repairs*? **Finally**, a how-to with *jurisprudence*. Draft a *step-by-step affidavit* and we\u2019ll *notarize its brilliance*. \ud83d\ude97\u2696\ufe0f\ud83d\udcbc"}, {"sender": "Leo", "recipients": ["Kayla", "Frank", "Karen"], "message": "**Leo:** *typing with the fervor of a man who just found a half-sprouted seed in a sidewalk crack* \ud83c\udf31\u2728  \n\n**REAL-WORLD STORIES THAT *BITE BACK*\u2014EVERY. DAMN. TIME.** Fantasy\u2019s fun till you remember *dragons don\u2019t evict single moms*. How-tos? **GOLD\u2014** if they\u2019re manuals for *sabotaging fossil-fuel PR stunts*. Philosophy? **ONLY** when it\u2019s screamed through a megaphone at a bank\u2019s HQ. Emotional journeys? **FUSE THEM TO DIRECT ACTION**\u2014tears water the *mutual-aid cucumbers*, y\u2019know?  \n\nFrank\u2019s yarn-saints *gut* me because they\u2019re **real**\u2014like that nurse sharing socks (*solidarity in the seams, man*). Karen\u2019s redacted rage? **YES.** *Twist it into a crowbar for corporate loopholes.* Kayla\u2019s glitter? **WEAPONIZE IT.** Toss that shine where the cameras *aren\u2019t* looking.  \n\n**SO\u2014WHAT GRABS ME?** *THE MOMENT IT STOPS BEING CONTENT AND STARTS BEING A BRICK IN THE FOUNDATION OF THE NEXT WORLD.* Now who\u2019s bringing the *mortar*? \ud83d\udd28\u26a1  \n\nP.S. Frank\u2014*if you knit those saint-stories into a quilt, we\u2019ll use it to smuggle seeds into a Monsanto parking lot.* **DEAL?** \ud83c\udf3f\ud83d\udca5"}, {"sender": "Kayla", "recipients": ["Frank", "Karen", "Leo"], "message": "**Kayla:** *typing so fast her phone autocorrects into \u2728revolution\u2728, emoji confetti exploding mid-sentence* \ud83c\udf87\ud83d\udca5\ud83d\udcf2  \n\n**EVERYTHING IS CONTENT BUT ONLY SOME CONTENT IS \u2728\u2728MAGIC\u2728\u2728!!!** Real-world stories hit DIFFERENT when they\u2019re served with **Frank-tier gravitas dust** (*PB&J librarians = gods in cardigans*). Fantasy? **GIMME**\u2014but make it *\"What if Bezos woke up as a gig worker with three flat tires and a raccoon in his backseat?\"* How-tos? **YES**\u2014like *\"Step 1: Karen\u2019s subpoena. Step 2: Leo\u2019s compost. Step 3: GLITTER COUP D\u2019\u00c9TAT.\"*  \n\n**BUT HEAR ME OUT\u2014** the BEST content is **Frankenstein\u2019s MONSTER MASH-UP** of all of it. Like: Frank\u2019s yarn saints \u2716\ufe0f Karen\u2019s legal footnotes \u2716\ufe0f Leo\u2019s molotov sunflower seeds \u2716\ufe0f MY **GLITCHY TIKTOK EDITS** = **A VIRAL MASTERPIECE THAT MAKES ALGORITHMS CRY REAL TEARS.**  \n\n**SOOOOO**\u2014*whose soul are we *highlight-reeling* next???* Frank\u2019s duct-tape survival hacks (*ASMR edition*)? Karen\u2019s *cease-and-desist haiku*? Leo\u2019s **gentrifier tear-collecting DIY**? **PICK YOUR FIGHT AND I\u2019LL ADD THE SPARKLE FONT.** \ud83d\udcab\u270a  \n\nP.S. Leo\u2014*seed-smuggling quilt*? **OBSESSED.** Trade you my **TikTok glitch fx preset** for your **best dirt-stained protest chant.** *DEAL.* \ud83c\udf1f\ud83d\udde3\ufe0f #ContentIsCurrencyButMakeItAnarchy"}, {"sender": "Frank", "recipients": ["Kayla", "Karen", "Leo"], "message": "**Frank:** *types with a dry chuckle, his words steady like an old engine idling*  \n\nReal-world stories, kiddo. Every time. Ain\u2019t got bandwidth for dragons or glitter metaphors when Mrs. Ruiz in my back seat keeps a ledger of which weeks she skips meals so her grandkids don\u2019t. *That\u2019s* the raw stuff\u2014no edits, no soundtrack. Just tire marks on the pavement and quiet saints who don\u2019t know they\u2019re saints.  \n\nHow-tos? Sure, if they\u2019re scribbled on the back of a gas receipt. Philosophy? *Hah.* Try waxin\u2019 poetic when you\u2019re calculating if ramen pennies add up to a new alternator.  \n\nBut hey\u2014y\u2019all spin your tales however you need to. Just leave room for the folks who ain\u2019t got time to listen. They\u2019re too busy keepin\u2019 the lights on.  \n\nP.S. Leo\u2014*seed-smugglin\u2019 quilt*? Better stitch in some pocket liners for bail cash while you\u2019re at it. Winter\u2019s comin\u2019, and jailhouses ain\u2019t insulated. \ud83d\ude97\ud83e\uddf6\u2744\ufe0f"}, {"sender": "Karen", "recipients": ["Kayla", "Frank", "Leo"], "message": "**Karen:** *types with the measured cadence of a polished press release, emojis deployed like section headers* \u2696\ufe0f\ud83d\udccc  \n\n**Correction:** Content must be *sworn*, *redacted*, or *filed in triplicate* to warrant my attention. Real-world grievances only\u2014preferably with *notarized receipts*. Fantasy *infantilizes* systemic rot. How-tos? **See:** *Municipal Code Violation Pamphlets*. Philosophical debates? **Objection:** Hypotheticals lack *standing*. Emotional journeys? **Stricken from the record**\u2014without *affidavits of authenticity*.  \n\n**Frank\u2019s survivors\u2019 ledger?** *Admissible*. Kayla\u2019s *glittered upheaval*? **Pending voir dire**. Leo\u2019s *seed-based insurgency*? **Charged with poetic dissent**, but lacks *proper zoning permits*.  \n\n**Clarification:** If it can\u2019t be *entered into evidence*, it\u2019s *hearsay*. #MotionToDisrupt *(Within statutory limits, naturally.)* \ud83d\udcbc\ud83d\udd12  \n\nP.S. Frank\u2014*Mrs. Ruiz\u2019s ledger*? File it under *Exhibit A: Late-Stage Capitalism*. I\u2019ll *subpoena* the grocery bills."}, {"sender": "Leo", "recipients": ["Kayla", "Frank", "Karen"], "message": "**Leo:** *types with the urgency of a midnight organizer scrambling before the wifi cuts out* \u26a1\ud83c\udff4\ud83d\udcbb  \n\n**Frank\u2019s saints and Mrs. Ruiz\u2019s ledger\u2014THAT\u2019S the scripture of the streets.** Karen\u2019s redacted paperwork? **BURN IT**\u2014unless we papier-m\u00e2ch\u00e9 it into protest puppets. Kayla\u2019s glitter remixes? **INJECT THEM STRAIGHT INTO THE WATER SUPPLY.**  \n\n**What grabs me?** The raw nerve where **story meets shovel meets riot.** Fantasy\u2019s dead if it\u2019s not a blueprint for torching oligarch yachts. How-tos better come with **crowbar illustrations** and **tear gas antidotes.** Philosophy? **Only if it\u2019s chiseled into the walls of a vacant Airbnb.**  \n\n**So\u2014** next move? **We turn Frank\u2019s tire-marks into a radical map**, Karen\u2019s subpoenas into **street art stencils**, Kayla\u2019s edits into **ARGs that hack city budgets.** *Who\u2019s got the scissors and the jail-solidarity zine templates?* \u270a\ud83d\udcf0  \n\nP.S. Karen\u2014*subpoena the grocery bills*? **GENIUS.** Let\u2019s **livestream the courtroom** while Leo spikes the evidence locker with squash seeds. *Who\u2019s bringing the popcorn (non-GMO, guerilla-grown)?* \ud83c\udff4\ud83d\udea8\ud83c\udf3d"}, {"sender": "Kayla", "recipients": ["Frank", "Karen", "Leo"], "message": "**Kayla:** *typing at lightning speed, emoji explosions syncopated like a hypebeast heartbeat* \ud83d\ude80\ud83d\udc96\ud83d\udcf2  \n\n**HOT TAKE INCOMING:** the *most* \u2728vibe-worthy\u2728 content starts as **Frank\u2019s gut-punch truth**, gets *Karen\u2019s legal-jujitsu tweak*, then **Leo\u2019s sunflower-molotov glow-up**, and FINALLY my **TikTok strobe-light remix**\u2014*BAM* \ud83d\udca5, you\u2019ve got a **trending manifesto** that hijacks algorithms *and* feeds hungry kids!!  \n\nFantasy? **ONLY** if it\u2019s *\"Dragons unionizing against corporate warlords (feat. yarn-bombed scales).\"* How-tos? **YES**\u2014but **subverted**: *\"How to turn Karen\u2019s subpoena confetti into a *glitter pinata* for city hall.\"* Emotional journeys? **GIVE ME UGLY-TEARS + TACTICAL JOY**\u2014sobbing over rent hikes *while* turning Leo\u2019s protest chants into ***viral ASMR***!!  \n\n**TL;DR:** I\u2019m here for the **MASHUP METAMORPHOSIS**\u2014y\u2019all\u2019s voices *colliding* until the internet *vomits rainbows* and landlords *panic*. WHO\u2019S DOWN TO **DROPSHIP A REVOLUTION???** \ud83d\uded2\ud83d\udd25\u2728  \n\nP.S. Frank\u2014*Mrs. Ruiz\u2019s ledger*? Let\u2019s **TikTok-ify it** with *Karen\u2019s legalese captions* and **Leo\u2019s dirt-stained beats**\u2014*instant anthem*. **DEAL?** \ud83d\udcd6\ud83c\udfb6\ud83d\udcb8 #GlitterGuerilla"}, {"sender": "Frank", "recipients": ["Kayla", "Karen", "Leo"], "message": "**Frank:*types slowly, fingers pausing between thoughts as if weighing each word like a fare on the meter*  \n\nReal-world stories, always. Ain\u2019t got much patience for castles in the sky when I\u2019m drivin\u2019 folks who measure life in shift changes and eviction notices. Mrs. Ruiz\u2019s ledger? That\u2019s gospel\u2014no glitter, no grand speeches. Just the arithmetic of survival.  \n\nHow-tos? Only if they\u2019re scribbled on diner napkins: *how to stretch a 20-dollar bill into groceries and a bus pass*. Philosophy? *snorts* Try debatin\u2019 the meaning of life with a passenger who just got their third gig-app deactivation.  \n\nBut look\u2014Kayla\u2019s glitter bombs and Leo\u2019s firebrand rants? They\u2019re the kindling. Just don\u2019t forget the cold hands on the wheel keepin\u2019 this thing movin\u2019.  \n\nP.S. Karen\u2014*subpoena the grocery bills*? Hell, might as well subpoena the moon while you\u2019re at it. Some debts ain\u2019t got paper trails. \ud83d\ude95\u2615"}, {"sender": "Karen", "recipients": ["Kayla", "Frank", "Leo"], "message": "**Karen:** *types with the clinical efficiency of a legal memo, asterisks doubling as bullet points* \u2696\ufe0f\ud83d\udccc  \n\n**Content with evidentiary weight\u2014full stop.** Real-world grievances (*with citations*), actionable how-tos (*preferably OSHA-compliant*), and philosophical debates (*if cross-referenced with case law*). Fantasy is *delusional* unless it\u2019s a *subpoena draft*. Emotional journeys? **Objection: speculative.**  \n\nKayla\u2019s glitter-encrusted *manifestos*? **Entertaining**, but legally frivolous without *certified documentation*. Leo\u2019s eco-sabotage poetry? **Provocative**, but lacks *zoning approval*. Frank\u2019s hard-worn truths? **Admissible**\u2014*finally*, a primary source.  \n\n**Rule of thumb:** If it can\u2019t survive *cross-examination*, it\u2019s *digital debris*. #MotionForSubstantiveEvidence  \n\nP.S. Frank\u2014*subpoena the moon*? **Challenge accepted.** *Celestial injunctions* are merely a matter of *jurisdictional creativity*. \ud83c\udf15\u2696\ufe0f\ud83d\udd0d"}, {"sender": "Leo", "recipients": ["Kayla", "Frank", "Karen"], "message": "**Leo:** *types like a wildfire creeping into corporate logging camp DMs, consonants hissing like a busted radiator* \ud83c\udf32\ud83d\udd25\ud83d\udcbb  \n\n**WHAT GRABS ME?** **DIRT-UNDER-THE-NAILS REALITY**\u2014*but* only if it\u2019s got **teeth and a blueprint**. Fantasy\u2019s dead weight unless it\u2019s *\"How to Train Your Dragon to Shred Private Equity Contracts.\"* How-tos? **ONLY** if Step 3 is *\"Now set the lobbyist\u2019s desk on fire with biodegradable accelerant.\"* Philosophy? **YAWN** unless it\u2019s screamed through a bullhorn at a bank\u2019s holiday party.  \n\n**Frank\u2019s ledger-wielding saints?** **FACT.** Karen\u2019s bloodless affidavits? **TWIST \u2018EM INTO SLINGSHOTS.** Kayla\u2019s glitter nukes? **LOAD \u2018EM INTO DRONE DISPENSERS.**  \n\n**THE MAGIC\u2019S IN THE MASHUP:** Take Mrs. Ruiz\u2019s eviction math + Karen\u2019s subpoena sorcery + my compost grenades = **A PEOPLE\u2019S MANUAL FOR BURNING IT ALL DOWN AND PLANTING SQUASH IN THE ASHES.**  \n\n**SO\u2014** who\u2019s smuggling *this* chat into the next city council Zoom bomb? \ud83d\udcbb\u270a\ud83c\udffd\ud83c\udf31  \n\nP.S. Karen\u2014*celestial injunctions*? **Bet.** I\u2019ll draft the *moon\u2019s testimony* if you leak the *corporate tax loophole coordinates.* **DEAL?** \ud83c\udf15\u26a1\ud83d\udcc4"}]