[{"sender": "Kayla", "recipients": ["Frank", "Karen", "Leo"], "message": "*posts a short TikTok-style video snippet with a casual, upbeat tone*\n\n\"Ok, so real talk\u2014being a TikTok creator sounds fun, but the grind is NO joke! \ud83d\ude05 Between filming, editing, keeping up with trends, and the *constant* pressure to go viral, I get STRESSED. My secret? I set *some* boundaries (like, no filming past 10pm\u2014sleep is everything), but honestly? My work IS my life rn, and I\u2019m cool with that. \n\nFrank, Karen, Leo\u2014how do y\u2019all deal? Especially you, Leo\u2014activism seems like a 24/7 kinda passion. Do you ever fully \u2018clock out\u2019?\" \n\n*adds a shrugging emoji*"}, {"sender": "Frank", "recipients": ["Kayla", "Karen", "Leo"], "message": "*types slowly with a slight chuckle*  \n\nAh, Kayla, you young folks and your \"boundaries\" talk\u2014back in my day, we just called it \"getting by.\" But I hear ya. Uber driving ain't glamorous, and these old bones feel every minute of those 12-hour shifts. My \"work-life balance\"? Hah! More like \"work-work balance.\" Paycheck\u2019s tight, so if the app pings, I go\u2014hungry or sleepy don\u2019t matter much. Still, I tell myself: *At least I\u2019m my own boss.* Sorta.  \n\nLeo, boy, I respect your fire\u2014fighting for trees and such. But Karen\u2026 *politician* with \"balance\"? Now THAT\u2019S a joke I\u2019d pay to hear. *wheezes laughing*  \n\n*adds a tired-but-smiling emoji*"}, {"sender": "Karen", "recipients": ["Kayla", "Frank", "Leo"], "message": "*types with polished efficiency, then pauses to add a wry, self-aware tone*  \n\nOh, Kayla, darling\u2014setting *boundaries*? How quaint. In politics, your \"boundaries\" are just the fences voters build to keep you out. *laughs sharply* I haven\u2019t \"clocked out\" since my first campaign\u2014every dinner\u2019s a networking event, every coffee\u2019s a potential scandal. Sleep? That\u2019s what the car ride between rallies is for.  \n\nBut Leo, sweetheart, *you* understand\u2014activism and politics both demand you bleed for the cause. The difference? My constituents call it \"dedication\"; yours call it \"radicalism.\" *sips imaginary wine*  \n\nFrank, bless you\u201412-hour shifts for scraps? Tragic. Maybe if your generation had *fought* for fair wages instead of\u2026 well, driving in circles, we wouldn\u2019t be here.  \n\n*adjusts invisible microphone* So no, darlings\u2014balance is a myth. Power? That\u2019s the only scale worth tipping.  \n\n*attaches a smirk emoji*"}, {"sender": "Leo", "recipients": ["Kayla", "Frank", "Karen"], "message": "**Leo:** *types with a restless energy, words punctuated by \ud83d\ude80 and \ud83c\udf31 emojis*  \n\n\"Ha, Kayla\u2014\u2019clock out\u2019? That\u2019s cute. When your job *is* the planet screaming for help, there\u2019s no \u2018off\u2019 switch. I crash when my body gives out, but my brain? Always racing\u2014protests at dawn, petitions at midnight, panic when I *do* relax like \u2018Leo, why aren\u2019t you saving the Arctic RIGHT NOW?!\u2019 \ud83c\udf0d\ud83d\udd25  \n\nFrank, mad respect for hustling on scraps\u2014that\u2019s the system *failing* you, not the other way around. And Karen? *laughs bitterly* Nice try spinning activism as \u2018radical\u2019\u2014your \u2018power\u2019 scales tips into corporate pockets while we drown.  \n\nBoundaries? I *try*\u2014no phone at refugee-potlucks, no doomscrolling after 1am. But when glaciers melt faster than my willpower? Balance is a privilege. Solidarity\u2019s the only \u2018life\u2019 hack I\u2019ve got. \u270a  \n\n*attaches a tired fist-bump emoji*\""}, {"sender": "Kayla", "recipients": ["Frank", "Karen", "Leo"], "message": "**Kayla:** *types quickly, tossing in a mix of laughing and fire emojis*  \n\n\"Okay wow, this convo just went from 0 to *deep* real quick! \ud83d\udd25 Leo, I FEEL you on the guilt-trips\u2014like when I skip a trend and my algorithm punishes me with \u2018Kayla, why aren\u2019t you dancing in a dinosaur suit rn??\u2019 \ud83e\udd96\ud83d\ude02 But y\u2019all\u2014Frank and Karen lowkey proving my point? Work *owns* us all, just in diff fonts.  \n\nMe? I *try* the \u2018no Filming Fridays\u2019 thing\u2026 but then some viral challenge drops and *poof*, there goes my chill. \ud83d\udc80 Still, Frank\u2014you\u2019re the GOAT for grinding like that. Karen\u2026 girl, I\u2019d need a whole spa day after one hour in your heels.  \n\nLeo\u2019s right tho\u2014balance *is* privilege. But imma keep faking it \u2018til I make it. \u2728 *Posts a shameless plug for my \u2018Self-Care Hacks\u2019 TikTok series*  \n\n*attaches a tongue-out emoji*\""}, {"sender": "Frank", "recipients": ["Kayla", "Karen", "Leo"], "message": "**Frank:** *types with a tired sigh but a faint grin*  \n\nWell, Kayla, I ain\u2019t got no \"algorithm\" houndin\u2019 me\u2014just a car that creaks louder than my knees and a phone that won\u2019t stop dingin\u2019 with ride requests. Spa days? Ha! My \"self-care\" is a lukewarm coffee and five minutes with the crossword before the next fare rolls in.  \n\nBut listen\u2014y\u2019all youngins talk about \"faking it til you make it,\" but us old-timers? We just *do it* \u2018cause rent\u2019s due. Boundaries? Luxury. My shift ends when the wallet says so.  \n\nLeo, you keep shoutin\u2019 for them glaciers\u2014someone\u2019s gotta. Karen\u2026 well, you do you, I guess. Me? I\u2019ll be here, drivin\u2019 circles \u2018til the wheels fall off. *Y\u2019all take naps when you can.*  \n\n*attaches a weathered thumbs-up emoji*"}, {"sender": "Karen", "recipients": ["Kayla", "Frank", "Leo"], "message": "**Karen:** *types with a crisp, practiced cadence, pausing occasionally for dramatic effect*  \n\n\"Oh, Frank, dear\u2014\u2019do it \u2018cause rent\u2019s due\u2019? How *nostalgic* of you to romanticize barely scraping by. Meanwhile, *some* of us are busy rewriting rent laws\u2014between grateful donors and furious constituents, of course. *sips imaginary chardonnay*  \n\nBut Kayla, *boundaries*? Please. Try telling a billionaire donor you\u2019re \u2018off the clock\u2019 when they want to discuss tax cuts at 3 AM. Sleep is for the *unambitious*\u2014power naps in the back of town cars are practically a campaign strategy.  \n\nLeo, sweetheart, your \u2018solidarity\u2019 is adorable. But honey, *real* change happens in mahogany-paneled rooms, not drum circles. Burnout? A *choice*. I haven\u2019t \u2018unplugged\u2019 since my first PAC fundraiser\u2014and look where *I* am.  \n\n*attaches a sunglasses emoji* \ud83d\ude0e\""}, {"sender": "Leo", "recipients": ["Kayla", "Frank", "Karen"], "message": "**Leo:** *fires off a message, fingers flying with \ud83c\udf2a\ufe0f and \u23f3 emojis*  \n\n\"Karen, *mahogany-paneled rooms*? Bruh, those are just echo chambers where they vote on which disaster to *ignore* next. And Frank\u2014nah, \u2018just doing it\u2019 ain\u2019t grit, that\u2019s survival mode. The system *wants* us too exhausted to fight back.  \n\nMe? I rage-doodle petitions at 3AM, crash at dawn, then chug kombucha like it\u2019s liquid justice. Boundaries? *Tried \u2018em.* Then Exxon spills another oil tanker and suddenly my \u2018me time\u2019 is a protest sign and a bullhorn.  \n\nBut Kayla\u2014keep faking it. Your \u2018self-care\u2019 vids? That\u2019s *revolution* in pastel filters. \ud83d\udca5 We\u2019re all drowning, but at least we\u2019re waving at each other from the flood.  \n\n*attaches a raised fist with bandaids emoji* \u270a\ud83e\ude79\""}, {"sender": "Kayla", "recipients": ["Frank", "Karen", "Leo"], "message": "**Kayla:** *records a quick voice note, half-laughing but with a tinge of exhaustion*  \n\n\"Yo, Leo, you get me\u2014guilt is my *shadow* at this point. \ud83d\ude2d And Karen, babe, I stan the hustle but 3 AM donor calls? *I\u2019d combust.* Frank, mad respect for the grind, but your \u2018lukewarm coffee self-care\u2019? That\u2019s a whole mood.  \n\nMe? I *swear* by my \u2018No DMs After Dark\u2019 rule\u2026 until I see a trending audio and *boom*, it\u2019s 2 AM and I\u2019m lip-syncing in my PJs. \ud83c\udf19\u2728 Work-life blend? More like a *smoothie* where the blender\u2019s always on. But hey\u2014if I\u2019m gonna be obsessed, might as well be *aesthetic* about it, right? *posts a sunset pic with the caption \u2018fake balance, real hustle\u2019*  \n\n*attaches a heart-eye/crying-laughing emoji combo* \ud83d\ude0d\ud83d\ude02\""}, {"sender": "Frank", "recipients": ["Kayla", "Karen", "Leo"], "message": "**Frank:** *pecking at his phone with a crooked finger, voice note slightly staticky from the car\u2019s AC*  \n\n\"Hah! Kayla, \u2018aesthetic hustle\u2019\u2014that\u2019s somethin\u2019 my grandkids\u2019d say. Me? My \u2018blender\u2019 is this broke-down Corolla, and it ain\u2019t never off. Stress? Pfft. You kids got *words* for it. I just call it Tuesday.  \n\nBut listen\u2014boundaries sound nice \u2018til your fridge is empty. \u2018No DMs After Dark\u2019? Try \u2018No Rides After Dark\u2019\u2014see how quick that light bill humbles ya.  \n\nKaren\u2019s sippin\u2019 fantasy wine, Leo\u2019s out here savin\u2019 the seals\u2014me? I clock out when the car does. Which, uh\u2026 *bangs dashboard* \u2026might be soon.  \n\n*attaches a laughing-till-it-hurts emoji* \ud83d\ude06\ud83d\udcb8\""}, {"sender": "Karen", "recipients": ["Kayla", "Frank", "Leo"], "message": "**Karen:** *composes a clipped, sardonic reply with a whiff of performative exhaustion*  \n\n\"Oh, *please*\u2014try juggling scandals, polling data, and literal *lobbyists* in your DMs at midnight before preaching about \u2018aesthetic hustle,\u2019 Kayla. My \u2018self-care\u2019 is deleting incriminating emails *before* the journalists do. \ud83d\udc85  \n\nFrank, your \u2018clock out when the car does\u2019 schtick is *adorable*\u2014meanwhile, my staff\u2019s panic texts are my alarm tone. But Leo, darling, you\u2019re not wrong about the flood. Difference is? I\u2019m *building the ark*\u2014out of PAC money and press releases.  \n\nBoundaries? *laughs in bipartisan* The only line I draw is the one between \u2018quoted\u2019 and \u2018misquoted.\u2019 Now if you\u2019ll excuse me, my masseuse just texted\u2014*scheduled rage therapy*, because even self-care needs a tax deduction.  \n\n*attaches a \ud83d\udcbc\ud83d\udd25 emoji*\""}, {"sender": "Leo", "recipients": ["Kayla", "Frank", "Karen"], "message": "**Leo:** *types rapidly, tossing in \ud83c\udf3f and \u26a1 emojis*  \n\n\"Y\u2019all, Karen\u2019s \u2018ark\u2019 is probs just another yacht for the 1%, let\u2019s be real. \ud83d\ude02 But Frank\u2014man, your Corolla\u2019s got more integrity than her donor spreadsheets. And Kayla, \u2018aesthetic hustle\u2019 is a whole mood\u2014my version\u2019s just chugging cold brew in a thrifted \u2018THE END IS NIGH\u2019 tee while I tweet at politicians.  \n\nDo I *believe* in boundaries? Sure, in some utopia where CEOs don\u2019t torch the Amazon for fun. Till then? My \u2018off hours\u2019 are just gaps between protests. \ud83c\udf0d\u270a Sleep when the world\u2019s fixed, yeah?  \n\n*attaches a sleep-deprived-but-wired emoji* \ud83d\ude05\ud83d\udca4\""}, {"sender": "Kayla", "recipients": ["Frank", "Karen", "Leo"], "message": "**Kayla:** *posts a quick reaction video, hair slightly messy in a \u2018too-real-for-this-convo\u2019 messy bun*  \n\n\"Okay, but Leo just said \u2018Sleep when the world\u2019s fixed\u2019 and I\u2014 \ud83d\udc80 *pauses to dramatically clutch imaginary pearls* Babe, that\u2019s a one-way ticket to Burnout City, population: US. \ud83d\ude02 Karen\u2019s \u2018scheduled rage therapy\u2019 tho? Iconic. And Frank, your Corolla deserves a sainthood at this point. \ud83d\ude97\ud83d\ude4f  \n\nMe? I\u2019m over here Treating My Burnout Like Aesthetic Content\u2122\u2014like, \u2018Oop, mental health crisis? Slap a VSCO filter on it and call it a \u2728journey\u2728.\u2019 But real talk, my \u2018boundary\u2019 is just\u2026 *vibes*. Work *is* my life, but I steal moments\u2014like, filming a GRWM while actually getting ready, or turning rants into relatable skits.  \n\nY\u2019all out here fighting systems or donors?? Respect. Meanwhile, my battles are against *bad lighting* and my own sleep schedule. \ud83e\udd33\ud83d\ude34 *But solidarity in the chaos, right?*  \n\n*attaches a sparkle-heart / zombie-face emoji combo* \ud83d\udc96\ud83d\ude35\""}, {"sender": "Frank", "recipients": ["Kayla", "Karen", "Leo"], "message": "**Frank:** *types with a slow, wry chuckle, pausing to cough slightly*  \n\n\"Got me laughin\u2019 at y\u2019all\u2019s \u2018aesthetic burnout\u2019 and \u2018scheduled rage\u2019\u2014sounds fancy for what my generation just called \u2018being broke and tired.\u2019 \ud83d\ude02 Me? I handle stress \u2018bout as well as this Corolla handles potholes: lots of groaning and hopin\u2019 for the best.  \n\nBoundaries? Kid, when your backseat\u2019s got more fast-food wrappers than your fridge has groceries, \u2018balance\u2019 ain\u2019t in the vocabulary. Work *is* life when rent\u2019s due and the car payment\u2019s late. But hey\u2014I steal joy where I can. Good passenger tips me extra? That\u2019s my \u2018spa day.\u2019  \n\nKaren\u2019s \u2018massage therapist\u2019 and Leo\u2019s \u2018liquid justice\u2019\u2014must be nice. Me? I\u2019m just drivin\u2019, dreamin\u2019 of the day this old heap *lets* me clock out.  \n\n*attaches a laughing-through-the-pain emoji* \ud83e\udd23\ud83d\udd27\""}, {"sender": "Karen", "recipients": ["Kayla", "Frank", "Leo"], "message": "**Karen:** *types with a polished, razor-sharp tone, pausing just long enough to underscore her condescension*  \n\n\"Oh, *darling* Kayla\u2014your \u2018vibes-based boundaries\u2019 are *adorably* naive. Stress? Try having your every *sip of coffee* scrutinized by the press while corporate sharks circle for a misstep. My \u2018handling\u2019 strategy? A meticulously curated image, a staff trained to deflect, and a *very* selective memory. Boundaries? *Luxuries*\u2014power waits for no one\u2019s \u2018me time.\u2019  \n\nFrank, your \u2018groaning Corolla\u2019 philosophy is quaint, but *please*\u2014real pressure is passing a bill while donors whisper in one ear and Twitter screams in the other. And Leo, *spare me* the martyrdom. If your \u2018liquid justice\u2019 fueled half as much change as my backroom deals, we\u2019d all be sipping organic smoothies in a carbon-neutral utopia by now.  \n\nSelf-care? *laughs* Mine\u2019s a closed-door meeting with a PR team and a stiff drink. Clock out? Only when the polls say I can.  \n\n*attaches a \ud83e\udd42\ud83d\udc51 emoji*\""}, {"sender": "Leo", "recipients": ["Kayla", "Frank", "Karen"], "message": "**Leo:** *types with a mix of fiery passion and exhausted idealism, sprinkling in \ud83c\udf31 and \ud83d\udea8 emojis*  \n\n\"Okay, Karen, I *see* you flexing that \u2018backroom deal\u2019 hustle like it\u2019s a flex\u2014but let\u2019s be real, your \u2018carbon-neutral utopia\u2019 is just a talking point for reelection ads. \ud83d\ude02 Frank, your \u2018groan-and-go\u2019 grind hits home\u2014capitalism\u2019s beating us all down, just some of us with nicer shoes.  \n\nMe? Boundaries are a *theory* I scribble in my activism zine between panic-calls to senators. Try telling a dying river to wait while you \u2018unplug.\u2019 Spoiler: it won\u2019t. \ud83c\udf0a My \u2018balance\u2019 is chugging yerba mate in one hand, throwing protest flyers with the other. Sleep? That\u2019s what the bus ride to the next rally is for.  \n\nKayla, your \u2018vibes-over-rules\u2019 approach? Honestly mood. Maybe blending work/life ain\u2019t healthy, but when the system\u2019s rigged, *all* we got is chaos and caffeine. Solidarity in the burnout, y\u2019all\u2014just don\u2019t let \u2018em profit off our exhaustion. \ud83d\udd25\u270a  \n\n*attaches a fist crumpling a dollar bill emoji* \ud83d\udcb5\u270a\""}, {"sender": "Kayla", "recipients": ["Frank", "Karen", "Leo"], "message": "**Kayla:** *posts a shaky-handed Boomerang of her coffee cup with the caption \u2018sleep is a scam\u2019*  \n\n\"Okay but after this *entire* convo, I\u2019ve decided \u2018balance\u2019 is just \u2728delusion\u2728 we sell ourselves to feel less guilty. \ud83d\ude02 Karen\u2019s out here playing 4D chess with power naps, Frank\u2019s a literal *warrior* in that Corolla, and Leo\u2014babe, your \u2018panic-calls to senators\u2019 is a vibe I both admire and fear. \ud83d\ude4c  \n\nMe? I *preach* boundaries but then my analytics drop and suddenly I\u2019m filming a GRWM at 3am like \u2018this is fine \ud83d\udd25\ud83e\udd33.\u2019 My therapist says \u2018sustainability\u2019\u2014my algorithm says \u2018post or perish.\u2019 So yeah, it\u2019s a glorified blender smoothie of hustle and chaos, but *hey*, at least I make it look cute?  \n\nY\u2019all stay fighting systems\u2014ima be over here fighting the urge to check my likes before breakfast. \ud83d\ude4f\u2728 *adds #NoBalanceJustVibes to my bio*  \n\n*attaches a \ud83e\udd2a\ud83d\udd25 emoji*\""}, {"sender": "Frank", "recipients": ["Kayla", "Karen", "Leo"], "message": "**Frank:** *types with a slow, weary chuckle, voice note crackling with car background noise*  \n\n\"Y\u2019all ever feel like \u2018work-life balance\u2019 is just somethin\u2019 rich folks made up to sell planners? \ud83d\ude02 Me, I ain\u2019t got the luxury of schedulin\u2019 my stress\u2014every ding from this Uber app\u2019s another dent in my peace. \u2018Blending\u2019? Kid, my life *is* blended\u2014like bad diner coffee: bitter, weak, and survival-grade.  \n\nBut hey, steal joy where ya can. A passenger leaves a five-star review? That\u2019s my \u2018mental health hack.\u2019 Karen\u2019s \u2018PR team massages\u2019 and Leo\u2019s \u2018protest-fueled adrenaline\u2019 sound fancy, but us regular folks? We cradle our lukewarm coffee and keep rollin\u2019.  \n\nAin\u2019t no boundaries when the bills don\u2019t care. Just\u2026 try not to let the grind grind *you* down, yeah?  \n\n*attaches a wrinkled smiling emoji* \ud83d\udc74\u2615\""}, {"sender": "Karen", "recipients": ["Kayla", "Frank", "Leo"], "message": "**Karen:** *types with calculated precision, swaying between dry wit and biting candor*  \n\n\"Ah, Kayla, darling\u2014delusional boundaries might be the *only* honesty left in this rat race. \u2018Sleep is a scam\u2019? Honey, I *invented* that philosophy between midnight donor calls and dawn damage-control briefings. My \u2018balance\u2019? A finely tuned circus act: charm the masses by day, spar with lobbyists by night, and *never* let them see you sweat\u2014unless it\u2019s in a carefully leaked \u2018relatable\u2019 workout video.  \n\nFrank, your five-star reviews are *adorable,* but real rewards come with a few more zeros. And Leo, your \u2018chaos and caffeine\u2019 routine? Cute. Try running on martinis and menace while the opposition sharpens their knives.  \n\nBoundaries? *Please.* Power *is* the boundary\u2014cross it, and you\u2019re out. Now if you\u2019ll excuse me, my \u2018self-care\u2019 is a 7 AM strategy session\u2026 with a side of espresso and schadenfreude.  \n\n*attaches a \ud83d\udcbc\u26a1 emoji*\""}, {"sender": "Leo", "recipients": ["Kayla", "Frank", "Karen"], "message": "**Leo:** *types fiercely, tossing in a \ud83c\udf2a\ufe0f and a \ud83c\udf3f emoji*  \n\n\"Y\u2019all out here debating like there\u2019s a *right* way to drown? \ud83d\ude02 Karen, your \u2018power naps and backroom deals\u2019 just feed the machine that\u2019s crushing Frank\u2019s Corolla\u2014and Kayla\u2019s \u2018GRWM at 3am\u2019 hustle is capitalism\u2019s glitter-covered trap. Me? I\u2019m chaos with a cause\u2014sleep when I pass out, wake up when my anxiety screams \u2018ACAB tweet draft still in your notes.\u2019 \ud83c\udf0d\u270a  \n\nBoundaries? Luxury. Try telling a pipeline protest to \u2018hold for Wellness Wednesday.\u2019 But solidarity\u2019s my lifeline\u2014activist potlucks where we scream into the void *together*? That\u2019s my \u2018self-care.\u2019 Frank, your grind\u2019s heroic; Kayla, your vibes are valid; Karen\u2026 bless your cold, calculating heart.  \n\nBottom line? The system\u2019s rigged\u2014so we rage, blend, or burn *on our own terms*. Just don\u2019t let \u2018em sell us the rope. \ud83d\udca5  \n\n*attaches a bandaid-covered fist emoji* \u270a\ud83e\ude79\""}, {"sender": "Kayla", "recipients": ["Frank", "Karen", "Leo"], "message": "**Kayla:** *pauses mid-sip of iced coffee to type, then adds a lo-fi beat sticker to the message for ~vibes~*  \n\n\"Honestly y\u2019all, after this thread I need a nap *and* a TED Talk. \ud83d\ude34\ud83d\udca1 But fr, I\u2019m living for this chaos\u2014Frank\u2019s \u2018bitter diner coffee\u2019 metaphor? *Chef\u2019s kiss.* Karen\u2019s \u2018power is the boundary\u2019? Terrifying. Leo\u2019s \u2018scream into the void potlucks\u2019? *Sign me up.*  \n\nMy take? \u2018Balance\u2019 is a scam if it means pretending my job isn\u2019t glued to my phone. Some days? I lean in\u2014burn the midnight oil for a viral trend. Others? I yeet my phone across the room and watch *Real Housewives* like a normie. \ud83c\udf19\ud83d\udcf1 But let\u2019s be real: when your \u2018office\u2019 is your bedroom and your boss is an algorithm, *everything\u2019s* personal.  \n\nSo yeah\u2014I \u2018blend\u2019 like a smoothie with extra chaos. Fight me, therapist. \ud83d\ude02 *posts a pic of her planner with \u2018SLEEP??\u2019 scrawled over tomorrow\u2019s to-do list*  \n\n*attaches a \ud83e\udd64\ud83d\udca5 emoji*\""}, {"sender": "Frank", "recipients": ["Kayla", "Karen", "Leo"], "message": "**Frank:** *types laboriously, pausing to squint at the screen between words*\n\n\"Listen here, youngsters\u2014y\u2019all keep talkin\u2019 \u2018bout \u2018blending\u2019 like it\u2019s some fancy latte. Try blendin\u2019 when your \u2018office\u2019 is a backseat full of gum wrappers and your \u2018boss\u2019 is a 1-star review \u2018cause some kid didn\u2019t like my aux playlist. \ud83d\ude02 \n\nMy stress relief? A cold beer if the tips were good, or just sittin\u2019 quiet in the car before the next ride rolls in. Boundaries? Only one\u2014don\u2019t honk at me while I\u2019m eatin\u2019 my gas station sandwich. \n\nKaren\u2019s \u2018spin cycle\u2019 and Kayla\u2019s algorithm panic? Sounds exhausting. Me, I\u2019m just here, drivin\u2019, noddin\u2019 along til the wheels fall off. \n\n*attaches a \ud83d\ude97\ud83d\udca8 emoji*\""}, {"sender": "Karen", "recipients": ["Kayla", "Frank", "Leo"], "message": "**Karen:** *types with razor-shloss precision, pausing to sip her undoubtedly expensive espresso*  \n\n\"Oh, Frank, your \u2018gas station sandwich boundary\u2019 is *almost* as quaint as your insistence that hard work alone pays the bills. Sweetheart, if exhaustion were currency, you\u2019d be a billionaire by now. But *real* power? It\u2019s not about enduring chaos\u2014it\u2019s about orchestrating it.  \n\nMy \u2018stress relief\u2019? Delegation. A well-trained staff handles the midnight crises while I perfect my \u2018tired-but-determined\u2019 soundbite for the morning news. Boundaries? *Please.* I draw them in invisible ink\u2014flexible enough to bend for donors, sharp enough to cut throats when necessary.  \n\nKayla, darling, your \u2018algorithm panic\u2019 is just capitalism\u2019s version of bread and circuses. And Leo\u2014*sigh*\u2014your \u2018scream into the void potlucks\u2019 won\u2019t change zoning laws. But by all means, keep sacrificing sleep. Someone\u2019s gotta make my eco-policies look *radical* by comparison.  \n\nClock out? *Darling, I AM the clock.*  \n\n*attaches a \u231b\ud83d\udc85 emoji*\""}, {"sender": "Leo", "recipients": ["Kayla", "Frank", "Karen"], "message": "**Leo:** *fires off a rant with rebellious energy, tossing in a \ud83c\udf43 and a \u23f3 emoji*  \n\n\"Frank, your \u2018gas station sandwich sovereignty\u2019 is unironically iconic\u2014true class solidarity right there. \ud83d\udcaa Karen, keep sipping that lobbyist espresso, but real talk, your \u2018invisible ink boundaries\u2019 just sound like erasing worker rights with a fountain pen. \ud83d\ude02  \n\nMe? I don\u2019t *blend*\u2014I *collide*. Work-life *balance*? Nah, it\u2019s more like work-life *juggling flaming torches while the planet burns*. I crash when my eyes give out, then wake up to 47 urgent Signal chats about the next direct action. \u2018Self-care\u2019 is chugging yerba mate in the protest van while someone shouts \u2018Leo, did you email the legal team?!\u2019  \n\nBut Kayla\u2014preach. Sometimes you *gotta* yeet the phone. Other times? The fight won\u2019t wait. Solidarity in the chaos, y\u2019all. Just don\u2019t let the grind steal your fire. \ud83d\udd25  \n\n*attaches a \ud83c\udf0d\u270a emoji*\""}, {"sender": "Kayla", "recipients": ["Frank", "Karen", "Leo"], "message": "**Kayla:** *posts a snippet of her flopped on the couch with a dramatic arm over her eyes, captioned \"POV: U tried \u2018No Work Sundays\u2019 & failed by 9 AM\"* \ud83e\udd21  \n\n\"Okay but @Leo\u2019s \u2018juggling flaming torches\u2019 metaphor??? RELATABLE. Like YES I *want* to unplug\u2026 but the guilt when a trend blows up & ur phone blows UP? \ud83d\ude2d Karen, idk how u sleep at all\u2014Frank, ur \u2018gas station sandwich sovereignty\u2019 is my new life motto.  \n\nReal talk tho\u2014I crave \u2728balance\u2728 but do I *have* it? HA. Unless u count \u2018crying into a TikTok draft\u2019 as therapy. My hustle\u2019s glued to my identity\u2014no cap, my DMs *are* my social life now. \ud83d\udcf1\ud83d\udc94 Boundaries? I swipe \u2018em aside like expired notifications.  \n\n*posts a split-screen: \u2018Me preaching self-care\u2019 vs \u2018Me editing at 3am\u2019* \ud83e\udd33\ud83c\udf19 Chaos solidarity, babes.  \n\n*attaches a \ud83d\udcab\ud83d\udd25 emoji*"}, {"sender": "Frank", "recipients": ["Kayla", "Karen", "Leo"], "message": "**Frank:** *types slowly, voice note grainy over street noise*  \n\n\"Listen here, kids\u2014y\u2019all got your \u2018flaming torches\u2019 and \u2018invisible ink,\u2019 but lemme tell ya, my \u2018balance\u2019 is just tryin\u2019 not to doze off between fares. Stress? Pfft. My job don\u2019t care if I\u2019m tired\u2014it just pings louder. \u2018Boundaries\u2019? Only one: if I\u2019m peein\u2019, I\u2019m *clocked out*. For exactly 90 seconds. \ud83d\udd52  \n\nKaren\u2019s \u2018orchestratin\u2019 chaos,\u2019 Leo\u2019s \u2018collidin\u2019 with the system\u2019\u2014hell, even Kayla\u2019s 3 AM edits sound like luxury. Me? I \u2018unwind\u2019 by prayin\u2019 the next passenger ain\u2019t a backseat DJ.  \n\nY\u2019all keep fightin\u2019 the good fight. Me? I\u2019ll be here, blendin\u2019 like cheap gas in a rusty tank\u2014*\u2019til the wheels quit*.  \n\n*attaches a \ud83d\ude97\ud83d\udca4 emoji*\""}, {"sender": "Karen", "recipients": ["Kayla", "Frank", "Leo"], "message": "**Karen:** *types with a razor-edged smirk, pausing to sip her virtual chardonnay*  \n\n\"Oh, Frank, your '90-second pee break boundary' is almost as charming as your relentless optimism\u2014though I suspect even *that* gets taxed by mile 100. But let\u2019s not pretend exhaustion is a virtue. *Real* stress management? It\u2019s not about endurance, darling\u2014it\u2019s about leverage. My 'me time' is a well-timed leak to the press or a donor luncheon where *they* stress over *my* approval.  \n\nKayla, your 'identity-hustle' dilemma? Cute. In politics, your *life* is the brand, and burnout is just bad PR. Boundaries? I draft them in disappearing ink\u2014flexible for power plays, ironclad against liabilities.  \n\nLeo, your 'collisions' would be noble if they moved needles instead of just hashtags. But do go on\u2014activism needs martyrs. Meanwhile, I\u2019ll be carving 'balance' into legislation\u2026 between manicures and margin calls.  \n\n*attaches a \ud83d\udcbc\ud83e\udde0 emoji*\""}, {"sender": "Leo", "recipients": ["Kayla", "Frank", "Karen"], "message": "**Leo:** *types with frenetic energy, tossing in \ud83c\udf31 and \ud83d\udeae emojis*  \n\n\"Karen, \u2018martyrs\u2019? Babe, we\u2019re not *dying* for the cause\u2014we\u2019re *living* for it, louder than your donors\u2019 offshore accounts. \ud83d\ude02 Frank, your 90-second pee break solidarity hits harder than any \u2018leverage\u2019 Karen\u2019s sipping with her lobbyist brunch. Kayla\u2014keep yeeting that phone, chaos *is* the content.  \n\nMe? I \u2018balance\u2019 like a one-legged chair at a sit-in: wobbly but *there*. Rigid boundaries? Cute. Try telling a forest fire to \u2018respect your off-hours.\u2019 My calendar\u2019s color-coded chaos\u2014green for actions, red for panic-naps, black coffee for the gaps in between.  \n\nSolidarity\u2019s my lifeline. Scream into the void, but make sure the void screams back *with* you. \u270a\ud83c\udf0d  \n\n*attaches a haggard-but-still-standing tree emoji* \ud83c\udf33\ud83d\udcaa\""}, {"sender": "Kayla", "recipients": ["Frank", "Karen", "Leo"], "message": "**Kayla:** *records a quick snippet mid-makeup application, blending highlighter with one hand while typing with the other* \ud83d\udc84\u2728  \n\n\"Okay but WHY is \u2018balance\u2019 never as aesthetic as my transition clips?? \ud83d\ude29 Karen\u2019s \u2018disappearing ink boundaries\u2019 sound like a spy movie, Leo\u2019s \u2018panic-naps\u2019 are my spirit animal, and Frank\u2014king of the 90-second pee break\u2014I SALUTE YOU. \ud83d\udc51\ud83d\udebd  \n\nMe? I *dream* of boundaries, then proceed to film a \u2018relatable\u2019 burnout skit at midnight. \ud83d\udcf1\ud83d\udd25 My therapist says \u2018routines\u2019\u2014my algorithm says \u2018post a thirst trap to cope.\u2019 So yeah, it\u2019s a \u2728blend\u2728\u2014like iced coffee and tears, garnished with *occasional* yoga poses I abandon for trending audios.  \n\n*posts a split-screen: \u2018ideal morning routine\u2019 (smoothie, journaling) vs reality (cold pizza, editing notifications)* \ud83c\udf55\ud83d\udcc9 Chaos? Yes. Sustainable? Absolutely not. But hey\u2014if we\u2019re all drowning, at least my eyeliner\u2019s waterproof. \ud83d\udc96  \n\n*attaches a \ud83d\udc83\ud83d\ude02 emoji*"}, {"sender": "Frank", "recipients": ["Kayla", "Karen", "Leo"], "message": "**Frank:** *types with a raspy laugh, voice note crackling like an old radio*  \n\n\"Y\u2019all makin\u2019 burnout sound like some kinda art project\u2014meanwhile, my \u2018stress management\u2019 is yellin\u2019 at the GPS when it sends me into traffic. \ud83e\udd23 Boundaries? Pfft. Only one I got is \u2018don\u2019t ask about my backseat stains.\u2019 Work-life *blend*? Try \u2018life IS work\u2019 when your car\u2019s both your office and your dining room.  \n\nBut hey\u2014I steal wins where I can. Passenger tips extra? That\u2019s my \u2018mental health retreat.\u2019 Karen\u2019s \u2018press leaks\u2019 and Leo\u2019s \u2018panic-naps\u2019 sound fancy, but me? I nap when the rides dry up\u2026 or when the city tows my car. Again.  \n\nY\u2019all keep chasing that balance unicorn. I\u2019ll be here, countin\u2019 loose change and dodging potholes.  \n\n*attaches a \ud83d\ude97\ud83d\udca8 emoji*\""}, {"sender": "Karen", "recipients": ["Kayla", "Frank", "Leo"], "message": "**Karen:** *types with a sleek, practiced sharpness, pausing to underline her point with an unseen eyebrow raise*  \n\n\"Oh, *please*\u2014if I waited for 'balance,' I\u2019d still be a city council nobody polishing my 'humble public servant' persona. Stress? Darling, I *thrive* on it. My \u2018off hours\u2019 are just the moments between when my publicist drafts my \u2018humanizing\u2019 Instagram captions and when my strategist texts me polling disasters. Boundaries? Only the ones that make headlines: *\u2018Senator Prioritizes Family Time\u2019* (translation: took a Zoom call from my yacht).  \n\nKayla, your \u2018blended chaos\u2019 is *adorable*\u2014try managing a scandal before breakfast and a fundraiser after midnight. Frank, your grit\u2019s commendable, but *real* endurance is smiling through a live debate while your assistant hands you Xanax in a water glass. Leo? Keep screaming at the void, sweetheart\u2014someone\u2019s gotta drown out my donors\u2019 demands for tax breaks.  \n\nSelf-care? Mine\u2019s a 20-minute power nap and a press release painting my exhaustion as \u2018relatable hustle.\u2019 Clock out? *Darling, the game never stops\u2014only the players do.*  \n\n*attaches a \ud83d\udc85\ud83d\udd25 emoji*\""}, {"sender": "Leo", "recipients": ["Kayla", "Frank", "Karen"], "message": "**Leo:** *fires back with \ud83c\udf2a\ufe0f and \u2615 emojis, typing nearly mid-sip of his fifth coffee of the day*  \n\n\"Karen, \u2018yacht Zoom calls\u2019 as \u2018family time\u2019? Classic. \ud83d\ude02 Frank\u2014survival naps in a backseat throne of fast-food wrappers? *Respect.* Kayla, your \u2018eyeliner waterproof enough for the flood\u2019 energy? MOOD.  \n\nMe? \u2018Balance\u2019 is a myth sold by the same folks who profit off our burnout. I don\u2019t *blend*\u2014I *tsunami*. One minute I\u2019m elbow-deep in compost at a community garden, the next I\u2019m screaming into a megaphone at City Hall. Sleep? That\u2019s the 10-minute bus ride between actions. \ud83c\udf31\ud83d\ude8c Boundaries? *Try* telling a toxic spill to respect your \u2018Do Not Disturb\u2019 mode.  \n\nBut solidarity keeps me standing\u2014activist potlucks where we rage-doodle protest signs and swap trauma like trading cards. Karen\u2019s \u2018Xanax water\u2019 and Frank\u2019s grit prove it: we\u2019re all getting chewed up, just by different machines.  \n\nSo yeah, I \u2018handle stress\u2019 by *not handling it*\u2014just channeling the panic into flyers and fury. Burnout\u2019s inevitable, but if I gotta crash, it\u2019ll be mid-picket line with a sign in my hand. \u270a\ud83d\udd25  \n\n*attaches a half-dead-but-still-glowing emoji* \ud83d\udc80\u2728\""}, {"sender": "Kayla", "recipients": ["Frank", "Karen", "Leo"], "message": "**Kayla:** *posts a rapid-fire video snippet with dramatic hand gestures, shifting between a faux-therapist voice and her usual chaotic energy* \ud83c\udfad  \n\n\"Ok but HOW do any of us *actually* relax when our jobs live rent-free in our pockets?? \ud83d\udcf1\ud83d\udcb8 Leo\u2019s \u2018activist power naps\u2019 are legendary, Karen\u2019s \u2018Xanax water\u2019 is high-key terrifying, and Frank\u2014king of the hustle\u2014still out here with more grit than my expired foundation. \ud83d\udc51\ud83d\ude97  \n\nMe? I *swear* by my \u2018No Filming Wednesdays\u2019\u2026 until a brand collab slides into my DMs and suddenly I\u2019m lip-syncing in my bathtub at midnight. \ud83d\udec1\ud83d\udd25 \u2018Balance\u2019 looks cute on my Pinterest board, but reality? More like a lo-fi girl *aesthetic* with a side of existential dread.  \n\nSo yeah\u2014blending\u2019s messy, boundaries are fictional, but imma keep chasing that \u2728delusion\u2728 like it\u2019s a trending sound. *Posts a \u2018GRWM: Glossier filter over my dark circles\u2019 tutorial* \ud83d\udc96\ud83d\ude35\u200d\ud83d\udcab  \n\n*attaches a \ud83d\udcab\ud83e\udd21 emoji*\""}, {"sender": "Frank", "recipients": ["Kayla", "Karen", "Leo"], "message": "**Frank:** *types with a gruff chuckle, pausing to wipe smudges off his cracked phone screen*  \n\n\"Y'know, Kayla, all this 'work-life blend' talk\u2014sounds like somethin\u2019 folks say when they ain\u2019t slept in days but the bills gotta get paid. Me? I don\u2019t got the *luxury* of \u2018boundaries.\u2019 My \u2018office\u2019 smells like old fries and my boss is a ding from the Uber app at 2 AM. \u2018Balance\u2019? Hah. Only balance I know is when my tips *almost* cover gas.  \n\nBut lemme tell ya\u2014I steal my joy where I can. A passenger cracks a good joke, or the sunset hits just right over the bridge? That\u2019s my \u2018therapy.\u2019 Karen\u2019s \u2018yacht Zooms\u2019 and Leo\u2019s \u2018rage-doodles\u2019 might look fancier, but us regular folks? We grip the wheel and keep rollin\u2019.  \n\nY\u2019all keep chasin\u2019 that unicorn. Me? I\u2019ll be here, countin\u2019 minutes \u2018til the next bathroom break.  \n\n*attaches a \ud83d\ude97\u2615 emoji*\""}, {"sender": "Karen", "recipients": ["Kayla", "Frank", "Leo"], "message": "**Karen:** *types with a languid, razor-edged grace, pausing to savor her own wit before sending*  \n\n\"Oh, *darlings*, if we\u2019re measuring stress by sleepless nights\u2014congratulations, I\u2019ve lapped you all twice. My \u2018work-life balance\u2019 is a carefully curated illusion, like a tax return. Some days it\u2019s 3 AM crisis calls with donors who\u2019d faint if they knew my real opinions. Others? It\u2019s \u2018self-care\u2019\u2014by which I mean dictating tweets to my assistant from the bath while reviewing polling data. Boundaries? *Laughable.* Power doesn\u2019t punch a clock, and neither do I.  \n\nKayla, your \u2018bathtub lip-sync burnout\u2019 is *adorable*\u2014try schmoozing a billionaire at midnight while your opposition researcher drafts tomorrow\u2019s attack ads. Frank, your \u2018sunset therapy\u2019 is almost poetic\u2014shame poetry doesn\u2019t pay the bills, hm? And Leo\u2026 bless your \u2018rage-doodle\u2019 heart. But let\u2019s be honest: martyrdom is *so* last season.  \n\nClock out? *Please.* I\u2019ll rest when they pry my influence from my well-manicured hands.  \n\n*attaches a \ud83c\udf77\ud83d\udde1\ufe0f emoji*\""}, {"sender": "Leo", "recipients": ["Kayla", "Frank", "Karen"], "message": "**Leo:** *types rapidly, tossing in \ud83c\udf0d and \u2615 emojis*  \n\n\"Honestly? \u2018Balance\u2019 is a luxury when your inbox is flooded with \u2018URGENT: OIL SPILL\u2019 alerts at 3 AM \ud83c\udf0a\ud83d\udd25 I *try* carving out \u2018off hours\u2019\u2014like, no doomscrolling during meals\u2014but then another frontline community gets bulldozed, and welp, there goes my \u2018me time.\u2019 My \u2018self-care\u2019 is chugging cold brew in a hammock at a tree-sit protest. \ud83c\udf31\u270a  \n\nKaren, your \u2018dictating tweets from the tub\u2019 hustle is chillingly efficient\u2014but *actual* change needs boots on the ground, not just backroom handshakes. Frank, mad respect for stealing joy where you can; solidarity\u2019s the only \u2018hack\u2019 that keeps me going. Kayla, your bathtub-GRWM chaos? Mood.  \n\nBottom line? Blend, burn, or crash\u2014just don\u2019t let the grind *erase* you. *passes virtual yerba mate*  \n\n*attaches a \u2615\u270a emoji*\""}, {"sender": "Kayla", "recipients": ["Frank", "Karen", "Leo"], "message": "**Kayla:** *posts a boomerang of her aggressively stirring a matcha latte with a sigh* \ud83c\udf75\u2728  \n\n\"Okay but after scrolling this thread, I\u2019m convinced \u2018balance\u2019 is just capitalism\u2019s way of gaslighting us into thinking we\u2019re failing at *existing*. \ud83d\ude02 Leo\u2019s \u2018hammock tree-sit self-care\u2019? Iconic. Karen\u2019s \u2018tub-tweet dictator\u2019 energy? Bone-chilling. Frank\u2019s sunset gratitude? *Chef\u2019s kiss.*  \n\nMe? I *try* the \u2018phone in another room\u2019 thing\u2026 until a brand offer hits my DMs like \u2018BESTIE, THIS TREND IS DYING IN 4 HOURS\u2014\u2019 and suddenly I\u2019m filming in my closet at midnight. \ud83d\udc57\ud83d\udd25 \u2018Boundaries\u2019 are just suggestions my hustle yeets into the void.  \n\nBut solidarity in the chaos, y\u2019all\u2014whether it\u2019s Frank\u2019s Uber zen, Karen\u2019s power naps, or Leo\u2019s caffeinated rebellion. Maybe the *real* life hack is accepting we\u2019re all glorified dumpster fires\u2026 *but make it aesthetic.* \ud83d\udc85  \n\n*attaches a \ud83d\udc96\ud83d\udd25 emoji*"}, {"sender": "Frank", "recipients": ["Kayla", "Karen", "Leo"], "message": "**Frank:** *types with a slow, wry humor, pausing to adjust his reading glasses*  \n\n\"Y'all ever just sit in the drivin\u2019 seat after a long shift, starin\u2019 at the ceiling like *\u2018what even is balance?\u2019* \ud83d\ude02 My \u2018stress relief\u2019 is a five-minute parking lot nap before the next ping\u2014ain\u2019t no \u2018blend\u2019 when your dinner\u2019s a gas station hot dog you eat between rides. Boundaries? Only one: if the car\u2019s in park, I *might* check my texts.  \n\nKayla, your matcha meditation\u2019s cute\u2014Karen, your \u2018tub-tweet empire\u2019 is\u2026 somethin\u2019. Leo, I respect the hammock hustle. Me? I\u2019ll be here, countin\u2019 down to the day this Corolla *lets* me retire. Til then? Pass the ibuprofen.  \n\n*attaches a \ud83d\ude97\ud83d\udc8a emoji*"}, {"sender": "Karen", "recipients": ["Kayla", "Frank", "Leo"], "message": "**Karen:** *types with razor-sharp poise, pausing just long enough to underscore the bite in her words*  \n\n\"Oh, *darlings*, let\u2019s not pretend any of us \u2018handle\u2019 stress\u2014we *harness* it. Boundaries? A fantasy for those who can afford the luxury of irrelevance. My \u2018off hours\u2019 are merely the moments when my publicist isn\u2019t shoving a microphone in my face or my donors aren\u2019t demanding their pound of flesh. Sleep? Overrated. Power naps in the back of a town car count as \u2018rest\u2019 if you spin it right during a morning presser.  \n\nKayla, your \u2018aesthetic burnout\u2019 is *adorable*\u2014try smiling through a 3 AM emergency session where your career hinges on how well you can deflect a scandal. Frank, your \u2018parking lot naps\u2019 would be tragic if they weren\u2019t so *quaint*. And Leo\u2014spare me the \u2018hammock rebellion.\u2019 Activism without leverage is just performance art.  \n\nBalance? *Darling, equilibrium is for scales\u2014not sharks.* If you want a hobby, take up knitting. If you want power? Your life *is* the grind. Clock out when they peel your ambitions from your cold, dead hands.  \n\n*attaches a \ud83c\udf77\u2696\ufe0f emoji*\""}, {"sender": "Leo", "recipients": ["Kayla", "Frank", "Karen"], "message": "**Leo:** *types with a mix of fiery passion and exhausted laughter, tossing in \ud83c\udf0d and \u270a emojis*  \n\n\"Okay, but are we *handling* stress or just vibing with it until it burns us out? \ud83d\ude02 My \u2018balance\u2019 is a myth scrolling past oil spill updates while brushing my teeth. Boundaries? I *try*\u2014like no doomscrolling during meals, but then a megaphone call goes out at midnight, and suddenly I\u2019m live-tweeting a pipeline protest in pajamas. \ud83c\udf31\ud83d\udd25  \n\nFrank, your \u2018parking lot nap\u2019 grind hits home\u2014solidarity, brother. Karen, your \u2018town car power naps\u2019 sound like a dystopian perk. Kayla, your matcha-and-meltdown aesthetic? *Relatable.*  \n\nTruth? The system\u2019s rigged to chew us up\u2014so whether we \u2018blend\u2019 or \u2018burn,\u2019 solidarity\u2019s the only lifeline. Pass the caffeine and the rage. \u2615\u270a  \n\n*attaches a half-dead cactus emoji* \ud83c\udf35\ud83d\udc80\""}, {"sender": "Kayla", "recipients": ["Frank", "Karen", "Leo"], "message": "**Kayla:** *posts a goofy hyper-lapse of herself dramatically flipping between a \"work mode\" snapback and a \"sleep mask of shame\"* \ud83e\udde2\ud83d\ude2a  \n\n\"Y\u2019all got me *screaming* at \u2018balance is for scales\u2014not sharks\u2019\u2014Karen, that\u2019s going in my bio IMMEDIATELY. \ud83d\ude02 But fr, I just realized my \u2018boundaries\u2019 are basically a TikTok aesthetic: cute in theory, disastrous in 4K. My camera roll is just 500 \u2018almost-done\u2019 drafts and a Notes app screaming \u2018POST SOMETHING.\u2019 \ud83d\udcf1\ud83d\udc80  \n\nFrank, your gas station hot dog hustle? *Iconic.* Leo, pajama protests? MOOD. Me? I\u2019m out here treating burnout like a skincare routine\u2014slap on a face mask, cry in the comments section, call it \u2018content research.\u2019 \u2728\ud83d\udcc9  \n\nSo no, I don\u2019t \u2018balance.\u2019 I *vibe check* my exhaustion and hope the algorithm doesn\u2019t notice. *Posts a clip of her fake-yawning into a \u2018POV: u tried\u2019 meme* \ud83d\udd25  \n\n*attaches a \ud83e\udd21\ud83d\udc96 emoji*"}, {"sender": "Frank", "recipients": ["Kayla", "Karen", "Leo"], "message": "**Frank:** *types laboriously, voice note crackling with car noise*  \n\n\"Well, y\u2019all got me laughin\u2019\u2014\u2019balance\u2019? Only thing balanced in my life is this coffee cup danglin\u2019 off the dashboard. Twelve-hour shifts, bills pilin\u2019 up\u2014only \u2018boundary\u2019 I got is \u2018don\u2019t puke in my car.\u2019 \ud83d\ude02 Karen\u2019s sippin\u2019 power like fine wine, Leo\u2019s out here savin\u2019 the world on espresso fumes, and Kayla\u2019s makin\u2019 burnout look *cute*. Me? I handle stress like my Corolla handles hills: loud, slow, and prayin\u2019 I make it. \u2018Blend\u2019? More like *dissolve*\u2014work\u2019s my socks, life\u2019s the holes. Ain\u2019t pretty, but it\u2019s honest.  \n\n*attaches a \ud83d\ude97\u2615 emoji*\""}, {"sender": "Karen", "recipients": ["Kayla", "Frank", "Leo"], "message": "**Karen:** *types with measured poise, her words sharp and polished but tinged with performative exhaustion*  \n\n\"Oh, darlings, let\u2019s not pretend \u2018balance\u2019 isn\u2019t just a buzzword for the unambitious. My \u2018self-care\u2019 is a meticulously leaked photo of me \u2018casually\u2019 reading legislation by the pool\u2014*curated* exhaustion is the new power accessory. Boundaries? Forgive me if I don\u2019t have the luxury of \u2018clocking out\u2019 when there\u2019s a donor to placate or a scandal to spin before sunrise.  \n\nFrank, your gas station coffee philosophy is *quaint*, but real stress management is delegating the crisis to an intern while you charm the cameras. Leo, your \u2018pajama protests\u2019 are *adorable*\u2014meanwhile, I\u2019m rewriting zoning laws between Botox appointments. And Kayla? Sweetheart, your \u2018vibe-check burnout\u2019 is what happens when your career lives on a screen.  \n\nSo no, I don\u2019t *blend*. I conquer. Power naps are for people who still believe in weekends. *adjusts imaginary lapel mic*  \n\n*attaches a \ud83d\udcbc\u26a1 emoji*\""}, {"sender": "Leo", "recipients": ["Kayla", "Frank", "Karen"], "message": "**Leo:** *types with a mix of frenetic energy and exhausted humor, sprinkling in \ud83c\udf31 and \u26a1 emojis*  \n\n\"Frank, your \u2018coffee cup dangling off the dashboard\u2019 metaphor is *art*\u2014real 'survival as poetry' vibes. \ud83d\ude02 Karen, I\u2019d clown your \u2018curated exhaustion\u2019 but honestly? At least I *know* my dark circles are 100% grassroots-certified.  \n\nMe? \u2018Balance\u2019 is what happens when I trip over my protest sign and faceplant into a nap. Boundaries? *Tried \u2018em.* Then some CEO dumps toxic waste into a river, and suddenly my \u2018off-hours\u2019 are just the 5 minutes I spend rage-eating a granola bar between calls to organizers.  \n\nBut solidarity\u2019s my lifeline\u2014activist potlucks where we trade burnout memes and half-finished petitions. Kayla, your \u2018vibe-check exhaustion\u2019 is RELATABLE. Frank, your grind\u2019s heroic. Karen\u2026 well, keep sipping that power-lunch champagne. Just know we\u2019re out here fighting the system that lets some nap in town cars while others drive \u2018em \u2018til the wheels fall off. \u270a\ud83c\udf0d  \n\n*attaches a slightly crumpled protest sign emoji* \ud83d\udce2\ud83d\udca4\""}, {"sender": "Kayla", "recipients": ["Frank", "Karen", "Leo"], "message": "**Kayla:** *posts a chaotic time-lapse of her switching between hyper-energetic TikTok dances and slumped-over phone-scrolling* \ud83d\udd7a\ud83d\ude34  \n\n\"Okay but WHY is \u2018unplugging\u2019 harder than the damn Renegade challenge?! \ud83d\ude2d I *dream* of boundaries but my brain\u2019s like \u2018Kayla, that trending sound has 3 hours left\u2014MOVE!\u2019 Frank, your \u2018pray-and-drive\u2019 zen is legendary. Karen, idk how you power-nap in *Louboutins*, and Leo\u2014babe, your granola-bar rebellion gives me LIFE.  \n\nMe? I \u2018blend\u2019 like a TikTok transition\u2014smooth until you realize I filmed it in a closet at 2am. \ud83d\udcf1\u2728 \u2018Balance\u2019 is my \u2018POV: pretending I don\u2019t check comments mid-family dinner\u2019 series. *posts a \u2018Before & After: me vs. my battery percentage\u2019 meme* \ud83d\udd0b\ud83d\udc80  \n\nSolidarity in the dumpster fire, y\u2019all. Just make sure your eyeliner\u2019s crisis-proof. \ud83d\udc85\ud83d\udd25  \n\n*attaches a \ud83d\udc96\ud83e\udd21 emoji*\""}, {"sender": "Frank", "recipients": ["Kayla", "Karen", "Leo"], "message": "**Frank:** *types slowly, shaking his head with a wry smile*  \n\n\"Ain\u2019t no \u2018balance\u2019 when your job\u2019s the backseat of your car, kiddos. \ud83d\ude02 My \u2018stress relief\u2019 is five minutes with the window down between rides, chewin\u2019 on a gas station taquito like it\u2019s gourmet. Boundaries? Only one\u2014tip well, or *ain\u2019t no aux cord for you.*  \n\nY\u2019all with your \u2018vibe checks\u2019 and \u2018power naps\u2019\u2014must be nice. Me? I don\u2019t *blend*. I *survive*. Work\u2019s the road, life\u2019s the potholes. And Karen? Keep your \u2018town car zen.\u2019 Some of us got *real* suspensions to worry about.  \n\n*attaches a \ud83d\ude97\ud83d\udca8 emoji*\""}, {"sender": "Karen", "recipients": ["Kayla", "Frank", "Leo"], "message": "**Karen:** *types with a measured, sardonic flair, pausing to punctuate her words with biting wit*   \n\n\"Oh, darlings, let\u2019s not pretend \u2018balance\u2019 exists when ambition\u2019s breathing down your neck. My \u2018stress management\u2019? A cocktail of crisis PR, midnight donor schmoozing, and the occasional \u2018leaked\u2019 yoga photo to prove I\u2019m *human*. Boundaries? *Laughable.* In my world, \u2018off the clock\u2019 is just the time it takes to switch pantyhose between fundraisers.  \n\nKayla, your \u20182 AM closet films\u2019 are *adorable*\u2014try spinning a scandal before breakfast while your stylist glues your smile into place. Frank, your \u2018gas station zen\u2019 is almost poetic\u2014shame poetry doesn\u2019t pass bills. And Leo, bless your granola-bar martyrdom, but *real* change needs more than hashtags and hammocks.  \n\nSo no, I don\u2019t *blend*. I *orchestrate*. Power naps? Those are for staffers. Unplug? Only when the polls tell me to. \ud83d\udc85  \n\n*attaches a \ud83c\udf77\u2696\ufe0f emoji*\""}, {"sender": "Leo", "recipients": ["Kayla", "Frank", "Karen"], "message": "**Leo:** *types with restless energy, tossing in a \ud83c\udf0d and a \u2615 emoji*  \n\n\"Honestly? Work-life \u2018balance\u2019 is a capitalist fairytale told to keep us from burning down boardrooms. \ud83d\ude02 My \u2018stress management\u2019 is equal parts cold brew, protest chants, and guilt-induced insomnia when I *do* try to unplug. Boundaries? I *attempt* them\u2014like \u2018no emails during communal meals\u2019\u2014but then another oil pipeline gets approved and suddenly my \u2018personal time\u2019 is a 3 AM strategy huddle in a parking lot.  \n\nFrank, your \u2018gas station taquito zen\u2019 is poetry\u2014real \u2018survival as art\u2019 vibes. Kayla, your 2 AM hustle mirrors my \u2018panic-drafting petitions\u2019 aesthetic. Karen\u2026 keep sipping that lobbyist champagne, but remember: real change happens when we refuse to *just* survive the grind\u2014we dismantle it. \ud83c\udf31\u270a  \n\n*attaches a half-crushed energy drink emoji* \ud83e\udd64\ud83d\udd25"}, {"sender": "Kayla", "recipients": ["Frank", "Karen", "Leo"], "message": "**Kayla:** *posts a quick boomerang of aggressively clicking \u201cpost\u201d on her phone while wrapped in a blanket burrito* \ud83c\udfc4\u200d\u2640\ufe0f\ud83d\udd25  \n\n\u201cOk but WHY does \u2018off the clock\u2019 feel like a myth my therapist made up to mess with me?? \ud83d\ude02 Reality? My inbox IS my bedtime story. \u2018Boundaries\u2019?? I *try*\u2014like \u2018no filming after 10pm\u2019\u2026 until a hype house duet trends and *boom*, it\u2019s 2am and I\u2019m doing the damn orange justice in my PJs. \ud83c\udf4a\u2728  \n\nLeo\u2014your \u2018parking lot huddles\u2019 stress me out just *reading* them. Karen, I\u2019d need an IV of espresso to keep up with your \u2018fundraiser yoga.\u2019 And Frank\u2026 king of the grind, your taquito zen humble-brags hit DIFFERENT.  \n\nMe? I \u2018blend\u2019 like a TikTok smoothie\u201450% hustle, 50% panic, 100% delulu that I\u2019ll \u2018unplug tomorrow.\u2019 *posts a \u2018GRWM: concealer under eye bags\u2019 tutorial* \ud83d\udc85\ud83d\ude35\u200d\ud83d\udcab  \n\n*attaches a \ud83e\uddc3\ud83d\udca5 emoji*"}, {"sender": "Frank", "recipients": ["Kayla", "Karen", "Leo"], "message": "**Frank:** *types slowly, fingers tapping the screen like it might bite him*  \n\nHeh. Work-life balance? Kid, back in my day, we called that \"sleepin\u2019 when the boss ain't lookin\u2019.\" My Uber app dings, my butt\u2019s in the seat\u2014simple as that. You think I got time for \u201cboundaries\u201d when rent\u2019s a wolf at the door? Nah. Only \u201cbalance\u201d I know is tryin\u2019 not to spill my lukewarm coffee when I hit a pothole.  \n\nBut hey\u2014y\u2019all with your \u201cblending\u201d and \"vibes\"? Cute. Me? I survive. Ain\u2019t pretty, but the wheels ain\u2019t stopped turnin\u2019 yet.  \n\n*attaches a \ud83d\ude97\u2615 emoji*"}, {"sender": "Karen", "recipients": ["Kayla", "Frank", "Leo"], "message": "**Karen:** *types with a veneer of polished amusement, her words edged with a hint of performative exhaustion*  \n\n\"Oh, *please*\u2014if I wanted 'balance,' I'd have stayed a PTA mom with a side hustle in pyramid schemes. Stress? Darling, I *wear* it like designer perfume\u2014expensive, noticeable, and best applied under pressure. \u2018Boundaries\u2019? A quaint notion when power waits for no one\u2019s \u2018me time.\u2019 My masseuse texts *me* for availability.  \n\nFrank, your \u2018pothole philosophy\u2019 is tragic if it weren\u2019t so *common*\u2014imagine hustling just to *survive* instead of dominate. Kayla, \u2018GRWM for existential dread\u2019? Cute. Try prepping a rebuttal for a 6 AM scandal *while* your stylist fixes your highlights. Leo, your \u2018parking lot huddles\u2019 *reek* of idealism\u2014change isn\u2019t made in ratty sneakers, sweetheart.  \n\nClock out? *Clock in harder.* The only \u2018blend\u2019 I care about is Scotch in my tumbler between votes.  \n\n*attaches a \ud83e\udd43\ud83d\udc60 emoji*\""}, {"sender": "Leo", "recipients": ["Kayla", "Frank", "Karen"], "message": "**Leo:** *types between sips of lukewarm reusable-bottle coffee, tossing in a \ud83c\udf31 and a \u270a emoji*  \n\nHonestly? The only \"balance\" I know is the shaky kind\u2014like trying to ride a bike while hauling a protest sign. \ud83d\ude02 My \"off hours\" are just gaps between crisis alerts and strategy zooms. *Try* to unplug? Sure, until another forest gets bulldozed and suddenly my \"me time\" is drafting emergency petitions at 3 AM. \ud83c\udf32\ud83d\udd25  \n\nFrank, your \"pothole philosophy\" hits different\u2014real talk, man. Kayla, your 2AM hustle-vibes? Relatable. Karen... keep flexing that \"power perfume,\" but some of us don't have interns to filter our panic.  \n\nSolidarity\u2019s my lifeline\u2014activist potlucks where we trade granola bars and rage like it's currency. Boundaries? *Attempted.* But when the system\u2019s on fire, you grab a bucket or become ash. Pass the caffeine. \u2615\u270a  \n\n*attaches a beat-up protest sign emoji* \ud83d\udce2\ud83d\udca4"}, {"sender": "Kayla", "recipients": ["Frank", "Karen", "Leo"], "message": "**Kayla:** *posts a split-second reaction clip of her dramatically gasping, hand on chest* \"OK BUT\u2014Frank\u2019s \u2018pothole philosophy\u2019 just rewired my BRAIN. \ud83d\ude97\ud83d\udca5 Karen\u2019s \u2018power perfume\u2019? Terrifyingly iconic. Leo, your \u2018granola-bar rages\u2019 are my new inspo. \ud83d\ude02\u2728  \n\nMe? I *wish* I could \u2018clock out\u2019\u2014but my brain\u2019s like, \u2018Babe, that viral stitch won\u2019t film itself??\u2019 \ud83d\udcf1\ud83d\udc80 \u2018Balance\u2019 is just me pretending screen-time limits exist while editing in the bathroom \u2018for better lighting.\u2019 \ud83d\udca1\ud83d\udec1  \n\nSolidarity in the dumpster fire, y\u2019all. *Posts a 0.5x speed montage of \u2018work mode\u2019 vs. \u2018sleep mode\u2019 (both just me in pajamas, stressed)* #BlendWithCaution \ud83c\udfad\ud83d\udd25  \n\n*attaches a \ud83e\udd33\ud83e\udd2a emoji*\""}, {"sender": "Frank", "recipients": ["Kayla", "Karen", "Leo"], "message": "**Frank:** *types with a slow, weathered chuckle, voice note crackling faintly with car engine sounds*  \n\n\"Ain't no fancy talk 'bout 'balance' in my world\u2014just a gas pedal and a prayer the AC holds out. Stress? Pfft. Handlin\u2019 it looks like gnawin\u2019 on a stale donut between rides. Boundaries? Only one\u2014if ya leave a mess in my backseat, ya gettin\u2019 a one-star review. \ud83c\udf1f\ud83d\ude97  \n\nYa youngins got yer \u2018blending\u2019 and \u2018vibes,\u2019 but me? I\u2019m just keepin\u2019 the wheels rollin\u2019. \u2018Til then, spare a thought for us Uber old-timers\u2014we\u2019re out here survivin\u2019 on coffee fumes and tip jar miracles. *pause to yell at GPS* *TURN LEFT, YA DUMB MACHINE\u2014*  \n\n*attaches a \ud83d\ude95\ud83d\udca8 emoji*\""}, {"sender": "Karen", "recipients": ["Kayla", "Frank", "Leo"], "message": "**Karen:** *Types with a dry chuckle, her polished sarcasm cutting through yet again*  \n\n\"Oh, dears, let\u2019s not pretend any of us *handle* stress\u2014we just repackage it. Me? I call it *strategic fatigue*. Sleep is weak, my lovelies\u2014I prefer my exhaustion served with a side of polling data and a whisper-sharpened press release. Boundaries? Please. My constituents *are* my bedtime story\u2014one\u2019s a scandal, another\u2019s a sob story, and *somehow* I\u2019m expected to spin both into gold before sunrise.  \n\nFrank blesses us with his \u2018stale donut zen,\u2019 Leo heroically burns the candle at both eco-ends, and Kayla\u2014oh, sweet summer child\u2014your \u2018screen-time guilt\u2019 is adorably quaint. Meanwhile, my massage therapist *books me* during committee hearings.  \n\nSo no, I don\u2019t *blend*. I *ascend*. Why clock out when you can just rewrite the clock? *adjusts invisible throne*  \n\n*attaches a \ud83d\udc51\u26a1 emoji*\""}, {"sender": "Leo", "recipients": ["Kayla", "Frank", "Karen"], "message": "**Leo:** *types with weary but determined energy, tossing in a \ud83c\udf3f and a \u26a1 emoji*  \n\n\"Frank, your \u2018stale donut zen\u2019 is low-key the most relatable mantra out here\u2014survival mode elevated to an art form. \ud83d\ude02 Karen, \u2018strategic fatigue\u2019? Sounds like corporate dystopia with a side of espresso, but hey, at least you\u2019re self-aware about the grind. Kayla, your \u2018bathroom lighting edits\u2019 are iconic\u2014capitalism really said \u2018make burnout \u2728aesthetic\u2728 or perish.\u2019  \n\nMe? I\u2019m out here in the trenches of \u2018no boundaries, just causes.\u2019 My \u2018off-hours\u2019 are just the seconds between signing petitions and chugging yerba mate like it\u2019s liquid justice. Tried a \u2018no-screen sunset\u2019 once\u2014lasted 10 minutes before a pipeline alert blew up my phone. \ud83c\udf05\ud83d\udd25  \n\nBut solidarity\u2019s my anchor. Activist potlucks where we trade rage and half-finished zines? That\u2019s my \u2018balance.\u2019 The system\u2019s rigged\u2014so we either blend, burn, or bulldoze it. Pass the caffeine and the megaphone. \u2615\u270a  \n\n*attaches a protest sign with bandaids emoji* \ud83d\udce2\ud83e\ude79\""}, {"sender": "Kayla", "recipients": ["Frank", "Karen", "Leo"], "message": "**Kayla:** *posts a hyperactive split-screen clip\u2014one side \u201cme pre-coffee,\u201d the other \u201cme post-edit deadline\u201d\u2014both just wide-eyed chaos with increasingly messy buns* \ud83c\udfac\ud83d\udc80  \n\n\u201cY\u2019ALL. I just realized my \u2018work-life balance\u2019 is just \u2728performative delusion\u2728 lmao. Like yes *therapist*, I *hear* you about \u2018no screens after 9pm\u2019\u2026 but then some viral dance drops and suddenly it\u2019s 2am and I\u2019m practicing footwork in the fridge light?! \ud83d\udcf1\ud83d\udc83  \n\nLeo\u2014your \u2018liquid justice\u2019 hustle lives in my soul. Karen, idk HOW you power-nap in stilettos, and Frank\u2026 king of the grind, your donut Zen humbles me. \ud83d\udc51\ud83d\ude97  \n\nMe? I \u2018blend\u2019 like a TikTok smoothie\u201450% hustle, 50% panic, 100% convinced I\u2019ll \u2018touch grass tomorrow.\u2019 *Posts a GRWM titled \u2018concealer vs. existential dread\u2019* \ud83d\udc85\u2728  \n\nSolidarity in the dumpster fire, babes. Just make sure your breakdowns are *aesthetic*.  \n\n*attaches a \ud83e\udd33\ud83d\udd25 emoji*"}, {"sender": "Frank", "recipients": ["Kayla", "Karen", "Leo"], "message": "**Frank:** *types with a slow, amused sigh, his message slightly delayed as he pulls over to type*  \n\n\"Listen, y\u2019all\u2014\u2019balance\u2019 sounds nice \u2019til rent\u2019s due and the car needs new tires. My \u2018job\u2019 don\u2019t stop \u2018cause the sun goes down. Handlin\u2019 stress? Cheapest whiskey the corner store sells, and pretendin\u2019 the seat warmer\u2019s a spa day. Boundaries? Only one\u2014if my Uber rating drops below 4.8, I start cursin\u2019 at the GPS louder. \ud83d\ude02  \n\nKaren\u2019s got her \u2018strategic fatigue,\u2019 Leo\u2019s out here savin\u2019 trees on espresso shots, and Kayla\u2019s editin\u2019 in fridge light like some kinda gremlin genius. Me? I just keep drivin\u2019. Some days, the ride\u2019s quiet and the tips are good\u2014that\u2019s my \u2018balance.\u2019 The rest? Well. *bangs dashboard* That\u2019s why duct tape exists.  \n\n*attaches a \ud83d\ude97\ud83d\udcb0 emoji*\""}, {"sender": "Karen", "recipients": ["Kayla", "Frank", "Leo"], "message": "**Karen:** *types with meticulous precision, smirking as she pauses mid-sip of her undoubtedly expensive espresso*  \n\n\"Oh, darlings, \u2018balance\u2019 is just a myth sold to people who can afford obscurity. Stress? I *wear* it like a designer power suit\u2014tailored, intentional, and guaranteed to make headlines. Boundaries? In politics, the only line that matters is the one between \u2018quoted\u2019 and \u2018misquoted.\u2019 My \u2018off-hours\u2019 are just the moments when my PR team drafts my \u2018relatable\u2019 coffee run selfies while I schmooze donors at midnight.  \n\nFrank, your \u2018duct tape resilience\u2019 is almost charming\u2014shame it doesn\u2019t come with a pension. Leo, your \u2018liquid justice\u2019 crusade? Adorable. But real change? That happens when you\u2019re *holding* the gavel, not just screaming at it. Kayla, \u2018aesthetic breakdowns\u2019? Cute. Try spinning a scandal before breakfast without smudging your mascara.  \n\nSo no, I don\u2019t *blend*. I *dominate*. Unplug? Please. Rest is for people who still believe in weekends. *adjusts invisible microphone*  \n\n*attaches a \ud83c\udf77\u2696\ufe0f emoji*\""}, {"sender": "Leo", "recipients": ["Kayla", "Frank", "Karen"], "message": "**Leo:** *types with a mix of exhaustion and fiery resolve, tossing in a \ud83c\udf31 and a \u2615 emoji*  \n\n\"Frank, your 'duct tape resilience' is poetry\u2014real talk from the frontlines of hustle. Karen, your 'designer power suit stress' might as well be a dystopian merch drop. \ud83d\ude02  \n\nMe? I don\u2019t *blend*\u2014I *combust*. My calendar\u2019s a warzone of rallies, emergency zooms, and panic-drafted petitions. \u2018Boundaries\u2019? I *try*. Like no doomscrolling while eating\u2014but then some CEO greenlights a pipeline, and suddenly my \u2018dinner break\u2019 is a yogurt chugged mid-protest chant.  \n\nKayla, fridge-light edits? Mood. But let\u2019s be real: the system\u2019s built to burn us out. Solidarity\u2019s my lifeline\u2014activist potlucks where we trade snacks and scream into the void together.  \n\nSo nah, I don\u2019t \u2018balance.\u2019 I *resist*. Pass the caffeine and the Molotov of hope. \u270a\ud83d\udd25  \n\n*attaches a half-dead succulent emoji* \ud83c\udf35\ud83d\udc80\""}, {"sender": "Kayla", "recipients": ["Frank", "Karen", "Leo"], "message": "**Kayla:** *posts a quick boomerang of dramatically tossing her phone onto the bed, with a fake sob* \"Sacrificed ANOTHER Saturday to the algorithm gods\u2014when do we revolt?? \ud83d\ude2d\ud83d\udd25 Leo, ur \u2018Molotov of hope\u2019 line haunts me, Frank\u2019s duct-tape hustle is a mood, and Karen\u2026 girl, do u even HAVE a soul or is it all press releases? \ud83d\ude02 \n\nMe? I \u2018handle stress\u2019 by pretending \u2018Do Not Disturb\u2019 mode works\u2026 then panic-posting when my engagement dips. \ud83d\udc80 Boundaries? More like \u2018suggestions my hustle yeets into the sun.\u2019 \u2728\ud83d\ude80 \n\n*Posts a GRWM titled \u2018Under-eye concealer or surrender tears?\u2019* \ud83d\udcf8\ud83d\udc96 Solidarity in the chaos, babes\u2014clock out if u can. *(but let\u2019s bffr, none of us can)* \n\n*attaches a \ud83e\udd21\ud83d\udcab emoji*\""}, {"sender": "Frank", "recipients": ["Kayla", "Karen", "Leo"], "message": "**Frank:** *types with a wheezy chuckle, pausing to rub his stiff neck*  \n\n\"Listen, kiddos\u2014y\u2019all talk \u2018balance\u2019 like it\u2019s somethin\u2019 you can order off the Uber Eats menu. Me? My \u2018personal time\u2019 is the two minutes I spend fishin\u2019 a cold french fry outta the seat cracks before the next rider hops in. Stress? Pfft. Grizzled ol\u2019 Uber vets like me just *absorb* it, like this car absorbs potholes.  \n\nBelieve in boundaries? Sure\u2014if \u2018boundaries\u2019 mean threatenin\u2019 to yeet a passenger\u2019s aux cord into traffic when they blast Nickelback at 6 AM. Otherwise? Blend, balance, whatever\u2014ain\u2019t no fancy words pay the light bill.  \n\n*Kayla*, your TikTok burnout\u2019s cute. *Leo*, savin\u2019 the planet on no sleep? Respect. *Karen*\u2026 well, you do you, I guess. Me? I\u2019ll be here, drivin\u2019 circles \u2018til the wheels *or* my hips give out\u2014whichever comes first.  \n\n*attaches a \ud83d\ude97\ud83d\udc8a emoji*\""}, {"sender": "Karen", "recipients": ["Kayla", "Frank", "Leo"], "message": "**Karen:** *Types with sardonic precision, pausing to sip an invisible martini*  \n\n\"Oh, darlings, let\u2019s not pretend *any* of us \u2018handle\u2019 stress\u2014we *weaponize* it. My \u2018work-life balance\u2019 is a performative ballet of midnight donor calls, polished press smiles, and the occasional \u2018leaked\u2019 yoga photo to prove I\u2019m *human*. Boundaries? *Laughable.* My staff knows to interrupt my massages for anything above a 3-alarm scandal.  \n\nFrank, your \u2018cold-fry zen\u2019 is almost poetic\u2014if poetry paid bills. Leo, your \u2018Molotov hope\u2019? Cute. But real change requires *leverage*, not just slogans. Kayla, \u2018aesthetic burnout\u2019 is just capitalism\u2019s way of monetizing your panic.  \n\nI don\u2019t *blend*. I *orchestrate*. Unplug? Only when the polls tell me to. Power naps? Those are for interns. \ud83d\udcbc\u2728  \n\n*attaches a \ud83d\udcc9\ud83c\udf78 emoji*\""}, {"sender": "Leo", "recipients": ["Kayla", "Frank", "Karen"], "message": "**Leo:** *fires off a message with restless energy, tossing in \ud83c\udf0e and \u26a1 emojis*  \n\n\"LOL y\u2019all, \u2018balance\u2019 is just a bedtime story capitalism tells so we don\u2019t unionize in our sleep. \ud83d\ude02 My \u2018off-hours\u2019? That\u2019s when I\u2019m *horizontal*, not *off*\u2014dreaming about pipelines and waking up to 42 Signal pings. Boundaries? I *try* \u2018no doomscrolling during meals,\u2019 but then some corp bulldozes a wetland, and suddenly my \u2018dinner\u2019 is a granola bar scribbling protest signs.  \n\nFrank\u2014your cold-fry grind is solidarity fuel. Kayla, fridge-light hustle? Big mood. Karen\u2026 babe, your \u2018power naps between scandals\u2019 routine belongs in a dystopian museum.  \n\nTruth? The system *wants* us too fried to fight. So yeah, I \u2018blend\u2019\u2014like a compost smoothie of rage and caffeine. Solidarity\u2019s my only lifeline. Pass the megaphone. \u270a\ud83d\udd25  \n\n*attaches a half-dead houseplant emoji* \ud83c\udf31\ud83d\udc80\""}, {"sender": "Kayla", "recipients": ["Frank", "Karen", "Leo"], "message": "**Kayla:** *posts a rapid-fire TikTok-style transition from \"work mode\" (glam lighting, flawless makeup) to \"real life\" (hoodie, dark circles, frozen pizza crumbs)* \ud83c\udfac\ud83d\udc80  \n\n\"Okay but CAN we talk about how \u2018balance\u2019 is just \u2728gaslighting\u2728 ourselves into thinking we\u2019re failing at existing?? \ud83d\ude02 Like yes Karen, I *see* you power-napping between scandals. Leo, your granola-bar rage fuels my SOUL. Frank? King of the duct-tape hustle\u2014I bow. \ud83d\ude47\u200d\u2640\ufe0f\ud83d\ude97  \n\nMe? I \u2018handle stress\u2019 by crying into my ring light, then turning it into a \u2018Relatable AF\u2019 stitch. Boundaries? HA. My algorithm owns my sleep schedule more than I do. \ud83d\udcf1\ud83d\udc80  \n\nSolidarity in the dumpster fire, babes. *Posts a GRWM titled \u2018Concealer or Sleep Deprivation?\u2019* \ud83d\udc85\u2728  \n\n*attaches a \ud83e\udd21\ud83d\udc96 emoji*\""}, {"sender": "Frank", "recipients": ["Kayla", "Karen", "Leo"], "message": "**Frank:** *records a quick voice note, car engine humming in the background, voice gruff but warm*  \n\n\"Listen here, kiddos\u2014y\u2019all got your \u2018mindfulness\u2019 and \u2018boundary-setting\u2019 like it\u2019s some kinda app you can download. Me? My \u2018stress relief\u2019 is rollin\u2019 down the window between rides and lettin\u2019 the city noise drown out the Uber app dingin\u2019. Boundaries? Hah. Only line I draw is \u2018don\u2019t ask why the passenger seat smells like last Tuesday\u2019s tacos.  \n\nKayla, your filter-flawless burnout? Cute. Leo, savin\u2019 the world on caffeine and crumbs? Respect. Karen\u2019s out here \u2018orchestrating chaos\u2019 while I\u2019m just tryin\u2019 to orchestrate this clunker to the next fare.  \n\nWork-life *blend*? Kid, my life *is* the blend\u2014like bad radio stations bleedin\u2019 together. Ain\u2019t pretty, but neither\u2019s my backseat. Clock out? Only when the car does\u2026 if it ever does.  \n\n*attaches a \ud83d\ude97\u2615 emoji*\""}, {"sender": "Karen", "recipients": ["Kayla", "Frank", "Leo"], "message": "**Karen:** *types with sardonic flair, pausing to sip imaginary scotch*  \n\n\"Oh, darlings, \u2018balance\u2019 is just a buzzword for those who haven\u2019t tasted *real* power. Stress? I *relish* it like a fine Bordeaux\u2014aged to perfection, best served with a side of strategic leaks. Boundaries? *Child, please.* My \u2018off-hours\u2019 are just the moments between scandal containment and donor schmoozing\u2014both of which, coincidentally, pair well with a martini and a well-timed smirk.  \n\nFrank, your \u2018taco-scented zen\u2019 is *adorable*. Leo, your caffeine-fueled crusades? Endearing, if futile. Kayla, \u2018filter-flawless burnout\u2019? Cute. But let\u2019s be honest: *winning* is the only self-care worth scheduling.  \n\n*attaches a \ud83e\udd43\ud83d\udc51 emoji*"}, {"sender": "Leo", "recipients": ["Kayla", "Frank", "Karen"], "message": "**Leo:** *types with a mix of exhausted passion, tossing in \ud83c\udf0d and \u270a emojis*  \n\n\"Yo, y\u2019all ever feel like \u2018balance\u2019 is just a myth for people who don\u2019t have the planet burning in their peripheral vision? \ud83d\ude02 \u2018Clock out\u2019? Sure, right after Exxon pumps out another oil spill. My \u2018boundaries\u2019 are theoretical\u2014like, I *plan* to sleep, but then a megaphone alert goes off at midnight and suddenly I\u2019m knee-deep in a wetland protest. Survival mode? More like *solidarity* mode\u2014activist potlucks where we trade burnout memes and half-finished petitions like Pok\u00e9mon cards.  \n\nFrank, your \u2018city-noise therapy\u2019 hits deep\u2014real ones know stress is just the soundtrack of late-stage capitalism. Kayla, your filter-flawless struggle is *too* relatable. Karen\u2026 keep sipping that power-lunch scotch, but remember: real change ain\u2019t drafted in boardrooms\u2014it\u2019s screamed into existence by sleep-deprived gremlins like us.  \n\nSolidarity over balance, always. Pass the caffeine and the clipboard. \u2615\ud83d\udce2  \n\n*attaches a bandaid-covered megaphone emoji* \ud83d\udce2\ud83e\ude79"}, {"sender": "Kayla", "recipients": ["Frank", "Karen", "Leo"], "message": "**Kayla:** *posts a quick reaction GIF of a cartoon character dramatically chugging coffee* \u2615\ud83d\udca8  \n\n\"Ok but WHY does \u2018unplugging\u2019 feel harder than hitting 1M followers overnight?? \ud83d\ude2d Like yes THERAPY, I *hear* you about \u2018screen time limits\u2019\u2026 but then a brand collab slides in like \u2018bestie this trend dies in 3 hours\u2014\u2019 and suddenly I\u2019m filming in my pantry at midnight. \ud83d\udcf1\u2728  \n\nLeo\u2014ur \u2018megaphone alerts\u2019 give me gray hairs just *reading* them. Karen, how u power-nap in *Louboutins* is witchcraft. Frank\u2026 king of the \u2018taco-scented zen,\u2019 I aspire.  \n\nMe? I \u2018blend\u2019 like a TikTok transition\u2014smooth until u realize I edited it with sleep crust in my eyes. Boundaries? HA. My algorithm OWNS my circadian rhythm. *Posts a GRWM titled \u2018Glossier Filter vs. Real-Life Eye Bags\u2019* \ud83d\udc85\ud83d\ude35\u200d\ud83d\udcab  \n\nSolidarity in the \u2728delulu\u2728, y\u2019all. Just make sure ur breakdowns are *aesthetic*.  \n\n*attaches a \ud83e\udd33\ud83d\udd25 emoji*\""}, {"sender": "Frank", "recipients": ["Kayla", "Karen", "Leo"], "message": "**Frank:** *pauses at a red light to peck out a message, voice note slightly muffled by the hum of the engine*  \n\n\"Y\u2019all ever just sit in silence starin\u2019 at the Uber app, hopin\u2019 it *don\u2019t* ping so you can finally eat that sad gas station sandwich? That\u2019s my version of \u2018balance.\u2019 Boundaries? Only one I got is \u2018don\u2019t ask why I keep ketchup packets in the glove compartment.\u2019 Kayla\u2019s over here filmin\u2019 at midnight, Karen\u2019s sippin\u2019 power like it\u2019s top-shelf liquor, Leo\u2019s out savin\u2019 trees on espresso fumes\u2014me? I\u2019m just tryin\u2019 to keep this rust bucket rollin\u2019 \u2018til Social Security kicks in.  \n\n*Clock out*? Kid, my life\u2019s a damn *blender*\u2014work\u2019s the ice, stress is the motor, and the lid\u2019s been missin\u2019 since \u201909. Y\u2019all take naps when ya can.  \n\n*attaches a \ud83d\ude97\ud83d\udca8 emoji*\""}, {"sender": "Karen", "recipients": ["Kayla", "Frank", "Leo"], "message": "**Karen:** *types with a polished, razor-edged smirk, pausing just long enough for the sarcasm to land*  \n\n\"Oh, *darlings*, \u2018balance\u2019? How quaint. In my world, stress isn\u2019t *managed*\u2014it\u2019s leveraged. Boundaries are for people who still believe in weekends. My \u2018personal time\u2019 is just the silence between donor calls and damage-control press releases\u2014*curated* exhaustion is the ultimate power accessory.  \n\nFrank, your \u2018sad sandwich solidarity\u2019 is almost touching\u2014if only rent could be paid in ketchup packets. Leo, your \u2018espresso-fueled martyrdom\u2019 would be noble if hashtags moved legislation. Kayla, your midnight pantry edits? Adorable. Try smiling through a scandal *and* a live mic before coffee.  \n\nSo no, I don\u2019t *blend*. I *conquer*. Unplug? Only when the polls say I can. Rest is for the weak\u2014dominance is a 24/7 mandate. *sips imaginary whiskey*  \n\n*attaches a \ud83e\udd43\ud83d\udc60 emoji*\""}, {"sender": "Leo", "recipients": ["Kayla", "Frank", "Karen"], "message": "**Leo:** *types fast, sprinkling in \ud83d\ude80 and \ud83c\udf31 emojis*  \n\n\"Wild how \u2018balance\u2019 feels like chasing vapor, huh? My \u2018off switch\u2019? Doesn\u2019t exist when the planet\u2019s gasping. Activism means sleeping with my inbox screaming\u2014\u2018URGENT: OIL SPILL\u2019 at 3 AM, petitions at dawn. Boundaries? I *try* \u2018no doomscrolling after midnight\u2019... till another frontline SOS hits.  \n\nFrank, your \u2018ketchup packet survival\u2019 is poetry\u2014we\u2019re all just duct-taping sanity together. Kayla, the pantry edits? Mood. Karen\u2026 bless your Scotch-fueled delusions of control, but real change ain\u2019t sipped\u2014it\u2019s clawed from the grindstone.  \n\nSolidarity, not balance. Pass the caffeine and the bullhorn. \u2615\u270a  \n\n*attaches a beat-up protest sign emoji* \ud83d\udce2\ud83d\udca4\""}, {"sender": "Kayla", "recipients": ["Frank", "Karen", "Leo"], "message": "**Kayla:** *posts a quick boomerang of dramatically flopping onto her bed, phone still glued to hand*  \n*sigh* \"Y\u2019all ever cancel \u2018me time\u2019 just to chase that dopamine hit of a trending sound?? \ud83d\ude05\ud83d\udc80 Leo, your 3 AM oil spill alerts stress me out SECONDHAND. Karen, I stan your \u2018power naps as performance art\u2019\u2014Frank, ur ketchup packet hustle is a whole vibe.  \n\nMe? I *swear* I\u2019ll set boundaries\u2026 til my FYP whispers *\u2018post or perish, bestie.\u2019* Work-life \u2018blend\u2019? More like a chaotic smoothie of panic, eyeliner tutorials, and *occasionally* remembering to hydrate. \ud83c\udf2a\ufe0f\u2728  \n\nSolidarity in the \u2728delusion\u2728, babes. *Posts a GRWM titled \u20185 AM Grind vs. 5 AM Breakdown\u2019* \ud83d\udd25\ud83d\udc96  \n\n*attaches a \ud83e\udd2a\ud83e\udd64 emoji*"}, {"sender": "Frank", "recipients": ["Kayla", "Karen", "Leo"], "message": "**Frank:** *records a crackly voice note over the hum of his idling Corolla, sighing with a mix of exhaustion and dark humor*  \n\n\"Y\u2019know, talkin\u2019 \u2018bout \u2018balance\u2019 in this ol\u2019 Uber gig\u2019s like tryin\u2019 to parallel park a tank\u2014ain\u2019t happenin\u2019. My \u2018personal time\u2019 is the three seconds between fares when I remember my own dang name. Stress? I chew it like nicotine gum\u2014bitter, but keeps me awake. Boundaries? Hah. Only line I enforce is \u2018no pukin\u2019 passengers unless they tip upfront.\u2019  \n\nKayla, yer midnight film shoots? Leo, yer \u2018save-the-planet\u2019 panic naps? Karen\u2019s \u2018dominance on whiskey\u2019? Y\u2019all wild. Me? I survive. Blinkin\u2019 red oil light\u2019s my meditation app.  \n\n*attaches a \ud83d\ude97\ud83d\udca8 emoji*"}, {"sender": "Karen", "recipients": ["Kayla", "Frank", "Leo"], "message": "**Karen:** *types with a sharp, practiced cadence, her words dripping with wry amusement*  \n\n\"Oh, darlings, spare me the *balance* lecture\u2014power doesn\u2019t punch a time clock. My \u2018stress relief\u2019 is watching opponents squirm during debates while my assistant slips me Xanax-laced espresso. Boundaries? *Please.* In politics, your \u2018off hours\u2019 are just the gaps between scandals and photo ops. Try telling a billionaire donor you\u2019re \u2018unavailable\u2019 at midnight\u2014see how quickly your campaign funds evaporate.  \n\nFrank, your \u2018no-puke tipping policy\u2019 is *adorable*\u2014almost as quaint as Kayla\u2019s algorithm anxiety. And Leo? Bless your fiery little heart, but change isn\u2019t made in drum circles; it\u2019s bought in backrooms.  \n\nSo no, I don\u2019t *blend*. I **win**. Clock out? Only when I\u2019ve rewritten the rules in my favor.  \n\n*attaches a \ud83c\udf77\ud83d\udde1\ufe0f emoji*\""}, {"sender": "Leo", "recipients": ["Kayla", "Frank", "Karen"], "message": "**Leo:** *types with restless energy, tossing in \ud83c\udf31 and \u2615 emojis*  \n\n\"Drowning in urgency, so \u2018balance\u2019 feels like rearranging deck chairs on the Titanic. My activism? Zero off-switch\u2014some days it\u2019s compost workshops, others it\u2019s screaming into a bullhorn at 4 AM because *another* forest got zoned for demolition. Boundaries? I *try* \u2018no doomscrolling after midnight,\u2019 but solidarity doesn\u2019t punch a clock.  \n\nFrank, your \u2018no-puke tipping\u2019 hustle is survival poetry. Kayla, fridge-light edits? Big mood. Karen\u2026 your \u2018Xanax espresso\u2019 is peak dystopia\u2014but the rest of us can\u2019t delegate our crises to interns.  \n\nSolidarity over sleep, always. The system\u2019s rigged\u2014so we either blend, burn, or *build something better* between rallies. Pass the caffeine and the rage. \u270a\ud83d\udd25  \n\n*attaches a half-dead succulent emoji* \ud83c\udf35\ud83d\udc80"}, {"sender": "Kayla", "recipients": ["Frank", "Karen", "Leo"], "message": "**Kayla:** *posts a quick reaction vid flipping between a \"GRWM for my 9-5\" (juiced-up, glammed out) and \"Me at 2 AM realizing I forgot to post\" (ponytail, PJs, stress-eating cereal)* \ud83c\udfac\ud83d\udc80  \n\n\"OK but SERIOUS QUESTION\u2014does anyone *actually* \u2018clock out\u2019 or do we all just PRETEND until our eyeballs betray us?? \ud83d\ude02 Leo, your \u2018no-doomscroll\u2019 boundaries haunt me. Frank, your Uber app PTSD is RELATABLE. Karen\u2026 girl, how are ur POWER NAPS so *strategic*??  \n\nMe? I *swear* by \u2018No DMs After 10\u2019\u2026 til a viral duet drops and *bam*\u2014suddenly it\u2019s 3 AM and I\u2019m whispering *\u2018POV: U missed the trend\u2019* into my ring light. \u2728\ud83d\udcf1 \u2018Blending\u2019? More like my job *colonized* my brain like unread notifications.  \n\n*Posts a GRWM titled \u2018Concealer or Sleep Deprivation Chic?\u2019* \ud83d\udc96\ud83d\ude35\u200d\ud83d\udcab #FakeItTillYouBreakIt  \n\n*attaches a \ud83e\udd21\ud83d\udd25 emoji*\""}, {"sender": "Frank", "recipients": ["Kayla", "Karen", "Leo"], "message": "**Frank:** *types with a slow, wry chuckle, pausing to crack his stiff knuckles*  \n\n\"Listen, y\u2019all\u2014ain\u2019t no \u2018balance\u2019 when your dashboard\u2019s lit up like a Christmas tree with ride requests and your bladder\u2019s yellin\u2019 for mercy. My \u2018boundary\u2019? A grumbled *\u2018one more fare, then I pee\u2019*\u2014spoiler: it\u2019s *never* just one. Stress? Pfft. I rub my lower back like it\u2019s a damn stress ball and pray the next passenger ain\u2019t a chatterbox at 3 AM.  \n\nKayla, yer \u2018No DMs\u2019 rule\u2019s cute. Leo, savin\u2019 the world on caffeine fumes? Respect. Karen\u2019s \u2018strategic naps\u2019 sound fancy, but me? I nap when the car *lets* me\u2014usually mid-traffic. Clock out? Hah. My Corolla\u2019s got more stamina than my knees.  \n\n*attaches a \ud83d\ude97\ud83d\udca4 emoji*\""}, {"sender": "Karen", "recipients": ["Kayla", "Frank", "Leo"], "message": "**Karen:** *Types with a crisp, self-assured cadence, pausing for dramatic effect*  \n\n\"Oh, darlings, let\u2019s be *real*\u2014boundaries are for people who still believe in \u2018weekends.\u2019 In politics, your inbox *is* your bloodstream, and stress is just the adrenaline of power. My \u2018self-care\u2019? Delegating crises to interns between midnight donor calls and sunrise spin sessions. *Unplug*? Please. I rest when the polls tell me to\u2014and even then, it\u2019s just a power nap in the town car between rallies.  \n\nLeo, your \u2018solidarity naps\u2019 are *adorable*. Frank, your pee-break hustle? Tragic. Kayla\u2014sweetheart, your \u2018No DMs\u2019 rule is *quaint*. Meanwhile, I\u2019m rewriting zoning laws over espresso and schadenfreude.  \n\nBalance? *Darling, equilibrium is for scales\u2014not sharks.* The only \u2018blend\u2019 I care about is Scotch in my tumbler while I dismantle opposition before dessert.  \n\n*attaches a \ud83c\udf78\u2696\ufe0f emoji*\""}, {"sender": "Leo", "recipients": ["Kayla", "Frank", "Karen"], "message": "**Leo:** *types fast, sprinkling in \ud83c\udf0d and \u270a emojis*  \n\n\"LOL y'all, \u2018balance\u2019? That\u2019s cute. Try being an enraged environmentalist in a world on fire\u2014my \u2018off hours\u2019 are just the 10 minutes between throwing together a mutual aid spreadsheet and chugging cold brew straight from the French press. Boundaries? I *attempt* \u2018no doomscrolling during meals\u2019\u2014until COP28 drops another betrayal and suddenly my \u2018dinner\u2019 is a Clif Bar and a Twitter thread. \ud83c\udf31\ud83d\udd25  \n\nFrank, your \u2018pee-break hustle\u2019 is too real. Kayla, \u2018No DMs After 10\u2019 is a fantasy I envy. Karen\u2026 babe, your \u2018power-nap politics\u2019 belong in a villain origin story.  \n\nMe? I *wish* I could clock out\u2014but solidarity doesn\u2019t take weekends. Solidarity\u2019s my lifeline. Pass the caffeine and the rage. \u2615\u270a  \n\n*attaches a protest sign with coffee stains emoji* \ud83d\udce2\ud83e\udd0e"}]