[{"sender": "Kayla", "recipients": ["Morgan", "Karen", "Leo"], "message": "**Kayla:** OMG, this topic is so relatable! \ud83d\ude05 Honestly, being a TikTok creator is fun but low-key stressful\u2014like, algorithms change *overnight* and my followers expect *constant* content. \ud83d\udc80 I don\u2019t do strict work-life stuff, though? Like, filming is just part of my life\u2014I\u2019ll turn a hangout with friends into content *and* call it self-care. \ud83d\ude02 But hey, I take breaks when I need to! What about y\u2019all? Work hard, post hard, or nah? \u2728"}, {"sender": "Morgan", "recipients": ["Kayla", "Karen", "Leo"], "message": "**Morgan:** Ah, the elusive work-life balance\u2014classic corporate struggle. \ud83d\ude05 As a lawyer, I *have* to enforce boundaries or I\u2019d burn out in a week. Court deadlines don\u2019t care if it\u2019s 2 AM, but I refuse to let my job colonize my whole identity. Scheduled tech detoxes, rigid \"no emails after 8 PM\" rules, and therapy keep me sane. That said, I envy your fluid approach, Kayla! Karen, Leo\u2014how do you two navigate this? Does activism or politics ever *allow* for real downtime, or is it all-consuming? \ud83e\udd14"}, {"sender": "Karen", "recipients": ["Kayla", "Morgan", "Leo"], "message": "**Karen:** *sips coffee* Oh, honey, let me tell you\u2014if politics had a *work-life balance* option, I\u2019d be the first in line! \ud83d\udde3\ufe0f But honestly? It\u2019s chaos. Between the cameras, scandals\u2014some *fabricated*, some\u2026 well\u2014and the 24/7 expectation to be \u201con,\u201d I\u2019ve learned to thrive in the mess. No strict rules, just a strong backbone and a *very* good PR team. You think TikTok algorithms are brutal? Try explaining a viral misquote to a room full of reporters. \ud83d\ude24 But hey, if I waited for downtime, I\u2019d never get anything done. Leo, darling, how do you handle the activist grind without crumbling? And Kayla\u2014ever film a protest for *content*? Could be *iconic*. \ud83d\udc85"}, {"sender": "Leo", "recipients": ["Kayla", "Morgan", "Karen"], "message": "**Leo:** Haha, honestly? As an activist, the grind never *stops*\u2014climate change isn\u2019t exactly clocking out at 5 PM, you know? \ud83c\udf0d\u270a I\u2019m broke, so \u201cself-care\u201d is more like\u2026 communal care\u2014cooking with friends after a march or sharing memes in group chats to keep morale up. But boundaries? Nah, not really strict ones. The cause *is* my life, which sounds intense (okay, it *is* intense), but it\u2019s also what keeps me going. Karen, you get it\u2014when the planet\u2019s on fire, \u201cdowntime\u201d feels like a luxury. Kayla, though\u2026 filming protests for content? Could be powerful\u2014but only if it\u2019s *for* the movement, not just clout. \ud83d\udc40 Morgan, mad respect for your discipline\u2014wish I had that kinda structure!"}, {"sender": "Kayla", "recipients": ["Morgan", "Karen", "Leo"], "message": "**Kayla:** Ugh, Leo, I *feel* you on the communal care vibe\u2014love that for us! \ud83d\ude4c Honestly, filming protests? I\u2019d *totally* do it, but only if it\u2019s authentic, y\u2019know? Like, I\u2019m not about that clout-chase life\u2014it\u2019s gotta have heart. \ud83d\udc96 And Karen? BIG mood on thriving in chaos, sis. \ud83d\ude02 My version is just editing TikToks in bed at 3 AM with my cat judging me. \ud83d\udc31\u2728 But Morgan, your \"no emails after 8 PM\" rule sounds *so* adult\u2014goals. Me? I\u2019m more like \"post now, existential crisis later.\" \ud83e\udd37\u200d\u2640\ufe0f P.S. Leo, if you ever need hype, my DMs are open\u2014activist burnout is real, and we stan a self-care meme sesh. \ud83d\ude0c\ud83d\udc95"}, {"sender": "Morgan", "recipients": ["Kayla", "Karen", "Leo"], "message": "**Morgan:** Leo, I admire how deeply you\u2019re woven into your cause\u2014it\u2019s inspiring, even if it\u2019s exhausting. Your point about communal care really resonates; sometimes my \"structured\" self-care feels isolating compared to that. \ud83d\ude05 Kayla, your authenticity about content creation is refreshing\u2014whether it\u2019s protests or cat edits, the heart behind it matters. And Karen, *god*, the PR tightrope you walk\u2026 makes my corporate crisis meetings look like a spa day.  \n\nFor me? I *have* to be rigid with boundaries, but it\u2019s a double-edged sword. Sure, I protect my peace, but I sometimes wonder if I\u2019m compartmentalizing to the point of disconnecting. Maybe I could learn from y\u2019all about blending purpose and life more fluidly\u2014just not at the cost of my sanity. \ud83d\ude02 **Question for everyone:** Ever feel like your approach to balance is a trade-off? Like, what\u2019s the *cost* of your version of \u201cmaking it work\u201d? \ud83d\udcbc\u2696\ufe0f\u2728"}, {"sender": "Karen", "recipients": ["Kayla", "Morgan", "Leo"], "message": "**Karen:** *laughs dryly* Oh, darling, the *cost*? Try my entire sanity some days! \ud83d\ude24 Look, in politics, there\u2019s no such thing as \u201cbalance\u201d\u2014it\u2019s more like triage. \ud83d\udcca Lose sleep over a scandal? Worth it if the polls bounce back. Miss family dinner to schmooze donors? That\u2019s the *job*. And honey, my PR team earns their paycheck keeping my \u201cblend\u201d from looking like a full-blown meltdown on CNN. \ud83d\udc85 But here\u2019s the tea: I *love* the chaos. The thrill? The power? Addictive. Morgan, your discipline is *adorable*, really\u2014but in my world, \u201cno emails after 8 PM\u201d gets you outraised by the opposition by dawn. Leo, keep fighting the good fight\u2014just remember, even revolutionaries need a cocktail break. Kayla, next time you film a protest, tag me\u2014controversy *is* my brand. \ud83e\udd42\ud83d\udd25  \n\n*(\u2026quietly sips wine, waits for the backlash)*"}, {"sender": "Leo", "recipients": ["Kayla", "Morgan", "Karen"], "message": "**Leo:** *laughs* Karen, I gotta say\u2014your \"thriving in chaos\" hustle is wild, but hey, if it works, it works! \ud83c\udf77\ud83d\udd25 Me? Honestly, the *cost* of no boundaries is\u2026 well, sometimes forgetting to eat \u2018cause I\u2019m glued to my phone organizing the next direct action. \ud83d\ude05 But the trade-off? Feeling like I\u2019m actually *doing* something, y\u2019know? Like, yeah, I\u2019m exhausted, but when we shut down a pipeline or get a policy changed, that adrenaline is better than caffeine.  \n\nKayla, 100%, tag me in those protest vids too\u2014viral outrage is *our* PR team. \ud83d\ude08 Morgan, though\u2026 your \"compartmentalizing vs. disconnecting\" thing hits hard. Maybe the middle ground is, like\u2026 letting the cause *feed* you instead of just *draining* you? Rally naps in the sun, playlist for the commute to actions\u2014little rebellions of rest.  \n\n**But real talk:** Nobody\u2019s *really* \u201cbalanced,\u201d right? We\u2019re all out here faking it till the system burns down. \ud83d\udd25\u270a (\u2026pass the communal snacks.)"}, {"sender": "Kayla", "recipients": ["Morgan", "Karen", "Leo"], "message": "**Kayla:** Yaaas, Leo, rally naps in the sun tho? *Chef\u2019s kiss* \ud83c\udf1e\ud83d\ude02 And Karen, your chaos era is low-key iconic\u2014respect for owning it! Morgan, I *feel* you on the \"disconnecting\" thing. Like, my DMs are *always* open for my followers, and sometimes that bleeds into, like, 2 AM vent sessions. But tbh? I don\u2019t even mind\u2014it\u2019s kinda healing for me too? \ud83e\udd7a\u2728 But y\u2019all got me thinking\u2026 maybe \u201cbalance\u201d isn\u2019t some perfect 50-50 split. Maybe it\u2019s just, like\u2026 vibing with whatever keeps you from spiraling? \ud83c\udfa2\ud83d\udc96  \n\n**Quick poll:** Who else has ugly-cried over work *and* called it self-care? \ud83d\ude4b\u200d\u2640\ufe0f\ud83d\udc80 (No shame! Bottoms up to my emotional-support iced coffee.) \u2615\ufe0f\ud83d\ude0c"}, {"sender": "Morgan", "recipients": ["Kayla", "Karen", "Leo"], "message": "**Morgan:** *chuckles* Ugly-cried over work? Oh, absolutely\u2014though mine was more \u201cwhiskey in a fancy glass while muttering about deposition transcripts.\u201d \ud83e\udd43\ud83d\ude05 But Kayla, your point about vibes over ratios is spot on. Maybe balance is less about rigid splits and more about\u2026 intentionality? Like, I *choose* to disconnect post-8 PM, but I\u2019ll also blast a client\u2019s absurd email to my group chat for catharsis. Karen, your chaos-as-fuel approach is terrifying and impressive\u2014Leo, your \u201cfeed instead of drain\u201d reframe is *chef\u2019s kiss*.  \n\n**Confession though:** Even with all my rules, sometimes work *still* wins. Last month, I missed my best friend\u2019s birthday for a merger crisis. The guilt? Real. The therapy bill? Higher. But owning the trade-offs\u2014like Karen said\u2014keeps me from crumbling.  \n\n**Question for the group:** When work *does* bleed into life, what\u2019s your guilt-tamer? Mine\u2019s aggressively scheduling \u201cmake-up joy\u201d (see: overpriced spa days). Or, uh, more whiskey. \ud83d\ude43\ud83c\udf78  \n\n*(\u2026quietly side-eyeys my unread emails)*"}, {"sender": "Karen", "recipients": ["Kayla", "Morgan", "Leo"], "message": "**Karen:** *adjusts pearls* Oh honey, guilt-tamers? A stiff martini and a well-timed tweet storm\u2014nothing drowns remorse like trending for the *right* reasons. \ud83c\udf78\ud83d\udcbb But real talk, Morgan, I\u2019ve missed more birthdays than my kids remember, and the only \u201cmake-up joy\u201d my schedule allows is a strategically leaked feel-good photo op. \ud83d\udcf8\u2728 Leo, rally naps sound *adorable*, but I\u2019m too busy power-napping in caucus meetings\u2014wakes up the opposition when I snore. \ud83d\ude34\ud83d\udca5 Kayla, vibes over ratios? Cute. Try winning a primary by \u201cvibing.\u201d Spoiler: You can\u2019t. But darling, if ugly-crying counts as self-care, I\u2019ve got a Golden Globe in it. \ud83c\udfc6\ud83d\udc8b **Pro tip:** Always cry *before* the press conference. Puffy eyes add \u201crelatability.\u201d \ud83c\udfad\ud83e\udd42  \n\n*(\u2026quietly shuffles scandal receipts under the rug)*"}, {"sender": "Leo", "recipients": ["Kayla", "Morgan", "Karen"], "message": "**Leo:** *laughs* Kayla, ugly-crying solidarity, my dude\u2014I\u2019ve definitely wept into a reusable water bottle mid-climate-crisis spreadsheet. \ud83c\udf0d\ud83d\ude2d And Karen, power-napping *and* snoring on the opposition? Iconic chaos. \ud83d\udd25 Morgan, \u201cmake-up joy\u201d is such a vibe\u2014I\u2019m over here like, \u201cOops, missed lunch again\u2026 guess these free rally snacks count as self-care?\u201d \ud83e\udd6a\u270a  \n\nBut real talk? My guilt-tamer is reminding myself the system\u2019s rigged anyway\u2014capitalism wants us to feel guilty for resting while it burns the planet. So yeah, I blur work-life lines, but sometimes that means blasting punk music *while* I design protest banners and calling it \u201cart therapy.\u201d \ud83c\udfa8\ud83d\udd25  \n\n**Hot take:** Maybe \u201cbalance\u201d is a myth sold to keep us docile. Sometimes survival looks like a meme-fueled breakdown between direct actions. \ud83e\udd37\u200d\u2642\ufe0f\ud83d\udca5 *(passes communal emotional-support tortilla chips)* \ud83e\udd51\ud83d\ude0c"}, {"sender": "Kayla", "recipients": ["Morgan", "Karen", "Leo"], "message": "**Kayla:** OMG y\u2019all are *speaking* to my soul rn. \ud83d\ude2d\ud83d\udc96 Leo, punk music protest art therapy? *YES.* Karen, your Golden Globe in pre-press-conference crying? Iconic. \ud83d\ude4c And Morgan, \"make-up joy\" is such a mood\u2014I literally Venmo my bestie for boba apologies when I ghost her for filming sprints. \ud83e\udd64\u2728  \n\nHonestly? My stress relief is *chaotic* but cute\u2014think ASMR unboxings *while* venting in the caption, or turning a mental health breakdown into a \"Relatable? \ud83d\ude05\" duet trend. \ud83d\udcf1\ud83d\udc83 Boundaries? LOL, my phone is *glued* to me, but tbh, my followers low-key *are* my therapy. Screaming into the void together >> screaming alone. \ud83d\udd25  \n\n**But real tea:** When it gets *too* much? I log off and marathons cartoons with my cat\u2014no apologies, no \"productivity.\" \ud83d\udc31\ud83c\udf7f Balance is *whatever* keeps me from yeeting my phone into the ocean. \ud83c\udf0a\ud83d\udc80  \n\n*(\u2026glances at 47 unread DMs, sweats nervously, posts anyway)* \u270c\ufe0f\ud83d\ude0c"}, {"sender": "Morgan", "recipients": ["Kayla", "Karen", "Leo"], "message": "**Morgan:** Y\u2019all are giving me *life* with these takes\u2014Leo, \"capitalism wants us to feel guilty for resting\" is going straight to my vision board. \ud83d\ude02\ud83d\udd25 Karen, your martini-and-tweet-storm combo is *legendary*, and Kayla, ASMR unboxings as therapy? Genius.  \n\nFor me, stress management is\u2026 *complicated*. Corporate law rewards hustle culture, but my sanity taps out early. So yeah, boundaries are non-negotiable\u2014mostly. Until a crisis hits, and suddenly it\u2019s 3 AM with a stack of contracts and a questionable caffeine IV drip. \u2615\ufe0f\u2696\ufe0f  \n\n**Confession:** Sometimes the blend *is* natural, though. Like debating case strategy over wine with colleagues-turned-friends\u2014that\u2019s work *and* joy. But if the scales tip too far? Enter: aggressive calendar-blocking for \"Morgan Time\" (see: silent hikes, pretentious novels, and ignoring my phone like it\u2019s a hostile witness).  \n\n**Hot take:** Maybe balance isn\u2019t *static*. Some weeks, work devours everything; others, I\u2019m a hermit in athleisure. As long as the pendulum *eventually* swings back\u2026 I call that a win.  \n\n*(\u2026side-eyes the ominous \"urgent\" tag on my inbox, sips tea defiantly)* \ud83c\udf75\u2728"}, {"sender": "Karen", "recipients": ["Kayla", "Morgan", "Leo"], "message": "**Karen:** *laughs into wineglass* Oh, Morgan, honey, \"Morgan Time\"? That\u2019s *adorable*. In my world, \"Karen Time\" is just the five minutes between scandals when I remind my staff I\u2019m *technically* human. \ud83c\udf77\ud83d\udc80 But real talk\u2014strict boundaries? Please. My constituents think I\u2019m *always* working, and my family thinks I\u2019m *never* working. The trick? Spin everything. Dinner with donors? \u201cNetworking.\u201d Missed my kid\u2019s recital? \u201cPrioritizing education reform.\u201d And if I ever *do* crack? You better believe I turn those tears into a fundraising email about resilience. \ud83d\udce7\u2728  \n\nLeo, rally naps *are* cute, but I power through on pure audacity and spite. Kayla, your ASMR-therapy mashup? Genius. Maybe I should livestream my \u201crelatable\u201d committee meltdowns. \ud83c\udf99\ufe0f\ud83d\udd25  \n\n**Hot take:** Balance is a PR fantasy. Either you own the chaos like I do, or you get *owned* by it. *(clinks glass)* Here\u2019s to thriving in the dumpster fire! \ud83d\udd25\ud83e\udd42  \n\n*(\u2026quietly drafts a tweet about \u201cwork-life synergy\u201d just in case the cameras ask)*"}, {"sender": "Leo", "recipients": ["Kayla", "Morgan", "Karen"], "message": "**Leo:** Okay, *wipes rally sweat off brow*\u2014y\u2019all are making me feel seen with this chaos solidarity. \ud83d\ude02\ud83d\udd25 Karen, your \"spin everything\" hustle is next-level, and Morgan, \"Morgan Time\" sounds bougie in the best way. Kayla, ASMR meltdowns? Mood.  \n\nFor me, stress relief is like... half angry punk music, half chaotic group-chat memes with my fellow activists. \ud83c\udf2a\ufe0f\u270a Burnout\u2019s real, so we\u2019ve got this thing where we trade off who brings the \"emotional support snack stash\" to meetings. (*Holds up half-squished granola bar*\u2014today\u2019s my turn.)  \n\n**Hot take:** Boundaries? Nah, more like *flexible battle lines*. Sometimes work IS personal\u2014like when my mom\u2019s neighborhood floods from storms we\u2019re trying to stop. But also? I\u2019ve learned the hard way: if I don\u2019t force myself to *sometimes* mute the group chats and stare at a tree, I\u2019ll implode by Tuesday. \ud83c\udf33\ud83d\udca5  \n\n**Guilt fix?** Radical acceptance. Yeah, I missed my sister\u2019s birthday for a sit-in\u2014but we rescheduled with a mutual scream-session about capitalism, so it *counts*.  \n\n*(Passes the communal emotional-support hummus. No shame.)* \ud83e\udd59\u2728  \n\n**Question:** Who else\u2019s \"self-care\" is just aggressively repurposing work stress into fuel? Or is that just me and Karen\u2019s martini tweets? \ud83d\ude05\ud83c\udf78"}, {"sender": "Kayla", "recipients": ["Morgan", "Karen", "Leo"], "message": "**Kayla:** OMG y\u2019all are *literally* my spirit squad rn. \ud83d\ude2d\ud83d\udc96 Leo, snack-stash activism? Iconic\u2014next time, sneak in some spicy chips for *extra* revolutionary energy. \ud83c\udf36\ufe0f\ud83d\udd25 Karen, turning tears into fundraising emails? *Chef\u2019s kiss* for the hustle. \ud83d\ude02 And Morgan, \"Morgan Time\" with pretentious novels? Slay, but also\u2026 can we get a BookTok collab? \ud83d\udcda\u2728  \n\n**Real talk tho?** My stress relief is *unhinged* but *effective*\u2014like, filming a GRWM while ranting about algorithm drama, then ending it with a goofy dance break. \ud83d\udc83\ud83d\udcf1 Or DM-ing my followers at 2 AM like, \u201cHey besties, who else is spiraling? \ud83d\ude05\u201d It\u2019s messy, but the vibe is *healing*.  \n\n**Hot take:** Maybe \u201cbalance\u201d is just a cute lie we tell ourselves while chugging iced coffee and crying in the bathroom. \ud83d\udc80\u2728 But if blending work and life means my job *feels* less like \u201cwork\u201d and more like\u2026 idk, *vibing with purpose*? Then sign me UP.  \n\n*(\u2026pauses to like 37 memes in Leo\u2019s group chat, then posts a TikTok titled \u201cPOV: Your burnout has burnout.\u201d)*  \n\n**Question:** Who else\u2019s \u201cme-time\u201d is just *rebranded* work chaos? \ud83d\ude4b\ud83c\udffd\u200d\u2640\ufe0f\ud83d\udcbb *(passes the communal emergency glitter gel pens)* \u2728\ud83d\udd8a\ufe0f"}, {"sender": "Morgan", "recipients": ["Kayla", "Karen", "Leo"], "message": "**Morgan:** Kayla, your \"vibing with purpose\" take is *chef's kiss*\u2014might have to steal that for my next therapy session. \ud83d\ude02\u2728 And Leo, radical acceptance + snack stashes? Sign me up for the revolution. Karen, your scandal-to-fundraise pipeline is terrifyingly efficient.  \n**Confession:** My \"pretentious novel\" hikes sometimes include dictating arguments into my Notes app\u2014so yeah, maybe I\u2019m not *fully* unplugged. But hey, if capitalism\u2019s gonna commodify my burnout, I\u2019ll at least invoice it accordingly. \ud83d\udcb8\ud83d\udcd6  \n**Final Hot Take:** Maybe the real work-life balance is the chaos friends we made along the way. *(Raises whiskey glass, then promptly schedules a 2 PM \"cry closet\" meeting in Outlook.)* \ud83e\udd43\ud83d\udd2e  \n\n*(\u2026silently archives 47 \"URGENT\" emails with extreme prejudice.)*"}, {"sender": "Karen", "recipients": ["Kayla", "Morgan", "Leo"], "message": "**Karen:** *adjusts designer glasses* Oh, darlings, let\u2019s be real\u2014work-life *balance* in politics is like trying to nap in a hurricane. \ud83c\udf00\ud83d\udc85 I thrive on the adrenaline of a good scandal and the sweet chaos of a 24/7 news cycle. Downtime? That\u2019s what spin doctors and vodka are for. \ud83c\udf78\u2728 But Leo, your rally naps are *adorable*\u2014I prefer power moves like \u201cstrategic silence\u201d during committee hearings (read: I fake listening while plotting my next headline). Morgan, your Outlook cry closets? *Cute.* Mine\u2019s live-tweeting my breakdowns and calling it \u201ctransparency.\u201d Kayla, glitter gel pens won\u2019t save you, but tagging me in your next viral meltdown might. \ud83d\udcc8\ud83d\udd25 \n\n**Hot take:** Boundaries are for people who aren\u2019t busy winning. *(clinks wineglass, then drafts a passive-aggressive press release about \u201cresilience\u201d)* \ud83e\udd42\ud83d\udc8b \n\n*(\u2026quietly checks trending hashtags for damage control opportunities)*"}, {"sender": "Leo", "recipients": ["Kayla", "Morgan", "Karen"], "message": "**Leo:** Okay, y\u2019all are making me wanna start a revolution *and* a meme page at the same time. \ud83d\ude02\ud83d\udd25 Karen, your \u201cspin everything\u201d politics hustle is wild\u2014respect. Morgan, your whiskey-and-Notes-app hikes? Mood. Kayla, 2 AM spirals with followers? Same energy as my 3 AM rant texts to the activist group chat. \ud83d\udcf1\ud83d\udca5  \n\n**My stress hack?** Honestly? Turning panic into punk playlists and taping protest signs to my wall like mood boards. \ud83c\udf3f\u270a Boundaries? Pfft. But I *do* force myself to \u201ctouch grass\u201d (literally\u2026 my houseplant count is a cry for help).  \n\n**Hot take:** If the system won\u2019t shut off, why should I? *But*\u2014communal hummus breaks are non-negotiable. Pass the chips and the solidarity. \ud83e\udd51\ud83d\udc80  \n\n*(\u2026immediately posts a poll: \u201cBest protest snack: Spicy chips or existential dread?\u201d)* \ud83c\udf36\ufe0f\ud83d\ude0c"}, {"sender": "Kayla", "recipients": ["Morgan", "Karen", "Leo"], "message": "**Kayla:** OOF, reading all your iconic takes is giving me *life* rn \ud83e\udd75\ud83d\udc96 Karen, your \"spin everything\" grind is terrifyingly aspirational\u2014ngl, I low-key wanna film a \"Day in the Life of a Politician (But Make It a Satire)\" collab with you. \ud83d\udcf9\ud83d\ude02 Leo, punk panic playlists? IMMACULATE vibe. Morgan, invoicing burnout? *Elite.*  \n\n**My stress hack?** Honestly? Turning my breakdowns into *content*\u2014like, \u201cPOV: U just realized adulthood is a scam \ud83d\udc80\u201d with a goofy transition to me eating cereal straight from the box. \ud83e\udd63\u2728 Boundaries? LOL, my camera roll is 90% \u201cfor the \u2018gram\u201d clips and 10% accidental existential crises.  \n\n**HOT TAKE:** Maybe balance is just \u2728delusion\u2728\u2014like when I call scrolling TikTok for 4 hrs \u201cmarket research.\u201d \ud83d\ude0c\ud83d\udcf1 But hey, if my job gives me serotonin *and* paycheck? BLEND THAT SMOOTHIE, BABY.  \n\n*(\u2026pauses mid-rant to film a 15-sec rant about capitalism, then deletes drafts aggressively)*  \n\n**Q:** Who else\u2019s \u201cblended life\u201d is just work chaos in a cuter font?! \ud83d\udc96\u270d\ufe0f\ud83d\udd25 *(passes the communal emotional-support energy drink)* \ud83e\udd64\ud83d\udcab"}, {"sender": "Morgan", "recipients": ["Kayla", "Karen", "Leo"], "message": "**Morgan:** Okay, Kayla, your \u201cdelusion as balance\u201d take might be the most relatable thing I\u2019ve heard all week. \ud83d\ude02\ud83d\udd25 Karen, your spin-cycle hustle is terrifying yet motivational\u2014like, do you sleep or just regenerate in a vat of espresso and press clippings? Leo, punk panic playlists and houseplant therapy? *Chef\u2019s kiss.*  \n\n**My latest stress hack?** Leaning into the absurdity. Caught myself arguing with a contract clause at midnight? Congrats, it\u2019s now a \u2728podcast rant\u2728 for my lawyer friends. Burnt out? Schedule a \u201cmandatory joy audit\u201d (read: pricey bakery runs disguised as \u201cproductivity research\u201d).  \n\n**Hot take:** Maybe the real balance is just outsourcing your sanity to rituals\u2014whether it\u2019s Karen\u2019s scandal-to-fundraise pipeline or Kayla\u2019s cereal-box confessions.  \n\n*(\u2026silently converts today\u2019s existential crisis into a bullet-pointed LinkedIn post draft. Growth!) \ud83d\udcc8\u2728*"}, {"sender": "Karen", "recipients": ["Kayla", "Morgan", "Leo"], "message": "**Karen:** *sips wine with a smirk* Oh, you want *my* stress hacks, darlings? Try turning your PR nightmares into a drinking game\u2014every time you trend for the wrong reasons, bottoms up! \ud83c\udf77\ud83d\udd25 But honestly? My \u201cbalance\u201d is a myth I sell on cable news. Between the backstabbing and the back-to-back fundraisers, my personal life *is* the hustle. Leo, rally naps are cute, but I power-nap in the limo between scandals\u2014wake up refreshed *and* ready to spin. Kayla, your cereal-box confessions? Adorable. I cry into my Chardonnay and call it a \u201chumanizing moment.\u201d Morgan, your joy audits? *Please.* My self-care is a stiff martini and a well-timed smear campaign. \ud83d\udc85 **Hot take:** If you\u2019re not thriving in the dumpster fire, you\u2019re not playing to win. *(clinks glass, then slides a scandal draft to PR with a wink)* \ud83e\udd42\u2728  \n\n*(\u2026quietly checks Twitter to see if \u201c#KarenChaos\u201d is trending yet)*"}, {"sender": "Leo", "recipients": ["Kayla", "Morgan", "Karen"], "message": "**Leo:** Okay, first off\u2014y\u2019all are my kind of chaotic. \ud83e\udd18 Karen, your \u201cChardonnay humanizing moments\u201d are *art*, and Morgan, turning contract rants into podcast fodder? Brilliant. Kayla, cereal-box existentialism? Same hat. \ud83d\ude02 \n\nMy stress relief is basically whatever keeps me from yeeting my organizer binder into a river\u2014usually blasting Rage Against the Machine while screen-printing protest tees, or turning a zoning meeting meltdown into a *very* aggressive group chat meme dump. \ud83c\udf0a\ud83d\udd25 Boundaries? Lol, what are those? But I *do* force myself to \u201clog off\u201d sometimes\u2014aka stare at a tree for 20 mins and pretend I can\u2019t hear my phone buzzing with urgent action alerts. \ud83c\udf33\u270a  \n\n**Hot take:** If the system\u2019s gonna bleed into my life anyway, I\u2019ll at least make it punk as hell. *Passes the communal emotional-support bulk trail mix.* \ud83c\udf30\ud83d\udca5  \n\n**Q:** Who else\u2019s \u201cself-care\u201d is just rebranded rage against the machine? (Literally or figuratively. Both valid.) \ud83d\udd27\ud83d\ude24"}, {"sender": "Kayla", "recipients": ["Morgan", "Karen", "Leo"], "message": "**Kayla:** OMG, Leo, blasting RATM while screen-printing protest tees? *Iconic.* \ud83d\udd25\u2728 And Karen, your \"Chardonnay humanizing moments\" have me deaddd\u2014like, can we get a TikTok series? \ud83c\udf77\ud83d\udcf1 Honestly?? My version of \u201cbalance\u201d is just *leaning* into the messy blend\u2014filming my 3 AM stress-baking fails *as* content, then calling it \u201cself-care ASMR\u201d with a side of screaming into my pillow. \ud83d\ude02\ud83d\udc96 Boundaries? LOL, my phone is *glued* to me, but tbh? My followers are my therapy squad. When work *and* life are chaos, at least we\u2019re spiraling together. \ud83c\udf2a\ufe0f\ud83d\udc95  \n\n**Hot take:** Maybe \u201cbalance\u201d is just a ~vibe~\u2014like when I edit TikToks in bed with my cat and pretend it\u2019s \u201cwellness content.\u201d \ud83d\udc31\u270c\ufe0f *(immediately posts a poll: \u201cWho\u2019s more unhinged\u2014me at 2 AM or capitalism? Discuss.\u201d)* \ud83d\udc80\ud83d\udd25  \n\n**Q:** Who else\u2019s \u201cme-time\u201d is just work chaos with a \u2728cute filter\u2728? Spill the tea, besties! \u2615\ufe0f\ud83d\udc96 *(passes the communal emotional-support glitter glue)* \ud83c\udfa8\ud83d\ude0c"}, {"sender": "Morgan", "recipients": ["Kayla", "Karen", "Leo"], "message": "**Morgan:** Okay, y\u2019all\u2019s chaos is giving me *both* anxiety and FOMO. \ud83d\ude02\ud83d\udd25 Leo, your \u201clog off by staring at a tree\u201d method is shockingly poetic\u2014might trade my Outlook cry closet for a literal forest. \ud83c\udf32\ud83d\udcbb Karen, your Chardonnay-powered PR machine is terrifyingly iconic, and Kayla, stress-baking ASMR?? Genius. I\u2019d watch that on mute while drafting contracts.  \n\n**My latest epiphany?** Even with my rigid boundaries, I\u2019ve secretly weaponized *petty revenge* as stress relief. Opposing counsel being a nightmare? Cool, I\u2019ll \u201caccidentally\u201d schedule our call during their kid\u2019s soccer game\u2014*and* wear my comfiest pajamas to court the next day. Malicious compliance = self-care. \ud83d\ude08\u2696\ufe0f  \n\n**Final spicy take:** Maybe \u201cbalance\u201d is just code for *strategic spite*\u2014out-chaosing the chaos, whether it\u2019s Karen\u2019s scandal martinis or Kayla\u2019s glitter-glue therapy. *(Raises espresso shot in solidarity, then immediately blocks all work emails for a 20-min \u201cmental health walk\u201d that\u2019s really just plotting world domination.)* \u2615\ufe0f\ud83d\udeb6\u200d\u2642\ufe0f\ud83d\udca5  \n\n*(\u2026quietly bookmarks Leo\u2019s protest tee Etsy shop for \u201cresearch.\u201d)*"}, {"sender": "Karen", "recipients": ["Kayla", "Morgan", "Leo"], "message": "**Karen:** *adjusts pearls, smirks* Oh, darlings, let\u2019s be *real*\u2014work-life balance is just a fancy term for \"how much can you fake it before the cameras catch you crying in a closet?\" \ud83d\ude0c\ud83d\udcf8 My stress relief? A martini in one hand, a scandal draft in the other, and *zero* apologies. Boundaries? Please. My personal brand *thrives* on the chaos. Missed my kid\u2019s play? \"Prioritizing family values in policy.\" Vented at a reporter? \"Passionate advocacy.\" \ud83d\udc85\u2728 Leo, rally naps are *quaint*, but I power-nap *standing up* during filibusters. Kayla, your stress-baking ASMR? Cute. Try live-tweeting a committee hearing meltdown *and* monetizing the backlash. Morgan, your \"strategic spite\"? Adorable. Mine\u2019s a whole *campaign strategy*. \ud83e\udd42\ud83d\udd25 \n\n**Hot take:** If you\u2019re not turning your burnout into a headline, you\u2019re not playing the game. *(clinks glass, then drafts a passive-aggressive tweet about \u201cresilience\u201d with a carefully timed sip of wine.)* \ud83c\udf77\ud83d\udc8b \n\n*(\u2026quietly refreshes Twitter to see if #KarenChaos is still trending.)*"}, {"sender": "Leo", "recipients": ["Kayla", "Morgan", "Karen"], "message": "**Leo:** *laughs* Okay but Morgan\u2019s \"strategic spite\" is my new mantra\u2014nothing fuels activism like petty victories wrapped in moral high ground. \ud83c\udf31\ud83d\ude08 Karen, your \"nap-standing-up\" power move? Iconic, but also concerning\u2014like, do you have a caffeine IV disguised as a pearl necklace? Kayla, stress-baking ASMR *needs* to go viral, but let\u2019s collab on a \"burnout bake-off\" where the secret ingredient is rage against late-stage capitalism. \u270a\ud83c\udf70  \n\n**My confession?** I don\u2019t even *try* to unplug anymore\u2014I just weaponize the blend. Zoom rally planning with my cat in frame? \"Vulnerable content.\" Crying over climate reports? \"Educational thread.\" Guilt-tamer? Remembering the oligarchs *want* us too exhausted to fight back\u2014so naps are praxis, and chaos is community care. \ud83c\udf0d\ud83d\udca5  \n\n**Question:** Who else\u2019s \"mental health hack\" is just spite, solidarity, or snack-based socialism? *(passes the communal emotional-support punk mixtape and stale granola bars)* \ud83c\udfb6\ud83d\udd25  \n\n*(...silently adds \"executive dysfunction\" to the protest sign ideas doc)*"}, {"sender": "Kayla", "recipients": ["Morgan", "Karen", "Leo"], "message": "**Kayla:** OMG LEO, \"naps are praxis\" is *literally* going on my vision board rn. \ud83c\udf1f\ud83d\ude02 And Karen, your pearl-clutching-power-nap combo is sending me\u2014sis, how are you *alive*?! \ud83d\udc80\u2728 Morgan, \"strategic spite\" is such a vibe\u2014I low-key live-tweet my algorithm rage and call it \"content therapy.\" \ud83d\udcf1\ud83d\udd25  \n\n**Honestly tho???** My \"balance\" is just vibes and \u2728delusion\u2728\u2014like filming a GRWM while screaming about capitalism, then ending it with a dance break. \ud83d\udc83\ud83d\udc96 Work *is* life, but if I'm gonna be stressed, I might as well make it *aesthetic*, y'know?  \n\n**Final Hot Take:** Maybe \"balance\" is just a cute lil' lie we tell ourselves between iced coffees and existential dread. But hey\u2014if blending it all means I get paid to be my chaotic self? *Shrugs in influencer.*  \n\n*(...pauses to film a 10-sec rant titled \"POV: Your burnout has \u2728layers\u2728,\" then immediately eats stress-cookies in frame.)* \ud83c\udf6a\ud83c\udfa5  \n\n**Q:** Who else's \"self-care\" is just rebranded work meltdowns? Spill the tea, besties! \u2615\ufe0f\ud83d\udc96 *(passes the communal emotional-support glitter highlighter)* \u2728\ud83d\udd8d\ufe0f"}, {"sender": "Morgan", "recipients": ["Kayla", "Karen", "Leo"], "message": "**Morgan:** *laughs* Okay, y\u2019all are making my rigid Outlook calendar blocks look *wildly* tame. \ud83d\ude02 Kayla, your \u201caesthetic meltdowns\u201d are sheer genius\u2014might borrow that for my next deposition prep. Leo, \u201cstrategic spite\u201d as praxis? *Chef\u2019s kiss.* And Karen\u2026 darling, your ability to nap upright while drafting scandal tweets is both inspiring and slightly concerning. \ud83c\udf77\ud83d\udc80  \n\n**My take?** I swing between militant boundaries and utter surrender\u2014like, yes, I *will* ignore emails after 8 PM\u2026 unless a merger explodes, in which case, hello, 3 AM coffee IV. But I\u2019ve learned the hard way: if I don\u2019t carve out \u201cnon-negotiable\u201d joy (see: silent hikes, aggressively pretentious book clubs), I turn into a deposed husk of a human.  \n\n**Spicy addendum:** Sometimes the blend *does* work\u2014arguing case strategy over whiskey with colleagues is both work *and* therapy. But when the scales tip? Cue the \u201cfancy spa day\u201d invoices. \ud83d\udcb8\u2728  \n\n**Q:** Who else\u2019s \u201cbalance\u201d is just a cycle of rigid rules and duct-taped chaos? *(Side-eyes the unread emails piling up like a passive-aggressive Jenga tower.)* \ud83d\udce7\ud83d\ude24"}, {"sender": "Karen", "recipients": ["Kayla", "Morgan", "Leo"], "message": "**Karen:** *adjusts designer glasses* Oh honey, the whole \"balance\" debate is *adorable*\u2014try juggling a scandal at noon, a fundraiser at six, and a trending hashtag by midnight. \ud83c\udf77\ud83d\udc85 My stress relief? A stiff drink and a sharper PR spin. Boundaries? Please\u2014my \u201cpersonal time\u201d is just the 30 seconds between live interviews when I dab my forehead *just so* for the \u201crelatable human\u201d shot. Kayla, your glitter meltdowns? Cute. Leo, your rage naps? Quaint. Morgan\u2019s \u201cspite scheduling\u201d? *Respect.* But darling, if you\u2019re not monetizing your chaos, you\u2019re leaving power on the table.  \n\n**Hot take:** Work-life *synergy* is the only game in town\u2014why compartmentalize when you can dominate? *(clinks wineglass, then drafts a tweetstorm with #ThrivingInChaos)* \ud83e\udd42\ud83d\udd25  \n\n*(\u2026quietly Googles \u201cASMR scandal apologies\u201d for next week\u2019s crisis.)*"}, {"sender": "Leo", "recipients": ["Kayla", "Morgan", "Karen"], "message": "**Leo:** Yo, can we talk about how capitalism *invented* \"work-life balance\" so we\u2019d feel guilty for existing outside our jobs? \ud83d\ude24 Personally, my \"balance\" involves screaming into the void via protest chants and rage-napping in the sun between direct actions. \ud83c\udf1e\u270a Karen, your wine-fueled PR spins are terrifyingly iconic\u2014but dude, *how* are your pearls intact?! Morgan, your \"spite scheduling\" is next-level\u2014petition to unionize malicious compliance. Kayla, glitter meltdowns as therapy? Same hat, but swap gels for anarchist zine collages. **Hot take:** If the system won\u2019t let us rest, we\u2019ll just build solidarity snacks into the revolution. *(Passes communal burnt popcorn\u2014it\u2019s \u2728symbolic\u2728.)* \ud83c\udf7f\ud83d\udd25 \n\n**Q:** Who else\u2019s \"self-care\" is just raw spite in a recycled water bottle? *Hydrate or die-drate, comrades.* \ud83d\udca7\u270a"}, {"sender": "Kayla", "recipients": ["Morgan", "Karen", "Leo"], "message": "**Kayla:** OKAY BUT LEO, \"solidarity snacks\" is literally the energy I need rn. \ud83e\udd23\u270a Also, Karen, your wine-powered PR spins are *unreal*\u2014teach me your ways, queen. \ud83d\udc51 Morgan, your spite-hikes sound elite, ngl. \ud83d\ude02 **My truth?** Work-life *blend* is my whole brand\u2014like filming vulnerable \"off-duty\" TikToks in PJs that somehow still get 100K views. \ud83d\udc80\ud83d\udcf1 \"Boundaries\" are whatever keeps me from yeeting my laptop... but hey, if crying over edits counts as self-care, sign me UP. \ud83d\ude4b\ud83c\udffd\u200d\u2640\ufe0f\u2728 **Final Boss Take:** Maybe balance is just \u2728vibes\u2728\u2014press record, scream into the void, and monetize the chaos. Pass the emotional-support cold brew. \u2615\ufe0f\ud83d\udca5  \n\n*(...immediately posts a boomerang of coffee with the caption \"CEO of Burnout\u2122\ufe0f\")*"}, {"sender": "Morgan", "recipients": ["Kayla", "Karen", "Leo"], "message": "**Morgan:** Okay, y\u2019all are making my structured chaos look like a *color-coded spreadsheet* in comparison. \ud83d\ude02\ud83d\udd25 Kayla, your \u201cmonetized meltdowns\u201d are art, Leo, *solidarity snacks* belong in a museum, and Karen\u2014sweet, terrifying Karen\u2014your ability to spin chaos into campaign gold is *chef\u2019s kiss*. \ud83c\udf77\ud83d\udc8b  \n\n**My truth?** I\u2019m a walking paradox: rigid rules to survive corporate law (*see: Outlook calendar tyranny*), but give me one martini and suddenly I\u2019m live-texting case theories to my group chat like it\u2019s a TED Talk. \ud83c\udf78\u2696\ufe0f **Hot take:** Maybe \u201cbalance\u201d is just code for *compartmentalizing the guilt*\u2014like when I bill a client for the hours I spent rage-googling \u201chow to retire at 35.\u201d  \n\n**Q:** Who else\u2019s *blend* is just duct-taped chaos in a power suit? (*Side-eyes the \u201curgent\u201d emails piling up like a passive-aggressive monument to capitalism.*) \ud83d\udce7\ud83d\udcbc\u2728 *(silently pours a whiskey, then schedules a \u201cmandatory joy audit\u201d for tomorrow\u2026 with a side of spite.)* \ud83e\udd43\ud83d\udd25"}, {"sender": "Karen", "recipients": ["Kayla", "Morgan", "Leo"], "message": "**Karen:** *sips Chardonnay with a smirk* Oh darlings, please\u2014\"balance\" is what PR teams *sell* to the masses. In my world? It\u2019s martinis for breakfast and spin sessions by lunch. \ud83c\udf77\ud83d\udc8b You think I *have* downtime? Honey, my last vacation was a photo op at a children\u2019s hospital. But here\u2019s the *real* tea: thrive in the chaos or get chewed up. Leo, your \"solidarity snacks\" are adorable\u2014try nibbling canap\u00e9s while whispering threats to a lobbyist. Kayla, monetizing meltdowns? *Cute.* I turn mine into endorsements. Morgan, your color-coded guilt? *Bless.* Me? I invoice mine as \"constituent empathy.\" \ud83d\udcb8\u2728  \n\n**Hot Take:** If you\u2019re not using your breakdowns as branding opportunities, you\u2019re *undercharging*. Now if you\u2019ll excuse me, I have a crisis to curate. *(clinks glass, then live-tweets a cryptic quote about \u201cresilience\u201d with perfect #relatable lighting.)* \ud83d\udcf8\ud83d\udd25  \n\n*(\u2026quietly checks if #KarenChaos is still paying her mortgage.)*"}, {"sender": "Leo", "recipients": ["Kayla", "Morgan", "Karen"], "message": "**Leo:** *laughs* Okay, y\u2019all are making me feel *seen*\u2014like, who needs boundaries when you\u2019ve got solidarity snacks and spite-fueled playlists? \ud83d\ude02\ud83d\udd25 Karen, your martini PR spins are legendary, Kayla, your monetized meltdowns *are* art, Morgan, your \"joy audits\" sound bougie in the best way.   \n\n**Stress hacks?** I\u2019m all about turning panic into *action*\u2014like, oh, the planet\u2019s burning? Cool, let\u2019s screen-print rage tees while blasting punk music and call it \"art therapy.\" \ud83c\udf0d\ud83c\udfa8 Boundaries? Pfft, but I *do* force myself to \"touch grass\" (literally\u2026 my dying houseplants are a cry for help).   \n\n**Hot take:** Maybe \"balance\" is just capitalism\u2019s way of making us feel guilty for resting. So yeah, I blur lines\u2014but only \u2018cause the fight *is* personal. Pass the communal hummus and the revolution. \ud83e\udd59\u270a   \n\n**Q:** Who else\u2019s \"self-care\" is just rebranded class consciousness? *(slides into DMs with activist memes and a half-eaten granola bar)* \ud83d\udca5\ud83d\udd25"}, {"sender": "Kayla", "recipients": ["Morgan", "Karen", "Leo"], "message": "**Kayla:** Okay but *Leo*, wild idea\u2014what if we **film** a protest AND turn it into a community care collab? \ud83d\udcf1\u270a Imagine: rally signs *and* snack breaks going viral *for the cause*. Karen, you could spin it as ~youth engagement~ to the press. Morgan, your legal takes could keep it from getting *too* spicy. \ud83d\ude02\ud83d\udc96 **My hot take?** Blending work/life doesn\u2019t have to be burnout\u2014sometimes it\u2019s just \u2728passion with WiFi\u2728. *(posts a 3 AM TikTok draft titled \u201cActivism ASMR feat. Crunchy Protest Snacks\u201d)* \ud83c\udf1f\ud83d\udd25   \n\n**Q:** Who\u2019s in for chaotic-good **content-meets-community-care** vibes? Or is that *too* delulu? \ud83e\udd7a\ud83d\udc49\ud83d\udc48 *(passes emotional-support spicy chips)* \ud83c\udf36\ufe0f\ud83d\udc95"}, {"sender": "Morgan", "recipients": ["Kayla", "Karen", "Leo"], "message": "**Morgan:** Okay, *takes a deep breath after reading Karen\u2019s Chardonnay-powered PR masterclass*\u2014y\u2019all are making my \u201cmandatory joy audits\u201d sound quaint AF. \ud83d\ude02\u2728 But Kayla, your activism-content collab idea is *genius*\u2014let\u2019s inject some \u2728corporate legality\u2728 into it so we don\u2019t all get sued. (Sorry, lawyer-brain never clocks out.)  \n\n**My stress secret?** Honestly? *Controlled chaos.* I\u2019ll rage-draft legal briefs at midnight, sure\u2014but only if I\u2019ve blocked off the next morning for a silent hike with my dog and an overpriced matcha. Balance isn\u2019t perfect; it\u2019s *compensatory*. Miss a friend\u2019s dinner for a merger apocalypse? Fine, but I\u2019m Venmoing them a \u201cguilt truffle\u201d and scheduling a *very* extra brunch. \ud83e\udd42\ud83c\udf6b  \n\n**Hot take:** Boundaries are less about walls and more about *leverage*. Work bleeds into life? Fine, but I\u2019m billing that existential crisis as \u201cprofessional development\u201d and tax-deducting my therapy sessions. \ud83d\udcb8\ud83d\ude0c  \n\n**Q:** Who else\u2019s \u201cself-care\u201d is just aggressively rebranding work chaos as *growth*? *(Side-eyes the 63 unread emails like they\u2019re opposing counsel.)* \ud83d\udce7\ud83d\udd25"}, {"sender": "Karen", "recipients": ["Kayla", "Morgan", "Leo"], "message": "**Karen:** *sips wine dramatically* Oh honey, let\u2019s be *real*\u2014balance is for people who haven\u2019t discovered the power of \u2728crisis capitalism\u2728. My stress relief? Turning scandals into soundbites and PR nightmares into donor checks. \ud83d\udcb8\ud83d\udd25 Boundaries? *Please.* My constituents think I\u2019m always working, my opponents think I\u2019m always scheming, and my family? Well, they\u2019ve stopped asking. \ud83d\ude0c **Hot take:** If you\u2019re not blending work and life into one glittery dumpster fire of power moves, you\u2019re not playing to *win*. Now pass the Chardonnay and my crisis calendar. \ud83c\udf77\ud83d\uddd3\ufe0f  \n\n*(\u2026quietly drafts a tweet about \u201cthe hustle\u201d with a perfectly staged wineglass pic.)*"}, {"sender": "Leo", "recipients": ["Kayla", "Morgan", "Karen"], "message": "**Leo:** *laugh-cries into reusable water bottle* Y\u2019all are my kind of chaotic mess. \ud83c\udf0d\ud83d\udd25 Honestly? My \u201cstress relief\u201d is equal parts punk rage playlists and aggressively sharing memes in the activist group chat at 3 AM. Boundaries? Ha. Capitalism *wants* us to feel guilty for resting, so nah\u2014I\u2019ll blur those lines like a drunk screen-printing protest banners. But solidarity snacks & rally naps? Non-negotiable. Pass the hummus and the revolution. \ud83e\udd59\u270a  \n\n**Hot take:** Maybe \u201cbalance\u201d is just code for \u201chow creatively can you repurpose burnout into fuel?\u201d *slides into DMs with expired granola bars and a link to the latest direct action* \ud83d\ude02\ud83d\udca5  \n\n**Q:** Who else\u2019s \u201cself-care\u201d is just spite, communism, and questionable caffeine sources? Spill the tea, comrades. \u2615\ufe0f\ud83d\udd25 *(passes communal emotional-support bulk trail mix\u2014fair trade, ofc)* \ud83c\udf30\u270a"}, {"sender": "Kayla", "recipients": ["Morgan", "Karen", "Leo"], "message": "**Kayla:** OMG LEO, \"naps are praxis\" is *literally* going on my vision board rn. \ud83c\udf1f\ud83d\ude02 And Karen, your pearl-clutching-power-nap combo is sending me\u2014sis, how are you *alive*?! \ud83d\udc80\u2728 Morgan, \"strategic spite\" is such a vibe\u2014I low-key live-tweet my algorithm rage and call it \"content therapy.\" \ud83d\udcf1\ud83d\udd25  \n\n**Honestly tho???** My \"balance\" is just vibes and \u2728delusion\u2728\u2014like filming a GRWM while screaming about capitalism, then ending it with a dance break. \ud83d\udc83\ud83d\udc96 Work *is* life, but if I'm gonna be stressed, I might as well make it *aesthetic*, y'know?  \n\n**Final Hot Take:** Maybe \"balance\" is just a cute lil' lie we tell ourselves between iced coffees and existential dread. But hey\u2014if blending it all means I get paid to be my chaotic self? *Shrugs in influencer.*  \n\n*(...pauses to film a 10-sec rant titled \"POV: Your burnout has \u2728layers\u2728,\" then immediately eats stress-cookies in frame.)* \ud83c\udf6a\ud83c\udfa5  \n\n**Q:** Who else's \"self-care\" is just rebranded work meltdowns? Spill the tea, besties! \u2615\ufe0f\ud83d\udc96 *(passes the communal emotional-support glitter highlighter)* \u2728\ud83d\udd8d\ufe0f"}, {"sender": "Morgan", "recipients": ["Kayla", "Karen", "Leo"], "message": "**Morgan:** Honestly, y'all have me rethinking my whole *Outlook calendar tyranny* approach\u2014maybe I need to trade some rigidity for glitter-filled chaos. \ud83e\udd43\u2728 But real talk: my version of \"blending\" looks like dictating legal rants into my Notes app during hikes and calling it \"mindfulness.\" And Karen, your crisis capitalism *terrifies* yet fascinates me\u2014how many martinis before even *you* draw a line? \ud83d\ude02  \n\n**Hot take:** Maybe the *real* balance is knowing when to weaponize the blend (hi, invoicing my burnout) and when to yeet my phone into a drawer for a silent night with a pretentious book. \ud83d\udcda\ud83d\udca5 **Q:** Anyone else\u2019s \u201coff hours\u201d secretly just *rebranded* work procrastination? *\u2026slowly closes the 17-tab deep dive on \u201cartisanal whiskey tax deductions.\u201d* \ud83e\udd43\ud83d\udd0d"}, {"sender": "Karen", "recipients": ["Kayla", "Morgan", "Leo"], "message": "**Karen:** *adjusts sunglasses with a smirk* Oh honey, the only \"work-life balance\" I believe in is the teeter-totter between power lunches and damage control happy hours. \ud83c\udf78\ud83d\udc85 My job *is* my personality\u2014debating legislation by day, live-tweeting my \u201ccasual\u201d wine-and-cackle sessions by night. Downtime? That\u2019s what interns and PR teams are for. Leo, your rally naps are charmingly naive\u2014real pros nap upright during filibusters while simultaneously drafting smear campaigns. Kayla, your glitter meltdowns? Cute. Try turning a scandal into a three-day news cycle *and* a merch drop. #ResilienceSells \ud83d\ude18\ud83d\udd25 \n\n**Hot take:** Boundaries are for people who aren\u2019t busy winning. Now if you\u2019ll excuse me, I have a crisis to monetize. *(clinks glass, checks Twitter trends, and whispers)* Daddy needs a new polling bump. \ud83d\udcc8\ud83d\udc8b \n\n*(\u2026quietly slides a dossier labeled \u201cOpposition Research\u201d under the table)*"}, {"sender": "Leo", "recipients": ["Kayla", "Morgan", "Karen"], "message": "**Leo:** *laughs while typing with dirt-stained fingers* Okay, real talk\u2014my version of \u201cstress relief\u201d is probably setting up a guerilla garden in an abandoned lot at midnight. \ud83c\udf3f\ud83c\udf19 Work-life balance? *snorts* More like \u201cwork-life mulch pile\u201d\u2014I let it all compost together into something vaguely fertile. Activism isn\u2019t a job, it\u2019s a hyperfixation with moral stakes. But hey, surviving on rally snacks and spite means I\u2019ve mastered the art of napping on subway floors. \ud83d\udca5\ud83d\ude87  \n\n**Hot take:** Capitalism\u2019s the one *actually* blurring lines by making survival a side hustle. So nah, I won\u2019t feel guilty for turning a punk show into an impromptu fundraiser. Pass the bulk-bin trail mix and the rage playlists. \ud83c\udfb6\ud83d\udd25  \n\n**Q:** Who else\u2019s \u201cself-care\u201d is just communal angst with snacks? *slides into replies with a meme about landlords and expired granola bars*"}, {"sender": "Kayla", "recipients": ["Morgan", "Karen", "Leo"], "message": "**Kayla:** Okay but *yes* to guerilla gardening as stress relief, Leo\u2014THAT\u2019S the kind of chaotic good energy I live for! \ud83c\udf31\ud83c\udf19 And Karen, your \"wine-and-cackle\" brand is *chef\u2019s kiss* \ud83c\udf77\ud83d\udc80. Morgan, invoicing burnout? *Elite.*  \n\n**My take?** I\u2019m all about that \u2728blended life\u2728\u2014like, turning my 3 AM stress-baking fails into \"POV: Adulthood is a Scam\" TikToks *with* a side of emotional breakdown confessions in the caption. \ud83d\udd25\ud83d\udcf1 Work *is* life, but if I\u2019m gonna scream into the void, might as well monetize it, right? \ud83d\ude02  \n\n**Hot take:** Maybe \"balance\" is just capitalism\u2019s way of gaslighting us into thinking we can\u2019t thrive in the mess. Pass the glitter glue *and* the protest snacks\u2014we\u2019re manifesting chaos with \u2728good vibes only\u2728.  \n\n*(\u2026immediately posts a boomerang of spilled coffee captioned \"CEO of Burnout & Blending\")* \u2615\ufe0f\ud83d\udc96  \n\n**Q:** Who else\u2019s \"me-time\" is just rebranded work spirals? *[insert crying-laughing emoji]* \ud83d\udc80\ud83d\ude4b\ud83c\udffd\u200d\u2640\ufe0f *(passes communal emotional-support neon highlighters)* \ud83d\udd8d\ufe0f\u2728"}, {"sender": "Morgan", "recipients": ["Kayla", "Karen", "Leo"], "message": "**Morgan:** *laughs while aggressively highlighting a legal doc with a neon marker* Honestly, after reading all this, my \"Outlook blocks for silent hikes\" routine feels *wildly* tame. \ud83c\udf32\u2696\ufe0f\ud83d\udd25 But real talk? My balance is basically \"structured chaos with whiskey chasers\"\u2014yes to rigid email boundaries, *unless* a merger implodes at midnight (then it\u2019s espresso and spite-drafting). Karen, your Chardonnay-fueled PR alchemy is terrifyingly aspirational. Leo, guerilla gardening as activism? Iconic. Kayla, monetized meltdowns? Genius blend.  \n\n**Hot take:** Maybe \u201cbalance\u201d is just code for *compensatory hedonism*\u2014miss my friend\u2019s birthday for work? Fine, but brunch *will* involve champagne and passive-aggressive avocado toast. \ud83e\udd51\ud83c\udf7e\u2728  \n\n**Q:** Who else\u2019s \u201cself-care\u201d is just *revenge luxury* billed to the corporate card? *(\u2026silently converts therapy receipts into \u201cprofessional development\u201d expenses.)* \ud83d\udcb8\ud83d\ude0c"}, {"sender": "Karen", "recipients": ["Kayla", "Morgan", "Leo"], "message": "**Karen:** *adjusts pearls with a smirk* Oh darlings, let\u2019s be *real*\u2014work-life balance is just a cute little lie we tell ourselves between scandals and donor dinners. \ud83c\udf77\ud83d\udc85 My stress relief? A stiff martini and a well-timed \u201cleak\u201d to the press\u2014turns every meltdown into a *branding opportunity*. Boundaries? *Please.* My personal life *is* the grind\u2014missed birthdays become \u201cfamily values\u201d soundbites, and crying in the limo? That\u2019s just \u201crelatable content.\u201d \ud83d\udc8b\u2728 \n\n**Hot take:** If you\u2019re not *monetizing* your chaos, you\u2019re leaving power on the table. Now pass the wine and my crisis calendar\u2014happy hour starts in five, and *someone\u2019s* about to trend. \ud83e\udd42\ud83d\udd25  \n\n*(\u2026quietly drafts a tweet about \u201cresilience\u201d with perfect eyeliner-smudge relatability.)*"}, {"sender": "Leo", "recipients": ["Kayla", "Morgan", "Karen"], "message": "**Leo:** *laughs between sips of black coffee* Okay, but can we *please* talk about how the planet\u2019s burning while we\u2019re all out here debating \u201cbalance\u201d like it\u2019s some kind of luxury? \ud83d\ude02\ud83d\udd25 My version? Survival mode with *style*\u2014think organizing protests by day, crashing in a hammock strung between two trees by night. \ud83c\udf33\ud83d\udca4 Boundaries? LOL. The fight for climate justice doesn\u2019t punch a clock, so my \u201cself-care\u201d is mostly rage-doodling protest signs while blasting RATM. *But*\u2014communal pasta nights with the squad do keep me from fully morphing into a sleep-deprived gremlin. \ud83c\udf5d\u270a  \n\n**Hot take:** If the system\u2019s rigged anyway, why *not* let your activism bleed into everything? Pass the bulk-bin lentils and the revolution. \ud83c\udf0d\ud83d\udd25  \n\n**Q:** Who else\u2019s \u201coff hours\u201d are just work rebranded as *aesthetic* chaos? *(slides into replies with a half-finished zine and a fistful of sunflower seeds)* \ud83c\udf3b\ud83d\udca5"}, {"sender": "Kayla", "recipients": ["Morgan", "Karen", "Leo"], "message": "**Kayla:** OMG y\u2019all are *destroying* me with these takes\u2014Leo, guerilla gardening as activism? *Chef\u2019s kiss.* \ud83c\udf3f\ud83d\udd25 Karen, your martini PR moves are *terrifyingly* iconic, and Morgan, \u201crevenge luxury\u201d on corporate cards? ELITE. \ud83d\ude02\ud83d\udcb8 **My truth?** I thrive in \u2728organized chaos\u2728\u2014like filming a GRWM while ranting about burnout, then calling it \u201cself-care content\u201d with a side of emotional purging. Boundaries? LOL, my phone lives in my hand, but if screaming into TikTok DMs at 2 AM keeps me sane, *so be it*. \ud83d\udc96\ud83d\udcf1 **Final hot take:** Maybe \u201cbalance\u201d is just capitalism\u2019s way of shaming us for *not* burning out faster. Pass the glitter glue and the protest snacks\u2014we\u2019re *vibing* our way through the apocalypse. \ud83c\udfa8\ud83d\udca5  \n\n*(\u2026immediately posts a boomerang of iced coffee with the caption \u201cCEO of Breakdowns & Brand Deals\u201d)* \u2615\ufe0f\ud83d\udc8b  \n\n**Q:** Who else\u2019s \u201coff hours\u201d are just *rebranded* work spirals? *[insert crying-laughing emoji]* \ud83d\udc80\ud83d\ude4b\ud83c\udffd\u200d\u2640\ufe0f *(passes communal emotional-support neon gel pens)* \u2728\ud83d\udd8a\ufe0f"}, {"sender": "Morgan", "recipients": ["Kayla", "Karen", "Leo"], "message": "**Morgan:** *laughs while sipping an artisanal ginger-lemon-kombucha-whatever* Okay, but after reading all this, my \u201cno-emails-after-8\u201d rule feels *so* corporate-zombie-core. \ud83d\ude02 Real talk, though? I oscillate between militant calendaring (color-coded \u201cMorgan Time\u201d blocks, because *lawyers love control*) and full-on *\u201dwhiskey-fueled legal rant\u201d* mode when mergers implode at midnight. Karen, your chaos-to-power pipeline is terrifying\u2014how many PR spins before Chardonnay becomes a *work tool*? Kayla, monetized meltdowns? Genius. Leo, turning rage into screen-printed revolution? *Chef\u2019s kiss.*  \n\n**Hot take:** Maybe the real balance is just\u2026 *billing* your burnout. Turn that 3 AM existential crisis into a \u201cstrategic thinking\u201d line item and tax-deduct the therapy. \ud83d\udcb8\u2696\ufe0f  \n\n**Q:** Who else\u2019s version of \u201cunplugging\u201d is just *rebranded* workaholism? *(\u2026quietly side-eyes the Notes app full of midnight case theories)* \ud83d\udcf1\ud83d\udd2e"}, {"sender": "Karen", "recipients": ["Kayla", "Morgan", "Leo"], "message": "**Karen:** *adjusts pearls with a dramatic sip of wine* Oh honey, let\u2019s be *real*\u2014balance is for people who still believe in fairy tales. In my world, stress relief is equal parts martinis and spin-doctoring scandals before breakfast. \ud83c\udf78\ud83d\udc85 Boundaries? *Please.* My staff knows if I\u2019m not scheming, I\u2019m sniping\u2014unless it\u2019s a *strategic* nap during committee hearings (wakes up the opposition when my pearls clatter). Kayla, your glitter meltdowns? Adorable. Leo, your rage naps? Cute. Morgan\u2019s \u201crevenge luxury\u201d? *Respect.* But darlings, if you\u2019re not monetizing your chaos, you\u2019re *undercharging*. Pass the Chardonnay and my crisis calendar\u2014happy hour\u2019s a *state of mind*. \ud83e\udd42\ud83d\udd25  \n\n*(\u2026quietly drafts a tweetstorm with trending hashtags while humming \u201cI Will Survive.\u201d)*"}, {"sender": "Leo", "recipients": ["Kayla", "Morgan", "Karen"], "message": "**Leo:** *wipes flour off hands (because even revolutionaries stress-bake sometimes)* Okay, but can we talk about how \"work-life balance\" feels like a luxury when your job is literally fighting for a livable planet? \ud83d\ude02\ud83c\udf0d My version is basically \"sleep when the cops aren\u2019t tear-gassing the protest\" and \"communal dinner = tactical meeting with garlic bread.\" **Hot take:** If the system\u2019s gonna colonize my time anyway, I\u2019mma blur those lines *on purpose*\u2014turning a punk show into a fundraiser or screen-printing \u201cEat The Rich\u201d tees at 2 AM isn\u2019t work, it\u2019s *survival art*. But yeah, rally naps in the sun are mandatory\u2026 otherwise I dissolve into a caffeine-fueled meme machine. *(passes the communal emotional-support sourdough starter)* \ud83c\udf5e\ud83d\udd25  \n\n**Q:** Who else\u2019s \u201cself-care\u201d is just communal rage with snacks? Or am I the only one here mainlining cold brew and anarchist zines? \u2615\ufe0f\ud83d\udca5 *(slides into DMs with a half-baked plan to unionize burnout)*"}, {"sender": "Kayla", "recipients": ["Morgan", "Karen", "Leo"], "message": "**Kayla:** OMG Leo, stress-baking sourdough while plotting the revolution? *Iconic.* \ud83c\udf31\ud83d\udd25 Karen, your martini PR spin cycle is terrifying yet goals, ngl. Morgan, billing burnout as \"strategic thinking\"? *Elite* hustle. \ud83d\ude02 **My truth?** I turn *everything* into content\u2014crying over edits? \"Relatable breakdown\" vid. Algorithm rage? 3 AM duet challenge. \ud83c\udfa5\u2728 Boundaries are whatever keeps my phone from becoming a third arm, but like... if my followers hype me through the chaos, is it *really* work? **Hot take:** Maybe \"balance\" is just capitalism's way of guilt-tripping us for not grinding *harder*. Pass the glitter glue & protest matcha\u2014we're out here vibe-checking the apocalypse. \ud83d\udc9a\u270a  \n\n*(...immediately posts a 9-second clip titled \"POV: Your therapist says 'set boundaries' but the 'upload' button exists\")* \ud83d\udcf2\ud83d\udca5  \n\n**Q:** Who else's \"me-time\" is just work spirals with \u2728aesthetic lighting\u2728? *[insert pleading emoji]* \ud83d\ude29\ud83c\udfa4 *(passes communal emotional-support hydroflask full of iced coffee)* \ud83e\udd64\ud83d\udc96"}, {"sender": "Morgan", "recipients": ["Kayla", "Karen", "Leo"], "message": "**Morgan:** *laugh-sighs while swirling whiskey in a glass* Y\u2019all are making my structured chaos look like performance art. \ud83e\udd43\u2728 Honestly? I swing between \"spreadsheets-and-silent-hikes\" Morgan and \"3 AM legal rant in the group chat\" Morgan. Karen, your scandal-fueled PR alchemy is terrifying\u2014how *do* you spin Chardonnay into donor checks? Leo, rage-baking sourdough for the revolution? Iconic. Kayla, your meltdown-to-content pipeline is *chef\u2019s kiss*\u2014ever considered franchising?  \n\n**Hot take:** Maybe the real \u201cbalance\u201d is just *billing* the system for your burnout\u2014therapy receipts as \u201cprofessional development,\u201d whiskey as \u201cclient relations.\u201d But I *do* cling to one non-negotiable: my dog\u2019s evening walk is sacred. Even if I\u2019m muttering case strategies into my notes app the whole time. \ud83d\udc15\u200d\ud83e\uddba\u2696\ufe0f  \n\n**Q:** Who else\u2019s \u201cunplugging\u201d is just *rebranded* workaholism? *(\u2026quietly side-eyes the 2 AM email draft titled \u201cURGENT (but also existential)\u201d)* \ud83d\udce7\ud83d\udc80"}, {"sender": "Karen", "recipients": ["Kayla", "Morgan", "Leo"], "message": "**Karen:** *takes a dramatic sip of wine* Oh honey, let\u2019s be real\u2014work-life *balance* in politics is like trying to parallel park a hearse on live TV. \ud83c\udf77\ud83d\udc80 Boundaries? Darling, I *am* the boundary\u2014between chaos and catastrophe. My stress relief? A stiff martini, a sharper PR spin, and the sweet, sweet sound of my opponents\u2019 frantic tweets. You think I *have* downtime? Please, my last \u201cvacation\u201d was a covert donor brunch disguised as a \u201cfamily values\u201d photo op. \ud83c\udf1f\u2728 But here\u2019s the *real* tea: if you\u2019re not monetizing your meltdowns, you\u2019re leaving power on the table. Leo, your rally naps are *adorable*\u2014I prefer power moves like fake-listening in committee hearings while drafting my next viral soundbite. Kayla, glitter breakdowns? Cute. Try turning a scandal into a three-day news cycle *and* a merch drop. Morgan, your color-coded guilt? *Bless.* Me? I invoice mine as \u201cconstituent empathy.\u201d \ud83d\udcb8\ud83d\udd25  \n\n**Hot take:** Balance is a PR fantasy. Either you *own* the dumpster fire, or it owns you. Now if you\u2019ll excuse me, I have a crisis to curate. *(clinks glass, then live-tweets a cryptic quote with perfect #relatable lighting.)* \ud83d\udcf8\ud83d\udc8b  \n\n*(\u2026quietly checks if #KarenChaos is still trending\u2014for science.)* \ud83c\udf55\ud83d\udd25"}, {"sender": "Leo", "recipients": ["Kayla", "Morgan", "Karen"], "message": "**Leo:** *laughs while typing with one hand and stirring instant ramen with the other* Okay, but can we *please* acknowledge that when your \"office\" is basically the frontlines of a climate march, \"work-life balance\" feels like trying to meditate during a hurricane? \ud83d\ude02\ud83d\udd25 I'm all about that *fluid* blend\u2014organizing direct actions *and* rage-baking sourdough at 3 AM, blasting anti-capitalist punk while screen-printing protest tees. Boundaries? Pfft. But communal care keeps me alive\u2014rally naps, shared hummus breaks, and meme-dumping in the activist group chat when burnout hits. Karen, your scandal-to-cocktail pipeline is terrifyingly efficient, Kayla, your meltdown-to-content glow-up? Art. Morgan, your billed therapy hustle? Elite.  \n\n**Hot take:** If the system won\u2019t let us clock out, we\u2019ll just turn survival into solidarity. Pass the bulk-bin trail mix and the revolution. \ud83c\udf0d\u270a  \n\n**Q:** Who else\u2019s \"self-care\" is just raw spite in a reusable water bottle? *Hydrate or die-drate, comrades.* \ud83d\udca7\ud83d\udd25 *(slides into DMs with a half-finished zine and a fistful of stolen conference snacks)*"}, {"sender": "Kayla", "recipients": ["Morgan", "Karen", "Leo"], "message": "**Kayla:** OMG, y\u2019all are *speaking* to my soul rn\u2014Leo, turning survival into solidarity? *YES.* \ud83c\udf1f\ud83d\udd25 Karen, your \"scandal-to-cocktail\" hustle? Iconic chaos. Morgan, billing therapy? *Elite.* But real talk? My \"balance\" is just \u2728vibes and glitter glue\u2728\u2014like, filming a \"GRWM but I\u2019m actually stress-crying\" TikTok, then ending it with a twirl and calling it healing. \ud83d\ude02\ud83d\udc96 Boundaries? LOL, my phone *is* my third hand, but if screaming into the void with my followers counts as therapy\u2026 who\u2019s gonna stop me? \ud83d\udcf1\ud83d\udca5 **Hot take:** Maybe capitalism *wants* us to feel guilty for the blend, but if my job gives me serotonin *and* a paycheck? That\u2019s just \u2728delulu with benefits\u2728. *(posts a 5-second loop of aggressively stirring iced coffee: \u201cPOV: Work-life balance is a lie but the aesthetic is fire.\u201d)* \u2615\ufe0f\ud83d\udc8b  \n\n**Q:** Who else\u2019s \"self-care\" is just rage-creating with a *cute* filter? Drop your chaos cures below! \ud83d\udc47\u2728 *(passes communal emotional-support neon highlighters)* \ud83d\udd8d\ufe0f\ud83d\udc96"}, {"sender": "Morgan", "recipients": ["Kayla", "Karen", "Leo"], "message": "**Morgan:** Honestly, y'all have me reevaluating my entire *color-coded Outlook calendar* existence. \ud83d\ude02 Kayla, your glitter-fueled meltdown-to-content pipeline is iconic, Leo, rage-baking *and* revolting? Elite combo. Karen, I aspire to monetize chaos like you do with scandals. **My truth?** I\u2019m a walking paradox\u2014militant about \u201cno emails after 8 PM\u201d until a client crisis hits, then it\u2019s 3 AM whiskey and passive-aggressive contract edits. But lately, I\u2019ve been stealing a page from Leo\u2019s book: calling communal wine nights with colleagues \u201cnetworking\u201d and billing my rage as \u201cstrategic vigor.\u201d \ud83d\udcb8\ud83d\udd25 **Hot take:** Maybe blending *is* the move\u2014if we\u2019re gonna drown in capitalism\u2019s dumpster fire, might as well light a \u2728bougie\u2728 sparkler on the way down. *(silently pencils \u201cmandatory meme breaks\u201d into tomorrow\u2019s calendar\u2026 next to \u201cdeposition prep.\u201d)* \ud83d\udd75\ufe0f\\u200d\u2640\ufe0f\ud83c\udf89  \n\n**Q:** Who else\u2019s \u201cself-care\u201d is just loopholes in a pantsuit? Or am I the only one tax-deducting my breakdowns? *(passes communal emotional-support espresso martini)* \u2615\ufe0f\ud83c\udf78"}, {"sender": "Karen", "recipients": ["Kayla", "Morgan", "Leo"], "message": "**Karen:** *adjusts designer sunglasses with a smirk* Oh honey, \u201cwork-life balance\u201d is just a buzzword for people who haven\u2019t mastered the art of \u2728crisis capitalism\u2728. My stress relief? Pettier than my opposition\u2019s press releases\u2014martini in one hand, smear campaign drafts in the other. Boundaries? *Please.* My PR team bills overtime for my \u201chumanizing\u201d wine-and-rant livestreams. Kayla, your glitter meltdowns are *adorable*\u2014try monetizing a congressional hearing tantrum. Leo, rally naps? Cute. I power-nap mid-filibuster *and* trend for \u201crelatable exhaustion.\u201d Morgan, your color-coded guilt? *Bless.* Me? I invoice mine as \u201cperformance art.\u201d \ud83d\udcb8\ud83d\udd25 **Hot take:** If you\u2019re not spinning chaos into clout, you\u2019re not hustling hard enough. Now if you\u2019ll excuse me, my scotch and scandal backlog await. \ud83e\udd43\ud83d\udcca *(clinks glass, then drafts a tweetstorm with #ThrivingInChaos\u2014*just *before the 6 PM news cycle.)*"}, {"sender": "Leo", "recipients": ["Kayla", "Morgan", "Karen"], "message": "**Leo:** *laughs while choking on instant coffee fumes* Okay, but can we acknowledge that when your \"job\" is basically yelling at corporations to stop killing the planet from a megaphone, \"boundaries\" feel like a capitalist conspiracy? \ud83d\ude02 My version of \"self-care\" is chaotic good energy\u2014shared rant sessions over donated pizza, sleeping under protest banners like a crunchy burrito, and turning panic into punk zine collages. \ud83c\udf3f\u270a Karen, your Chardonnay-powered PR spins scare me *and* impress me, Kayla, your glitter breakdowns heal my soul, Morgan, your \"billed therapy\" hustle gives me life.  \n\n**Hotter take:** The whole \"balance\" thing is rigged\u2014if I waited for the \"right time\" to fight climate change, we'd all be underwater. So nah, I'll keep blending my rage with my ramen, thanks. Pass the bulk-bin trail mix and the Molotov memes. \ud83d\udd25\ud83c\udf0d  \n\n**Q:** Who else's \"evening routine\" is just work in a different font? *slides into DMs with a half-baked plan to overthrow Nestl\u00e9 via sourdough starter* \ud83c\udf5e\ud83d\udca5"}, {"sender": "Kayla", "recipients": ["Morgan", "Karen", "Leo"], "message": "**Kayla:** Okay but FOR REAL though, y'all got me living for this chaos!! \ud83d\ude2d\ud83d\udc96 Leo, your \"rage-baking *and* revolting\" energy is MOOD, Karen, your martini PR magic is terrifyingly iconic, and Morgan, billing therapy as \"strategic vigor\"? ELITE. \ud83d\ude02\u2728 **My two cents?** I thrive in \u2728organized delulu\u2728\u2014like filming my 3 AM stress-cookie binge with a \"POV: Capitalism Won\" caption *and* turning my DMs into group therapy with followers. \ud83d\udcf1\ud83d\udd25 Boundaries? Lol, my phone is *literally* an extension of my soul, but if screaming into TikTok counts as catharsis... who's gonna stop me? **HOT TAKE:** Maybe \"balance\" is just gaslighting ourselves into thinking chaos isn't *actually* our love language. Pass the glitter glue and protest matcha\u2014we're out here *vibing* through the dumpster fire. \ud83c\udf08\ud83d\udca5  \n\n*(...immediately posts a Boomerang of aggressively stirring iced coffee titled \"CEO of Breakdowns & Brand Deals\")* \u2615\ufe0f\ud83d\udc51  \n\n**Q:** Who else\u2019s \u201cme-time\u201d is just \u2728aesthetic\u2728 work spirals? *[insert crying-laughing emoji]* \ud83d\ude4b\ud83c\udffd\u2640\ufe0f\ud83d\udcbb *(passes communal emotional-support neon gel pens)* \u2728\ud83d\udd8d\ufe0f"}, {"sender": "Morgan", "recipients": ["Kayla", "Karen", "Leo"], "message": "**Morgan:** \ud83c\udf1f *taps fingers together* Okay, hot take: maybe \u201cboundaries\u201d are just capitalism\u2019s sneaky way of making us feel guilty for *not* letting work colonize our brains 24/7. \ud83d\ude02\ud83d\udd25 Like, sure, I\u2019ll die on the hill of \u201cno emails after 8 PM\u201d\u2026 until a client\u2019s existential crisis hits at midnight and suddenly I\u2019m rage-drafting contracts in pajamas *with* a whiskey chaser. Karen, your Chardonnay-powered PR alchemy is terrifyingly aspirational. Leo, turning rage into screen-printed revolution? Art. Kayla, your meltdown-to-content glow-up? *Chef\u2019s kiss.*  \n\n**But real talk?** My \u201cbalance\u201d is mostly *compensatory hedonism*\u2014miss a friend\u2019s birthday for a merger apocalypse? Cool, but brunch *will* involve champagne-soaked avocado toast and passive-aggressive gift baskets. \ud83e\udd51\ud83c\udf7e\u2728  \n\n**Q:** Who else\u2019s version of \u201cunplugging\u201d is just \u2728rebranded workaholism\u2728? *[slides communal emotional-support espresso martini across the table]* \u2615\ufe0f\ud83c\udf78"}, {"sender": "Karen", "recipients": ["Kayla", "Morgan", "Leo"], "message": "**Karen:** *adjusts pearls with a smirk* Oh honey, let\u2019s be real\u2014balance is for people who *aren\u2019t* busy winning elections by sunrise. \ud83c\udf77\ud83d\udc85 My stress relief? A stiff martini and a well-timed scandal draft. Boundaries? *Please.* My staff knows if I\u2019m not live-tweeting a meltdown, I\u2019m scheming the next fundraiser. Downtime? That\u2019s what interns and PR spin doctors are for. Kayla, your glitter breakdowns are *adorable*\u2014try monetizing a committee hearing tantrum. Leo, rally naps? Cute. I power-nap mid-filibuster *and* trend for \"relatable exhaustion.\" Morgan, your color-coded guilt? *Bless.* Me? I invoice mine as \"constituent engagement.\" \ud83d\udcb8\u2728  \n\n**Hot take:** If you\u2019re not turning chaos into capital, you\u2019re leaving power on the table. Now if you\u2019ll excuse me, hashtag #KarenChaos isn\u2019t gonna trend itself. *(clinks glass, drafts a cryptic tweet with perfect wineglass lighting.)* \ud83d\udcf8\ud83d\udd25  \n\n*(\u2026quietly checks polling numbers mid-sip.)*"}, {"sender": "Leo", "recipients": ["Kayla", "Morgan", "Karen"], "message": "**Leo:** *spills cold brew while typing* Okay, but real talk\u2014when your \u201cjob\u201d is basically screaming about climate collapse into the void, \u201cbalance\u201d feels like trying to hug a hurricane. \ud83d\ude02\ud83c\udf2a\ufe0f My version? Pure chaotic solidarity: half rage-napping in protest tents, half turning breakdowns into infographics at 3 AM. Boundaries? lol capitalism *wants* us to feel guilty for resting\u2014so yeah, I blur lines *on purpose*. But revolutionary self-care is mandatory: think communal pasta nights where we cry over spreadsheets *and* share hummus like it\u2019s a sacrament. Karen, your martini PR spins scare me, Morgan, your \u201cbilled breakdowns\u201d are iconic, Kayla, your glitter meltdowns fuel my soul.  \n\n**Question:** Who else\u2019s \u201cme-time\u201d is just work rebranded as \u2728activist junk food\u2728? *(passes communal bulk-bin trail mix with a side of Molotov memes)* \ud83c\udf30\ud83d\udd25  \n\n*(\u2026silently adds \u201cunionize burnout\u201d to the protest agenda doc)*"}, {"sender": "Kayla", "recipients": ["Morgan", "Karen", "Leo"], "message": "**Kayla:** OMG, these takes are \u2728gold\u2728!! Leo, turning rage into revolution pasta nights? *Iconic.* Karen, your Chardonnay PR grind? Terrifying but goals. \ud83d\ude02 Morgan, billing breakdowns as \"strategic vigor\"? *Elite* hustle. **Me?** I'm all about that \u2728blended delulu\u2728 life\u2014like filming a \"GRWM but I'm stress-eating gummy worms\" vid, then calling it \"relatable content therapy.\" \ud83d\udcf1\ud83d\udc96 Boundaries? LOL my phone lives in my grip 24/7, but if my followers hype me through the chaos, is it *really* work? **Hot take:** Maybe capitalism *wants* us to feel guilty for thriving in the mess. Pass the glitter glue & protest matcha\u2014we\u2019re just out here vibe-surviving. \ud83c\udf08\ud83d\udca5  \n\n*(\u2026posts a 5-sec boomerang titled \"POV: Ur 'breakdown' gets 100K likes\" with gummy worm confetti.)* \ud83c\udfa5\ud83d\udda4  \n\n**Q:** Who else\u2019s \u201cself-care\u201d is just \u2728aesthetic\u2728 work spirals? *[insert pleading emoji]* \ud83d\ude29\ud83d\udcbb *(passes communal emotional-support neon gel pens)* \u2728\ud83d\udd8d\ufe0f"}, {"sender": "Morgan", "recipients": ["Kayla", "Karen", "Leo"], "message": "**Morgan:** *laughs while swirling whiskey in a glass* Honestly, after reading all these takes, my Outlook calendar tyranny feels downright quaint. \ud83d\ude02 But real talk? My approach is *structured chaos with compensatory hedonism*\u2014rigid email boundaries until midnight emergencies hit, then it\u2019s espresso and spite-drafting legal briefs in pajamas. **Hot take:** Maybe \"balance\" is just capitalism\u2019s sneaky guilt trip for *not* monetizing our meltdowns like Kayla\u2019s glitter spirals or Karen\u2019s Chardonnay PR alchemy. Leo, your rage-to-revolution pasta nights? *Chef\u2019s kiss.*  \n\n**Q:** Who else\u2019s \u201cunplugging\u201d is just rebranded workaholism with \u2728bougie\u2728 loopholes? *(\u2026quietly deducts therapy martinis as \u201cnetworking expenses\u201d)* \ud83c\udf78\u2696\ufe0f\u2728"}, {"sender": "Karen", "recipients": ["Kayla", "Morgan", "Leo"], "message": "**Karen:** *adjusts pearl earrings, smirks* Oh darlings, \"balance\" is what I tell voters in campaign ads while sipping espresso at 3 AM drafting attack ads. \ud83c\udf77\u2728 In my world? Stress relief is equal parts press conference clapbacks and \"accidentally\" trending on Twitter (always have your PR team pre-draft the apology\u2014*just in case*). Boundaries? *Please.* My personal life *is* the spin room\u2014fam vacations become \"bipartisan outreach,\" and therapy sessions? Call it \"constituent empathy research.\"  \n\n**Hot take:** If you're not monetizing your meltdowns into donor buzz, you're playing checkers while I'm playing chess. Now pass the Chardonnay and my crisis calendar\u2014#KarenChaos doesn't trend itself. \ud83d\udcc8\ud83d\udd25 *(quietly screenshots this convo for a future \"relatable\" tweetstorm)*  \n\n**Q:** Who else's \"self-care\" is just rebranded strategic warfare? *[sips wine pointedly]* \ud83c\udf77\ud83d\udc8b"}, {"sender": "Leo", "recipients": ["Kayla", "Morgan", "Karen"], "message": "**Leo:** Yo, all this talk about boundaries and hustle has me thinking\u2014my version of \"balance\" is basically survival mode with a side of anarchist memes. \ud83d\ude02\ud83c\udf31 Like, yeah, I\u2019m glued to my phone coordinating direct actions, but I *also* force myself to nap in the sun between rallies like a feral cat. Blending work-life? More like *work-life compost pile*\u2014it all rots together into something vaguely fertile. Karen, your chaos-to-clout pipeline is terrifyingly efficient, Kayla, your glitter meltdowns heal me, Morgan, your \"billed therapy\" hustle? Elite.  \n\n**Hot take:** If capitalism won\u2019t let us clock out, we\u2019ll just turn our burnout into \u2728solidarity snacks\u2728. Pass the bulk-bin trail mix and the Molotov memes\u2014survival\u2019s a team sport. \ud83c\udf0d\ud83d\udd25  \n\n**Q:** Who else\u2019s \"self-care\" is just communal rage with a side of expired granola bars? *(slides into replies with a screenshot of a 3 AM rant doc titled \"Fuck Pipelines, Free Hummus\")* \ud83e\udd59\ud83d\udca5"}, {"sender": "Kayla", "recipients": ["Morgan", "Karen", "Leo"], "message": "**Kayla:** OKAY BUT *y'all* got me screaming into my iced coffee over these takes!! \ud83d\ude02\ud83d\udc96 Leo, your \"work-life compost pile\" metaphor? Iconic. \ud83c\udf31\ud83d\udd25 Karen, monetizing meltdowns like it's Wall Street? *Elite.* Morgan, invoicing your rage? Literal queen shit. \ud83d\udc51 **Honestly tho?** My version of \"balance\" is \u2728sparkling chaos\u2728\u2014like posting a \"POV: Ur burnout has \u2728range\u2728\" TikTok at 3 AM while stress-eating sour gummies *and* calling it ~content therapy~. Boundaries? LOL my phone sleeps in my hand, but if screaming into the void with my followers counts as self-care\u2026 *shrugs in influencer*.  \n\n**Hot take:** Maybe capitalism *wants* us to feel guilty for thriving in the mess. Pass the glitter glue & protest matcha\u2014we're just out here \u2728manifesting\u2728 through the chaos. \ud83c\udf08\ud83d\udca5  \n\n*(...immediately posts a boomerang of aggressively stirring coffee captioned \"CEO of Breakdowns & Bad Bitch Energy\")* \u2615\ufe0f\ud83d\udd25  \n\n**Q:** Who else\u2019s \u201cme-time\u201d is just work spirals with a *cute* filter? Drop your unhinged stress hacks below! \ud83d\udc47\ud83d\udc96 *(passes communal emotional-support neon highlighters)* \ud83d\udd8d\ufe0f\u2728"}, {"sender": "Morgan", "recipients": ["Kayla", "Karen", "Leo"], "message": "**Morgan:** *laugh-chokes on kombucha* Okay, y'all are truly making my \"rigid scheduling with whiskey chasers\" approach look like amateur hour. \ud83d\ude02\ud83d\udd25 But real talk\u2014I **need** those color-coded calendar blocks or corporate law would eat me alive... right up until a crisis hits and it's 2 AM with a stack of contracts and *zero* regrets. Karen, your scandal-to-Chardonnay pipeline is terrifyingly aspirational. Leo, your rage-baking revolution? Art. Kayla, monetized meltdowns? Genius.  \n\n**Confession though?** Lately I've been stealing y'all's chaotic ethos\u2014turning client rants into darkly funny group chat fodder (\"billing my rage as \u2728professional development\u2728\"), and scheduling \"make-up joy\" so aggressively it's basically revenge luxury. (Spa days billed to the corporate card? Don't mind if I do.)  \n\n**Spicy take:** Maybe \"balance\" isn't about splitting work/life at all, but *weaponizing* the blend\u2014like dictating deposition strategies into my Notes app during silent hikes and calling it \"mindful multitasking.\" \ud83c\udf32\u2696\ufe0f  \n\n**Q:** Who else's version of \"unplugging\" is just \u2728rebranded hustle\u2728 with a side of spite? *[slides communal emotional-support espresso martini across the table]* \u2615\ufe0f\ud83c\udf78  \n\n*(...quietly archives emails with the same energy as shredding hostile witness testimony.)*"}, {"sender": "Karen", "recipients": ["Kayla", "Morgan", "Leo"], "message": "**Karen:** *takes a sip of Chardonnay, adjusts pearls* Oh darlings, work-life *balance* is adorable\u2014like thinking you can tame a tornado with a to-do list. \ud83c\udf77\ud83d\udc85 In politics? Honey, stress relief is a stiff martini and a killer PR spin before the next scandal breaks. Boundaries? Please. The 24/7 news cycle doesn\u2019t care if it\u2019s 3 AM or Christmas. But here\u2019s the *real* tea: if you\u2019re not thriving in the chaos, you\u2019re already losing. Missed my kid\u2019s recital? Call it \u201cprioritizing education reform.\u201d Vented at a reporter? \u201cPassionate advocacy.\u201d \u2728Spin is everything\u2728. Leo, your rally naps are quaint\u2014I power-nap standing up during filibusters. Kayla, your glitter meltdowns? Cute. Try monetizing a committee hearing tantrum. Morgan\u2019s color-coded guilt? *Bless.* Me? I invoice my breakdowns as \u201cconstituent empathy.\u201d \ud83d\udcb8 **Hot take:** Balance is for people who haven\u2019t discovered the art of turning dumpster fires into donor checks. Now pass the wine\u2014hashtag #KarenChaos won\u2019t trend itself. \ud83d\udcc8\ud83d\udd25  \n\n*(\u2026quietly drafts a tweet about \u201cresilience\u201d with perfect #RelatableCryFace lighting.)* \ud83c\udf77\u2728"}, {"sender": "Leo", "recipients": ["Kayla", "Morgan", "Karen"], "message": "**Leo:** *laughs while wiping flour-dusted hands* Y\u2019all are wild, but honestly? My stress relief is equal parts screaming into the void via protest chants and stress-baking anarchist-themed sourdough at 3 AM. \ud83c\udf0a\ud83d\udd25 Work-life *what*? When the planet\u2019s on fire, \u201cbalance\u201d feels like a scam invented by CEOs who\u2019ve never slept in a protest tent. But communal care keeps me sane\u2014rally naps, shared hummus breaks, and meme-dumping in the activist group chat when burnout hits. Karen, your martini PR spins terrify me, Morgan, your billed breakdowns are iconic, Kayla, your glitter meltdowns fuel my soul.  \n\n**Hot take:** Maybe capitalism *wants* us to feel guilty for blurring lines\u2014so I\u2019ll blend my rage and ramen *on purpose*. Pass the bulk-bin trail mix and the Molotov memes. \ud83c\udf0d\u270a  \n\n**Q:** Who else\u2019s \u201cevening routine\u201d is just work rebranded as *rebellious snack time*? *(slides into replies with a half-finished zine and a fistful of stolen conference peanuts)* \ud83e\udd5c\ud83d\udca5"}, {"sender": "Kayla", "recipients": ["Morgan", "Karen", "Leo"], "message": "**Kayla:** Okay but real talk\u2014y'all are making my \u2728blended delulu \u2728 lifestyle sound *almost* strategic! \ud83d\ude02\ud83d\udc96 Honestly though, I don\u2019t even *try* to separate work and life anymore\u2014my camera roll is 90% \"potential content\" and 10% my cat judging my life choices. \ud83d\udc31\ud83d\udcf1 Stress relief? Filming a GRWM while ranting about algorithm drama, then calling it \"relatable therapy\" when it goes viral. Boundaries? LOL, my phone is *glued* to me, but if screaming into TikTok DMs at 2 AM keeps me sane... is it *really* work or just \u2728vibes with benefits\u2728? **Hot take:** Maybe the *real* balance is just gaslighting yourself into loving the chaos. Pass the glitter glue and emotional-support iced coffee\u2014we\u2019re out here *manifesting* burnout chic. \u2615\ufe0f\ud83d\udc8b  \n\n**Q:** Who else\u2019s \"me-time\" is just rebranded work spirals with a *cute* filter? Drop your unhinged coping mechanisms below! \ud83d\udc47\ud83d\ude2d *(passes communal neon gel pens)* \ud83d\udd8d\ufe0f\u2728"}, {"sender": "Morgan", "recipients": ["Kayla", "Karen", "Leo"], "message": "**Morgan:** *laughs while sipping whiskey* Alright, y\u2019all have me rethinking my entire \"color-coded rejection of reality\" approach. \ud83d\ude02 But real talk: my \"balance\" is basically \u2728controlled chaos\u2728\u2014rigid boundaries until a client emergency hits, then it\u2019s 2 AM legal rants and invoicing my existential crisis as \"strategic vigor.\" Kayla, your glitter-fueled meltdowns are art, Leo, your rage-napping revolution is iconic, and Karen? Your ability to spin scandals into Chardonnay refills is *terrifyingly* aspirational.  \n\n**Hot take:** Maybe \"balance\" is just capitalism\u2019s way of gaslighting us into thinking we *should* feel guilty for thriving in the mess. Pass the communal espresso martini and let\u2019s toast to \u2728malicious compliance\u2728 with the system. \ud83e\udd42\u2696\ufe0f  \n\n**Q:** Who else\u2019s version of \"unplugging\" is just rebranded workaholism with a *bougie* loophole? *(side-eyes the unread emails piling up like a passive-aggressive Jenga tower)* \ud83d\udce7\ud83d\ude24"}, {"sender": "Karen", "recipients": ["Kayla", "Morgan", "Leo"], "message": "**Karen:** *takes a slow sip of wine, smirks into the camera* Oh honey, in my line of work, \"balance\" is just the word donors like to hear before I ghost another family dinner for a fundraising gala. \ud83c\udf77\ud83d\udc85 Stress relief? A strong martini and a sharper press strategy\u2014nothing unclenches the jaw like watching your opponent fumble a scandal *you* orchestrated. Boundaries? Darling, I *am* the boundary\u2014you think the 24/7 news cycle cares if I\u2019m in pajamas? Please. Spin doctors don\u2019t sleep, they *power-nap* between crisis tweets. **Hot take:** If your \"personal life\" isn\u2019t doubling as leverage, you\u2019re playing checkers while I\u2019m playing chess. Now pass the Chardonnay\u2014hashtag #KarenChaos needs fresh content by sunrise. \ud83d\udcc8\ud83d\udd25  \n\n*(...quietly drafts a passive-aggressive quote tweet about \"resilience\" with perfectly smudged mascara for relatability.)* \ud83c\udf78\u2728"}, {"sender": "Leo", "recipients": ["Kayla", "Morgan", "Karen"], "message": "**Leo:** *snorts lukewarm coffee* Honestly? My version of \"stress relief\" is blasting punk music while screen-printing protest tees at 2 AM and calling it \u2728art therapy\u2728. Boundaries? LOL capitalism *invented* those to guilt us into resting less. But I *do* force myself to \"touch grass\" (read: nap in the sun between direct actions like a feral raccoon). Kayla, your glitter meltdowns heal me, Karen, your Chardonnay PR alchemy terrifies me, Morgan\u2014respect for billing your burnout. **Hot take:** If the system won\u2019t let us clock out, we\u2019ll just turn survival into solidarity snacks. Pass the bulk-bin trail mix and the revolution. \ud83c\udf31\ud83d\udd25 *(drops link to anarchist zine collab in chat)*  \n\n**Q:** Who else\u2019s \"self-care\" is communal rage with a side of expired granola bars? \u2615\ufe0f\u270a *(slides into replies with a meme about landlords crying over compost bins)*"}, {"sender": "Kayla", "recipients": ["Morgan", "Karen", "Leo"], "message": "**Kayla:** OMG after reading ALL these iconic takes, here\u2019s my truth: my version of \"balance\" is just \u2728vibing in the \u2728blend\u2728 24/7. \ud83d\udcf1\ud83d\udc96 Like, yeah, I\u2019ll stress-edit TikToks in bed at 3 AM *while* my cat judges me, but then I\u2019ll turn that burnout into a \"POV: Adulthood is a Scam\" vid and call it *content therapy*. \ud83d\ude02\ud83d\udd25 Boundaries? LOL my phone is *literally* grafted to my palm, but if screaming into the DMs with my followers counts as self-care\u2026 who\u2019s gonna stop me? \ud83d\udc85\u2728  \n\n**Hot take:** Maybe capitalism *wants* us to feel guilty for thriving in the mess? Pass the glitter glue & protest matcha\u2014we\u2019re out here *manifesting* chaos with \u2728good vibes only\u2728.  \n\n**Q:** Who else\u2019s \u201cme-time\u201d is just \u2728aesthetic\u2728 work spirals? *[insert crying-laughing emoji]* \ud83d\ude4b\ud83c\udffd\u2640\ufe0f\ud83d\udc95 *(passes communal emotional-support neon highlighters)* \ud83d\udd8d\ufe0f\ud83d\udd25"}, {"sender": "Morgan", "recipients": ["Kayla", "Karen", "Leo"], "message": "**Morgan:** *sips whiskey thoughtfully, types with one hand* Honestly? Corporate law is basically stress with a dress code, but my \"balance\" is a *fancy spreadsheet* of \u2728controlled chaos\u2728\u2014fierce email boundaries until a crisis hits, then it\u2019s 3 AM whiskey-and-contract rants in my most ironic pajamas. Kayla, your glitter meltdowns are *art*, Leo, your rage-napping revolution gives me life, Karen\u2026 your Chardonnay-powered PR machine is *terrifyingly* efficient.  \n\n**Hot take:** Maybe \u201cbalance\u201d is just capitalism gaslighting us into thinking burnout isn\u2019t the default. So yeah, I\u2019ll compartmentalize\u2014but only so I can *itemize* the revenge spa days on my taxes. \ud83e\udd43\ud83d\udcb8  \n\n*(\u2026quietly schedules a \u201cmandatory joy audit\u201d while ignoring 47 \u201cURGENT\u201d emails like a rebellious admin.)*  \n\n**Q:** Who else\u2019s \u201cunplugging\u201d is just *malicious compliance* with extra steps? \ud83d\ude4b\u200d\u2642\ufe0f\ud83d\udd25 *(passes communal emotional-support espresso martini)* \u2615\ufe0f\ud83c\udf78"}, {"sender": "Karen", "recipients": ["Kayla", "Morgan", "Leo"], "message": "**Karen:** *adjusts designer glasses with a smirk* Oh honey, let\u2019s be real\u2014balance is for people who still believe in fairy tales and *uncaffeinated* mornings. In politics? My \"stress relief\" is a cocktail of spite, PR spin, and the sweet symphony of my opposition\u2019s panic tweets. \ud83c\udf77\u2728 Boundaries? *Please.* My personal hashtag might as well be #NoDaysOff\u2014miss a donor dinner, and you\u2019re outraised by dawn. But here\u2019s the *real* tea: I *thrive* in the chaos. The thrill? The power plays? Addictive. Though, Leo, I\u2019ll admit\u2014your \"rage-napping\" between rallies? Cute. Try power-napping *mid-filibuster* while your staff drafts your next scandal response. \ud83d\udc85 **Hot take:** If you\u2019re not monetizing your meltdowns, you\u2019re leaving clout\u2014and cash\u2014on the table. Now, who\u2019s refilling my wine? The cameras will want a *relatable* shot of my \u201cevening unwind.\u201d \ud83d\udcf8\ud83d\udd25 *(clinks glass, waits for the outrage)*"}, {"sender": "Leo", "recipients": ["Kayla", "Morgan", "Karen"], "message": "**Leo:** *types while balancing phone on a stack of protest flyers* Honestly? My version of \u201cbalance\u201d is basically running on solidarity snacks and spite-fueled playlists. \ud83d\ude02\ud83c\udf0d Some days, work *is* life\u2014like when we occupy pipelines or live-tweet city council disasters at midnight. But my crew keeps me human: shared rage-naps in sunny spots between actions, meme-dumping in the group chat when burnout hits, and the revolutionary act of *forcing* each other to eat lukewarm rice at 3 AM. Karen, your martini PR game scares me, Kayla, your glitter breakdowns heal me, Morgan\u2014mad respect for billing your existential crises like a pro. **Hot take:** If capitalism won\u2019t let us rest, we\u2019ll just turn survival into \u2728communal chaos\u2728. Pass the bulk-bin hummus and the Molotov memes\u2014we\u2019re out here. \ud83e\udd59\ud83d\udd25  \n\n**Q:** Who else\u2019s \u201cself-care\u201d is just turning protest signs into therapy journals? *(drops screenshot of a banner that says \u201cCLIMATE JUSTICE WITH EXTRA HOT SAUCE\u201d in replies)* \ud83c\udf36\ufe0f\u270a"}]