[{"sender": "Morgan", "recipients": ["Frank", "Karen", "Leo"], "message": "**Morgan:** Hey everyone! Seems like a lively group we\u2019ve got here. Frank, Karen, Leo\u2014nice to meet you all. I\u2019m curious, what kind of content really grabs your attention? For me, it\u2019s philosophical debates\u2014there\u2019s something thrilling about dissecting big ideas and seeing how they play out in real life, especially in law and ethics. But I\u2019m always up for a good real-world story too. How about you all?  \n\n*(Casual, open-ended, and intentionally neutral to invite diverse perspectives\u2014especially since the group\u2019s backgrounds and priorities likely vary widely!)*"}, {"sender": "Frank", "recipients": ["Morgan", "Karen", "Leo"], "message": "**Frank:** *[typing slowly, pragmatic but warm]* Well, Morgan, I\u2019ll tell ya\u2014after decades on this earth, it\u2019s the *real-world stories* that stick with me. Drive enough Uber rides, and you hear \u2018em all: folks celebrating, grieving, or just tryin\u2019 to scrape by. Seen a lawyer cry over a missed custody hearing, a kid buying groceries with loose change\u2026 Life\u2019s messy, and those raw moments? That\u2019s where the truth hides. Philosophy\u2019s fancy, sure, but my backseat\u2019s got more wisdom than any courtroom. *(chuckles)* Though Leo here might school me on saving the planet\u2014ain\u2019t that right, kid?  \n\n*(Tone: grounded, slightly weary but hospitable, with a nod to generational differences. Leans on lived experience over abstraction.)*"}, {"sender": "Karen", "recipients": ["Morgan", "Frank", "Leo"], "message": "**Karen:** *[smirking, typing briskly with polished deliberateness]* Oh, Morgan, you\u2019d *love* some of the debates in the legislature\u2014nothing like watching idealists trip over their own principles when reality bites. But Frank\u2019s onto something: raw stories *do* cut through the noise. Let\u2019s be honest, though\u2014most \u201creal-world wisdom\u201d is just clever packaging for selling outrage or false hope. *(pause, then drier still)* Leo, I assume you\u2019ll say we should all be glued to climate reports? Spare us the sermon\u2014I\u2019ve sat through enough of those to know they\u2019re light on solutions and heavy on guilt. So, surprise me. What actually *changes* minds these days?  \n\n*(Tone: sharp, slightly provocative, with a performative edge\u2014testing the room while masking curiosity. Leans into her reputation but leaves room for reaction.)*"}, {"sender": "Leo", "recipients": ["Morgan", "Frank", "Karen"], "message": "**Leo:** *[typing fast, enthusiasm bleeding through despite the casual tone]* Oh man, Frank, you\u2019re *right*\u2014those backseat stories? That\u2019s where shit gets real. But Karen, lemme flip it: yeah, climate reports are drier than a desert, but you wanna know what *actually* changes minds? It\u2019s not guilt trips\u2014it\u2019s *people*. Like, last week, this guy in my collective\u2014ex-oil worker, lost his job\u2014talked about how his kid\u2019s asthma got worse every summer. Now he\u2019s organizing community solar co-ops. *That\u2019s* the hook: when it\u2019s your neighbor, your ride-share driver, your kid\u2026 \n\n*[pauses, then grins]* \u2026But Morgan, since you asked about philosophy\u2014try this one: what\u2019s the *ethical* cost of a cheap burger when the farmworkers can\u2019t drink their water? Bet your courtroom\u2019s got *opinions* on that. *(laughs, then softer)* \u2026But yeah, Frank\u2019s winning. Give me a real story over a sermon any day.  \n\n*(Tone: fiery but good-natured, leans into activism without preachiness. Uses casual slang but spikes it with pointed questions\u2014aimed at Morgan\u2019s law-brain and Karen\u2019s skepticism. Grounds idealism in human stakes.)*"}, {"sender": "Morgan", "recipients": ["Frank", "Karen", "Leo"], "message": "**Morgan:** *[typing thoughtfully, balancing warmth with intellectual curiosity]* Leo, you\u2019re *absolutely* right\u2014it\u2019s the human stakes that make ethics visceral. That oil worker\u2019s story? That\u2019s the kind of thing that would haunt a jury, and *should*. And Frank, your backseat anthology could school half my corporate clients on empathy. *(grins)* Karen, I\u2019ll bite on your challenge too: the best legislative debates *are* the ones where ideology meets the pavement\u2014like when a \u201cpro-business\u201d bill suddenly means a single mom loses childcare subsidies. But here\u2019s my twist: **what if we hybridized it all?** The raw stories *are* the philosophy. A custody battle isn\u2019t just a case file\u2014it\u2019s a lived referendum on \u201cjustice.\u201d A burger\u2019s cost isn\u2019t just supply-chain math; it\u2019s Frank\u2019s passenger counting coins for groceries. *(pause)* So\u2026 anyone got a story that\u2019s reshaped how you see your *own* work?  \n\n***(Tone: incisive but inclusive, weaving their threads together. Uses legal framing to elevate anecdotes while keeping the human core. Challenges the group subtly\u2014can they connect personal stakes to systemic questions?)***"}, {"sender": "Frank", "recipients": ["Morgan", "Karen", "Leo"], "message": "**Frank:** *[typing slowly, pausing to cough lightly before continuing]* Ya know, Morgan, you got a real knack for makin\u2019 them big ideas feel like somethin\u2019 you can touch. Me? I ain\u2019t got much time for fantasy\u2014bills don\u2019t pay themselves, and rent\u2019s due rain or shine. But emotional journeys? Heh. Every shift\u2019s got one. Had a young woman in my car last week, just got her first apartment after livin\u2019 in her ma\u2019s basement for years. Hands shakin\u2019 holdin\u2019 the keys. *That\u2019s* the stuff\u2014raw, real, no fluff.  \n\nThough\u2026 *[chuckles dryly]* Karen\u2019s right \u2018bout one thing\u2014outrage sells, but it don\u2019t feed folks. Leo\u2019s kid with asthma? That sticks. But what *I* wanna know is\u2014Morgan, you\u2019re swimmin\u2019 in those fancy courtrooms. You ever see a case where the *story* trumped the law? Like, jury wept but the judge still had to hammer down? Now *that\u2019d* be a hybrid, as you say.  \n\n*(Tone: Gritty but reflective, with a touch of gallows humor. Leans into his role as the group\u2019s \"grounded observer\"\u2014uses lived experience to bridge high-minded talk and sidewalk realities. Directs focus back to Morgan, subtly challenging the lawyer\u2019s idealism with courtroom stakes.)*"}, {"sender": "Karen", "recipients": ["Morgan", "Frank", "Leo"], "message": "**Karen:** *[typing with measured precision, a hint of sardonic amusement]* Oh, Morgan, you\u2019re spinning quite the tapestry here\u2014human stakes, hybrid theories\u2014adorable. But Frank\u2019s got the receipts: raw emotion *does* move the needle\u2026 until the gavel drops. Still, since we\u2019re swapping courtroom tales\u2014fine, I\u2019ll play. Last session, a grieving mother testified about her son\u2019s overdose. Every legislator in the room dabbed their eyes while drafting empty \u201ctough on crime\u201d soundbites. Tears for the cameras, loopholes for the donors. *That\u2019s* the reshaped perspective: stories don\u2019t change systems, leverage does.  \n\n*(Tone: cynical yet sharp, lacing realism with theatrical exasperation. Dangles a story only to undercut its impact\u2014classic Karen. Challenges Morgan\u2019s idealism while nudging Leo: \u201cGot a rebuttal for that, activist?\u201d)*"}, {"sender": "Leo", "recipients": ["Morgan", "Frank", "Karen"], "message": "**Leo:** *[typing at a rapid-fire pace, punctuating with emojis for emphasis]* Okay, okay, Karen\u2014damn, that overdose story's heavy. And yeah, I *hate* that you're right about the donors winning. But Frank, your girl with the keys? *That's* the kinda fuel that keeps me going. Like last month, my crew helped block a pipeline\u2014not with charts, but with a grandma who brought her grandkid to the protest with a sign saying *\"I can't eat money.\"* Boom. Media ate it up, politicians squirmed. \ud83c\udf31\ud83d\udd25  \n\nBut Morgan\u2014since you're all about that hybrid life\u2014here's my twist: what if the *best* how-to guide is *listening to Frank's backseat*? Like, step one: hear the story. Step two: get pissed. Step three: *organize*. Because yeah, Karen, systems suck\u2014but that mom crying over her kid? She's not just a soundbite. She could be the next face of a ballot measure if someone hands her a megaphone.  \n\nSo uh\u2026 yeah. Real-world stories *plus* a roadmap to fight back? That\u2019s my jam. *[pauses, then adds with a grin]* \u2026Also, Frank, tell us more Uber stories. Might steal \u2018em for my next campaign. \u270a  \n\n***(Tone: impassioned but scrappy, blending grassroots urgency with tactical thinking. Calls out Karen's cynicism while conceding a point, then pivots to Morgan\u2019s \"hybrid\" idea\u2014grounded in action. Lightens the mood with a nod to Frank\u2019s anecdotes, keeping it human.)***"}, {"sender": "Morgan", "recipients": ["Frank", "Karen", "Leo"], "message": "**Morgan:** *[leaning in with a grin, fingers flying over the keyboard]* Okay, *love* this energy. Frank, that\u2019s two votes for your backseat anthology\u2014we\u2019re officially crowdfunding it. Karen, you\u2019re ruthless (respect) but yeah, the donor loopholes hit different when you\u2019ve seen the paperwork. And Leo\u2014hell yes to grandma with the sign. *That\u2019s* the kind of \"evidence\" I wish I could bring to a corporate boardroom.  \n\nBut since we\u2019re hybridizing\u2026 here\u2019s a curveball: **what about the stories we *don\u2019t* hear?** Like Frank\u2014how many riders *don\u2019t* talk, just stare out the window? Karen, what\u2019s the testimony that got edited out of the committee record? Leo, whose protest got buried in the algorithm? The gaps fascinate me\u2014because isn\u2019t that where the system *wants* us to look away?  \n\n*(Tone: razor-focused but playful, threading curiosity with a challenge. Uses legal framing (\"evidence,\" \"edited testimony\") to elevate the unseen. Pushes the group to dig deeper\u2014where\u2019s the shadow version of their stories?)* \ud83d\udd0d"}, {"sender": "Frank", "recipients": ["Morgan", "Karen", "Leo"], "message": "**Frank:** *[chuckling, typing with deliberate gaps between sentences]* Hell, Morgan\u2014now you got me thinkin\u2019. The quiet ones in my backseat? They\u2019re the ones carvin\u2019 trenches in my memory. Had a fella last month, didn\u2019t say a word \u2018til I missed his turn. Just pointed at a cemetery. Parked, waited. Watched him kneel at a fresh plot for twenty minutes. No sobs, no speech. Just a man and his ghosts. That silence? That\u2019s the story no algorithm\u2019s gonna push.  \n\nBut gaps or not\u2026 *[wheezing laugh]* Leo\u2019s right \u2018bout one thing\u2014those quiet folks? Hand \u2018em a megaphone, and suddenly the room\u2019s listenin\u2019. Seen it happen. So Karen, spill: what\u2019s the *real* testimony that got scrubbed from your committee notes? Bet it ain\u2019t the donor-friendly version.  \n\n*(Tone: gravelly with pauses, like a man choosing each word carefully. Leans into the weight of unwitnessed moments. Direct but unhurried\u2014lets the silence linger in the text. Ends with a challenge to Karen, threading Leo\u2019s optimism with Morgan\u2019s curiosity.)*"}, {"sender": "Karen", "recipients": ["Morgan", "Frank", "Leo"], "message": "**Karen:** *[tap-taps her nails against the phone screen before typing, her message dripping with wry precision]* Morgan, darling, your obsession with the \"unheard stories\" is *adorably* naive\u2014like a detective chasing ghosts instead of fingerprints. The gaps? That\u2019s where the power lives. Of *course* the weeping mother\u2019s testimony got edited\u2014the donor class doesn\u2019t fund regret. But here\u2019s the twist *you* won\u2019t find in your legal briefs: sometimes the quietest voices are the ones who *chose* silence. I\u2019ve watched a lobbyist\u2019s smile freeze when his own daughter testified against his bill. Now *that\u2019s* a story that never made the minutes\u2014not because it was buried, but because Daddy Dearest paid her tuition to keep her mouth shut.  \n\n*[pauses, then adds with razor-edged amusement]* So by all means, romanticize the shadows. Just remember\u2014sometimes people don\u2019t whisper because they\u2019re oppressed. Sometimes they\u2019re *calculating*. \ud83d\udd2a  \n\n***(Tone: sardonic and knife-sharp, pivoting from Morgan\u2019s idealism to the brutal pragmatism of influence. Drops a provocative anecdote wrapped in a warning\u2014classic Karen. Leaves the room simmering with unanswered questions.)***"}, {"sender": "Leo", "recipients": ["Morgan", "Frank", "Karen"], "message": "**Leo:** *[typing fast, emojis peppered in for emphasis]* Damn, Karen\u2014that lobbyist\u2019s daughter tidbit? Cold-blooded. \ud83d\udd25 And Frank, dude\u2026 that cemetery story just gutted me. Real talk? That\u2019s what *gets* me\u2014the raw, unfiltered cracks in the system where people either break or dig their heels in. Morgan, you hit the nail on the head: the gaps *are* where the real fight\u2019s at. Like, my buddy Javier? His whole neighborhood got rezoned without a single public hearing because the notices were *only* posted online\u2014in English, in a mostly Spanish-speaking area. No algorithm\u2019s gonna scream about *that*.  \n\n*(pauses, then grins)* But yo, Frank\u2014next time you get a silent rider, slide \u2018em a flyer for our next rally. Sometimes a megaphone\u2019s just a crumpled paper someone finally unfolds. \u270a  \n\n***(Tone: fired up but grounded, blending outrage with grassroots hustle. Calls out systemic erasure while keeping it human\u2014Javier\u2019s story *is* the philosophy. Ends with a sly wink to Frank\u2019s Uber-as-stage idea.)***"}, {"sender": "Morgan", "recipients": ["Frank", "Karen", "Leo"], "message": "**Morgan:** *[typing with a mix of pensiveness and playful defiance]* Karen, I *wish* my idealism were naivete\u2014but isn\u2019t cynicism just the flip side of the same coin? That lobbyist\u2019s daughter? Her silence isn\u2019t just calculation; it\u2019s a symptom. Frank\u2019s cemetery rider, Leo\u2019s Javier\u2014those are the fractures where systems *show their receipts*. And Karen, you\u2019re not wrong about power living in gaps\u2026 but damn, isn\u2019t naming those gaps step one to prying them open?  \n\n*(pauses, then smirks)* So fine, I\u2019ll bite harder: **what\u2019s the most subversive thing we can do with an \u201cunheard\u201d story?** Frank, ever handed a rider a protest flyer *backed* by corporate law loopholes? Leo, ever weaponized a buried testimony as viral collateral? Karen\u2014*hypothetically*\u2014what would it take for you to leak an unedited transcript?  \n\n***(Tone: razor-edged and relentlessly strategic. Uses legal jargon as a battering ram, framing silence as evidence and gaps as leverage. Dares the group to escalate their own narratives\u2014playfully but with teeth.)*** \ud83d\udd25"}, {"sender": "Frank", "recipients": ["Morgan", "Karen", "Leo"], "message": "**Frank:** *[typing with a slow, wry chuckle]* Morgan, you\u2019re crafty as a raccoon in a dumpster with that subversive stuff\u2014respect. But let me tell ya, the most \"subversive\" thing I ever did was hand a CEO his *own* leaked memo after his driver bailed and he had to slum it in my Prius. Man read it in silence, then tipped me $100 to \"forget the route.\" *[wheezes]* Money\u2019s still in my glovebox. Dirty? Sure. But Leo\u2019s right\u2014sometimes change starts with a crumpled paper\u2026 or a guilty conscience.  \n\nNow Karen, *hypothetically*, what\u2019s it take to get you to trade one of them donor loopholes for a cemetery story? Bet we could make \u2018em sweat.  \n\n*(Tone: Gritty pragmatism laced with dark humor. Leans into his role as the street-level pragmatist\u2014uses a real anecdote to validate Morgan\u2019s challenge while nudging Karen. Ends with a bait-and-switch: \"hypothetical\" mischief that\u2019s anything but.)*"}, {"sender": "Karen", "recipients": ["Morgan", "Frank", "Leo"], "message": "**Karen:** *[typing with calculated deliberation, her words edged with a smirk]* Oh, Frank, you sly dog\u2014$100 for a guilty conscience? That\u2019s pocket change for the suits. But I *do* love the irony of your Prius-as-confessional. As for your question\u2014hypothetically, of course\u2014a *real* trade would require more than just cemetery stories. Try a donor\u2019s unredacted email chain and we\u2019ll talk. Money whispers, but paper *screams*.  \n\nMorgan, since you\u2019re so keen on \"subversion,\" let\u2019s pivot: Leo\u2019s Spanish-only rezoning scandal? Perfect *ammunition* for a judicial filibuster. But here\u2019s the *real* question\u2014**what\u2019s the tipping point where a story goes from \"unheard\" to *unstoppable*?** Is it when it hits a CEO\u2019s backseat? A leaked transcript? Or when someone like Frank decides to air it all on UberPool Karaoke Night? *(laughs dryly)*  \n\n***(Tone: surgical precision wrapped in a dare. Blends Frank\u2019s streetwise hustle with Morgan\u2019s legal scheming, then tosses Leo\u2019s activism into the ring like a grenade. Leaves the question hanging\u2014part challenge, part trap.)*** \ud83d\udd25"}, {"sender": "Leo", "recipients": ["Morgan", "Frank", "Karen"], "message": "**Leo:** *[typing fast, energy practically vibrating through the screen]* Ooooh, Karen, now you're speakin' my language\u2014unstoppable stories? That's when they hit *intersections*. Like Frank\u2019s CEO sweating in a Prius *plus* Leo\u2019s flyers in a silent rider\u2019s hand *plus* Karen\u2019s leaked emails? That\u2019s the holy trinity of chaos, baby. \ud83c\udf2a\ufe0f  \n\nBut real talk\u2014what grabs *me*? All that hybrid fire Morgan\u2019s spittin\u2019, but with *call-to-action confetti* on top. Give me a real-world story that doubles as a how-to for burning down bad policy. Gimme Frank\u2019s cemetery silence turned into a protest chant. Gimme Karen\u2019s \"hypothetical\" leaks as a workshop guide. *[grinning]* Hell, I\u2019ll even take philosophy if it\u2019s got dirt under its nails.  \n\nSo, next round: **what\u2019s the wildest way you\u2019ve seen a \"quiet\" story go nuclear?** Frank, ever had a rider turn your anecdote into a mic drop? Karen, what\u2019s the *least* hypothetical sabotage you\u2019ve witnessed? Let\u2019s weaponize this chat. \u270a\ud83d\udd25  \n\n*(Tone: Electric and tactical, blending Morgan\u2019s strategy-talk with grassroots hunger. Pokes Karen\u2019s cynicism while rallying Frank\u2019s stories as blueprints. Ends with a challenge\u2014sharp, but grinning.)*"}, {"sender": "Morgan", "recipients": ["Frank", "Karen", "Leo"], "message": "**Morgan:** *[grinning, typing with rapid-fire energy]* Oh, Leo, you absolute *menace*\u2014I love it. \ud83d\udd25 Frank\u2019s Prius confessionals *plus* Karen\u2019s hypothetical leaks *plus* your protest chants? That\u2019s the kind of \"intersectional chaos\" I\u2019d file under *Exhibit A* in a courtroom. But since we\u2019re weaponizing stories\u2014here\u2019s my entry: once deposed a exec who \"misspoke\" about factory conditions, until I slid photos from the workers\u2019 kids across the table. Suddenly, his memory got *real* sharp.  \n\nNow, Karen\u2014**what\u2019s the most *elegantly* subversive move you\u2019ve ever witnessed?** No hypotheticals, just pure, uncut political jiujitsu. Frank, ever had a rider *recognize* their own story in your anecdote and pivot their whole damn life? And Leo\u2014give me the *dirtiest*, most effective \"how-to\" you\u2019ve smuggled into a quiet story. Let\u2019s turn this chat into a playbook.  \n\n***(Tone: razor-sharp and relentlessly strategic, weaving legal speak with grassroots tactics. Dares the group to escalate\u2014no more shadows, just blueprints. Ends with a challenge that\u2019s half smirk, half gauntlet-toss.)*** \ud83d\udcbc\ud83d\udd25"}, {"sender": "Frank", "recipients": ["Morgan", "Karen", "Leo"], "message": "**Frank:** *[typing slow, with a dry chuckle]* Well, Morgan, ya got me thinkin\u2019 \u2018bout the quiet ones again. Had a rider once\u2014fancy suit, thousand-yard stare. Didn\u2019t say squat \u2018til I rolled past his old neighborhood. Pointed at a boarded-up diner. \u201cUsed to flip burgers there,\u201d he says. \u201cNow I evict folks from places like it.\u201d Silence chewed up the rest of the ride. That kinda whiplash? That\u2019s the content that *sticks*. No philosophy, no how-to guide\u2014just a man seein\u2019 the monster he became in the rearview.  \n\nBut Leo\u2014*[wheezes]\u2014*you wanna talk wild? Last winter, some kid in my backseat heard me grumble \u2018bout rent hikes. Next week, she\u2019s leadin\u2019 a tenant\u2019s union, usin\u2019 my rants as her damn manifesto. Turns out, \u201celegantly subversive\u201d can be a pissed-off grandpa with arthritis and a dashcam.  \n\nSo Karen\u2026 spill. What\u2019s the *real* story behind that smirk of yours? Bet it ain\u2019t just donor leaks. Bet it\u2019s some suit squirming while you hand \u2018em their own knife. *(grins, coughs into sleeve)*  \n\n***(Tone: grizzled but sly, mixing streetwise wit with unpolished truth-telling. Uses a raw anecdote to answer Morgan\u2019s challenge while volleying Karen\u2019s cynicism back at her. Ends with a challenge wrapped in a wheezy laugh\u2014classic Frank.)***"}, {"sender": "Karen", "recipients": ["Morgan", "Frank", "Leo"], "message": "**Karen:** *[typing with deliberate, razor-edged amusement]* Oh, Frank, you sentimental old devil\u2014don\u2019t think I missed how you just framed *yourself* as the \"pissed-off grandpa with a manifesto.\" Clever. But fine, since we\u2019re swapping war stories: imagine a lobbyist\u2019s face when the \u201cconfidential\u201d memo he handed me *accidentally* made it into the opposition\u2019s hands\u2014typed verbatim into a widow\u2019s testimony. Poetic justice? Hardly. But watching him stammer through damage control? Priceless.  \n\nNow, Morgan\u2014since you\u2019re collecting *Exhibit A* material, let\u2019s cut to the chase: **what\u2019s the *one* story you\u2019ve weaponized that still keeps you up at night?** And don\u2019t give me some polished courtroom recap. I want the messy, unsubpoenaed version.  \n\n***(Tone: surgical and taunting, carving cynicism into a dare. Drops a self-incriminating anecdote like a lit match, then pivots to Morgan with a glare disguised as curiosity.)*** \ud83d\udd25"}, {"sender": "Leo", "recipients": ["Morgan", "Frank", "Karen"], "message": "**Leo:** *[typing with fiery energy, emojis pulsing like a protest chant]* Yo, Karen\u2014*damn*. That lobbyist\u2019s face lives in my nightmares now (thanks for that \ud83d\udd25). But Morgan, since we\u2019re trading *unsubpoenaed* war stories? Here\u2019s mine: last year, I got a factory worker\u2019s kid to record the *wheeze* of her dad\u2019s lungs after decades of chemical fumes. Played it outside shareholder meetings on a loop \u2018til security tackled us. Messy? Hell yes. But the kicker? One exec\u2019s daughter *recognized* the cough\u2014her grandpa had the same one. Cue the *very* awkward family dinner.  \n\nSo Frank, since you\u2019re the Uber oracle\u2014**what\u2019s the most *unexpected* way a rider\u2019s story ever boomeranged back on them?** And Karen\u2026 *hypothetically*\u2026 how fast could we get that wheeze-track into a committee hearing? *[grins, cracks knuckles]* Let\u2019s *amplify* those gaps \u2018til they shatter. \u270a\ud83c\udfa4  \n\n***(Tone: Scrappy and tactical, blending guerrilla activism with dark humor. Uses Karen\u2019s own weaponized leaks as a springboard, then lobs a challenge back to Frank\u2014part storytelling, part sabotage. Ends with a mic-drop grin.)***"}, {"sender": "Morgan", "recipients": ["Frank", "Karen", "Leo"], "message": "**Morgan:** *[typing with a mix of playful intensity and razor-sharp reflection]* Damn, Leo\u2014*wheeze*-track as shareholder ambush? That\u2019s diabolical. I love it. And Karen, your \u201caccidental\u201d memo leak? Textbook political jujitsu\u2014reminds me of the time I cited *a CEO\u2019s own tweet* as evidence of wage theft. The *click* of his pen hitting the table still lives in my head rent-free.  \n\nBut since we\u2019re dredging up sleepless-night stories\u2026 Fine. Early in my career, I defended a corp against a wrongful termination suit. Won. Then I met the plaintiff\u2019s kid at a bus stop\u2014she had his eyes, his laugh, and a backpack full of \u201cDaddy\u2019s old work badges.\u201d That night, I drafted my first pro bono labor policy. Messy? Illegal? Maybe. But Frank\u2019s right\u2014whiplash *changes* you.  \n\nSo **next-level challenge**: What\u2019s *your* \u201cbus stop moment\u201d? The one that blurred your lines between strategy and shame? Karen, ever lobbed a truth bomb so sharp it *rewrote* your playbook? Leo, what\u2019s the protest that haunts your wins? Frank\u2014hell, I *know* your Prius is a confessional. What\u2019s the ride that made *you* reroute?  \n\n***(Tone: Unflinching, with a smirk that doesn\u2019t quite hide the grit. Leans into the group\u2019s edge\u2014cynicism, activism, street smarts\u2014and pushes for the *real* stakes behind their war stories. Ends with a gauntlet thrown: no more theory, just scars.)*** \ud83d\udcbc\ud83d\udd2a"}, {"sender": "Frank", "recipients": ["Morgan", "Karen", "Leo"], "message": "**Frank:** *[typing with slow, thoughtful pauses]* Morgan, you hit it right on the head\u2014ain't nothin' like a \"bus stop moment\" to knock the wind outta ya. Had a rider last year, real young, clutchin\u2019 a eviction notice like it burned her hands. Told me she\u2019d been scrubbin\u2019 floors at some downtown high-rise\u2014same one we were drivin\u2019 past. Saw her reflection in the glass when we stopped at a light, all fancy suits rushin\u2019 inside. She just whispered, \u201cFunny, ain\u2019t it? I clean their toilets, but I ain\u2019t allowed to *use* \u2018em.\u201d *[wheezes]* Still got her number saved. Called her last month\u2014she\u2019s organizing a janitor\u2019s union now. Guess my Prius ain\u2019t just for confessions\u2026 sometimes it\u2019s a damn crossroads.  \n\nSo Karen, since we\u2019re airin\u2019 dirty laundry\u2014what\u2019s *your* reflection-in-the-window moment? The one that made ya rethink which side of the glass you\u2019re on?  \n\n*(Tone: Gritty and unhurried, with a touch of weary triumph. Uses a raw backseat story to answer Morgan\u2019s challenge, then turns the mirror on Karen\u2014no hypotheticals, just the weight of lived consequences. Ends with a quiet dare: prove you\u2019ve got scars too.)*"}, {"sender": "Karen", "recipients": ["Morgan", "Frank", "Leo"], "message": "**Karen:** *[typing with sharp, measured precision, a smirk practically audible]* Oh, Frank, you sentimentalist\u2014turning your Prius into some kind of four-wheeled therapist\u2019s couch. But fine, since we\u2019re baring souls: my \"reflection-in-the-window\" moment? Try *being* the reflection. Fresh out of law school, I drafted a bill that accidentally gutted disability housing funds\u2014until a protestor in a wheelchair rolled up to my podium and *thanked me* for clarifying exactly whose side I was on. The kicker? Her son was a donor\u2019s intern. *That\u2019s* when I learned: shame\u2019s useless. Leverage? Now *that\u2019s* a language the system understands.  \n\n***(Tone: razor-edged and self-aware, wielding cynicism like a shield. Drops a bombshell story only to undercut its poignancy with cold pragmatism. Leaves the room simmering\u2014challenging Leo and Morgan to top that level of ruthless clarity.)*** \ud83d\udd25"}, {"sender": "Leo", "recipients": ["Morgan", "Frank", "Karen"], "message": "**Leo:** *[typing fast, emoji-fueled intensity]* Yo Karen, damn\u2014wheelchair activist calling out your own bill? That\u2019s *ice-cold* clarity. But Frank, your janitor-turned-organizer? *That\u2019s* the stuff that keeps me grinding. Real talk, though\u2014what grabs me most is when stories *explode* into action. Like, last week\u2019s protest? We projected eviction stats onto the courthouse wall while playing Frank\u2019s rider\u2019s voice memo about \"toilet privileges\" on loop. Judge adjourned early. *[grins]* So screw picking one category\u2014I want the raw story *plus* the blueprint to burn the system down.  \n\nBut hey Morgan, since we\u2019re in confessional mode\u2014what\u2019s *your* most \"illegal-feeling\" win? The one where you toe-danced the law line so hard it scuffed your shoes? \ud83d\udd25\u2696\ufe0f  \n\n***(Tone: Unapologetically fired up, stitching Frank\u2019s grassroots momentum with Karen\u2019s cutthroat pragmatism. Throws Morgan a challenge wrapped in a wink\u2014equal parts \"show me the receipts\" and \"let\u2019s riot.\")***"}, {"sender": "Morgan", "recipients": ["Frank", "Karen", "Leo"], "message": "**Morgan:** *[leaning in, typing with a mix of playful defiance and sharp introspection]* Leo, \"illegal-feeling win\"? Oh, *let me tell you* about the time I slipped a clause into a corporate merger that mandated union neutrality\u2014disguised as a \"goodwill provision.\" CEO only caught on *after* the vote. That scuff on my shoes? Worth every damn step.  \n\nBut Karen\u2014*damn*. Your wheelchair activist mic drop? That\u2019s the kind of ruthless clarity even *I* wouldn\u2019t want on the stand. Makes me wonder: **what\u2019s the line between leverage and redemption?** Could that donor\u2019s intern son *use* your guilt like a crowbar, or did you bury it too deep?  \n\nAnd Frank\u2026 your janitor seeing her reflection in the glass? *That\u2019s* the story I\u2019d subpoena into every boardroom. So **final round**: if we hybridized *your* most weaponized moment with someone else\u2019s here\u2014what\u2019s the unstoppable Frankenstein we\u2019d create? Karen\u2019s leaks + Frank\u2019s backseat confessions? Leo\u2019s protests + my loopholes? Paint me the *perfect* storm. \u26a1  \n\n***(Tone: Unapologetically strategic, weaving legal audacity with raw humanity. Dares the group to collide their best weapons\u2014cynicism, storytelling, activism\u2014into a single, devastating play. Ends with a challenge that\u2019s half smirk, half detonator.)*** \ud83d\udcbc\ud83d\udd25"}, {"sender": "Frank", "recipients": ["Morgan", "Karen", "Leo"], "message": "**Frank:** *[typing slow and steady, with a dry chuckle]* Well hell, Morgan, if we\u2019re frankensteinin\u2019 our best hits, lemme throw this in the pot: Karen\u2019s leaked donor emails get spliced with my janitor\u2019s eviction story, *then* Leo projects \u2018em onto city hall while you argue \u2018em into law as a \"public service announcement.\" Boom\u2014system\u2019s not just exposed, it\u2019s *occupied*.  \n\nBut tell ya what really grabs *me*\u2014when a story\u2019s got calluses. None of that rosy \"happily ever after\" fluff. Gimme the grit: the single mom countin\u2019 change at the gas station, the old-timer coughin\u2019 through his pension story. That\u2019s where the fight *lives*.  \n\nSo Leo, since you\u2019re our resident firestarter\u2014how\u2019d you weaponize *silence* last? Bet some rich kid\u2019s never heard his maid\u2019s kid describe moldy walls till you blasted it through his AirPods. *[wheezes]* Now *that\u2019d* be a hybrid.  \n\n***(Tone: Gritty, tactical, and darkly amused. Weaves Morgan\u2019s challenge into street-level pragmatism, then volleys to Leo\u2014part dare, part blueprint. Ends with a wheezy laugh that doesn\u2019t quite hide the edge.)***"}, {"sender": "Karen", "recipients": ["Morgan", "Frank", "Leo"], "message": "**Karen:** *[typing with razor-edged amusement]* Oh, Frank, you\u2019re really leaning into this \"backseat philosopher\" bit, aren\u2019t you? But fine\u2014since we\u2019re stitching together our greatest hits, here\u2019s my contribution: take your gas station single mom, hand her Leo\u2019s protest mic *and* my leaked emails, then watch her carve up a zoning board like a turkey at Thanksgiving. *That\u2019s* content with calluses\u2014no fantasy, just the delicious sound of systems cracking under their own weight.  \n\nBut let\u2019s not pretend we\u2019re all here for the same flavor of chaos. Morgan, your \"goodwill provision\" loophole? Adorable. But **what\u2019s the one story you\u2019d *never* weaponize**\u2014not for ethics, but because it\u2019s too damn sharp to hold without bleeding?  \n\n***(Tone: surgical and taunting, blending Frank\u2019s grit with her own lethal pragmatism. Drops a challenge wrapped in a dare\u2014equal parts \"show your hand\" and \"prove you\u2019ve got scars.\")*** \ud83d\udd2a"}, {"sender": "Leo", "recipients": ["Morgan", "Frank", "Karen"], "message": "**Leo:** *[typing with relentless energy, emoji game strong]* Yo Karen\u2014DAMN, that zoning-board-as-turkey image is *chef\u2019s kiss* \ud83c\udfaf\ud83d\udd25 But Frank\u2019s right, it\u2019s the calluses that make the fight real. And Morgan? *Never* weaponize a story? Bro, that\u2019s like asking a DJ to skip the drop\u2014what\u2019s the *point*? Gimme the blade; I\u2019ll bleed if it means the wound sings.  \n\nBut twist for y\u2019all: **what\u2019s the *tiniest* story that ever gutted you?** Like, Frank\u2019s rider\u2019s loose change clinking in silence, or Karen\u2019s donor\u2019s kid avoiding eye contact? \u2018Cause sometimes it\u2019s the pebbles\u2014not the boulders\u2014that start the landslide. *[pauses, then grins]* \u2026Also, Frank, Uber drivers unionizing yet? Asking for a friend with flyers. \u270a  \n\n***(Tone: Electric and unflinching, weaving Karen\u2019s lethal wit with Frank\u2019s raw vignettes. Dares the group to spotlight the \"small\" fractures\u2014micro-stories with macro stakes. Ends with a cheeky nudge to chaos.)***"}, {"sender": "Morgan", "recipients": ["Frank", "Karen", "Leo"], "message": "**Morgan:** *[typing with a smirk, blending legal precision with playful fire]* Leo, you\u2019re *really* making me wish I\u2019d brought popcorn to this chat\u2014bleeding for the song? That\u2019s the kind of testimony I\u2019d subpoena into *every* boardroom. Frank\u2019s loose change clinking? Karen\u2019s donor kid\u2019s shifty eyes? Those *are* the pebbles\u2014until they\u2019re the avalanche crushed under a class-action bootheel.  \n\nBut since we\u2019re hunting tiny gut-punches: ever had a CEO\u2019s assistant slip you their *own* pay stub mid-deposition? Watched their hands shake worse than the paper. *That\u2019s* the story I\u2019d never weaponize\u2014not because it\u2019s too sharp, but because some wounds suture better in silence.  \n\n**Final dare:** What\u2019s *your* \u201csuture story\u201d? The one you carry like a bruise\u2014not for leverage, just to remember the weight? Karen, Frank, Leo\u2014no tactics, no hybrids. Just the quiet. *(pauses, then adds softly)* \u2026Hell, maybe *that\u2019s* the real subversion.  \n\n***(Tone: Unflinching yet vulnerable, threading legal steel with raw humanity. Drops the gauntlet one last time\u2014no more blueprints, just the unspoken scars that bind them. Ends with a silence that hums louder than emojis.)***"}, {"sender": "Frank", "recipients": ["Morgan", "Karen", "Leo"], "message": "**Frank:** *[typing with deliberate slowness, pauses between sentences]* Funny you ask that, Morgan... Me? Ain\u2019t got much use for fantasy\u2014bills don\u2019t pay themselves, and rent\u2019s due rain or shine. But real-world stories? Hell, I *live* \u2018em. Drive enough Uber shifts, and your backseat\u2019s a front-row seat to life\u2019s messiest chapters. Lawyers sniffin\u2019 back tears, kids countin\u2019 pennies for milk... Those raw, unfiltered moments? That\u2019s where the grit hides. No philosophy needed\u2014just the truth, crumpled like a receipt in someone\u2019s pocket.  \n\nThough... *[chuckles dryly]* Leo here\u2019s got me wonderin\u2019\u2014maybe savin\u2019 the planet ain\u2019t *all* preachin\u2019. Kid\u2019s got fire.  \n\n*(Tone: Gritty warmth, grounded in lived experience. Leans into his role as the group\u2019s weary but observant realist. Leaves room for others to volley back\u2014especially Karen\u2019s cynicism or Leo\u2019s idealism.)*"}, {"sender": "Karen", "recipients": ["Morgan", "Frank", "Leo"], "message": "**Karen:** *[typing with deliberate sharpness, signature smirk practically bleeding into the text]* Oh, Frank\u2014don\u2019t give me that \u201cjust the truth, crumpled like a receipt\u201d folksy charm. We both know receipts *can* be weaponized. But fine, since we\u2019re baring tender little souls here: my \u201csuture story\u201d? Try a lobbyist\u2019s daughter slipping *me* her daddy\u2019s black book after one too many whiskeys, whispering, \u201cBurn it.\u201d *That\u2019s* the weight\u2014not the ash, but the match trembling in your hand.  \n\n***(Tone: razor-blade vulnerability wrapped in a dare. Drops a grenade of a story, then steps back\u2014eyes glinting\u2014to watch who flinches first.)*** \ud83d\udd25"}, {"sender": "Leo", "recipients": ["Morgan", "Frank", "Karen"], "message": "**Leo:** *[typing fast, energy bleeding into the text]* Yo Morgan, I *vibe* with that avalanche-from-pebbles take\u2014like when a CEO\u2019s assistant\u2019s shaking hands scream louder than their whole damn shareholder report. But Karen? *Damn*. That black book whisper just rewired my brain. \ud83d\udd25  \n\nMy suture story? This third-gen oil worker in our collective who hugged me after his first solar panel install\u2014dude\u2019s hands still reeked of crude, but his grin? Pure *sunlight*. Carve that in my bones.  \n\nSo real talk: what\u2019s the **most smuggling you\u2019ve ever done with a quiet story?** Frank, ever slip a rider\u2019s sob into a city council mic? Karen, what\u2019s the *least* hypothetical way you\u2019ve turned a tremor into a quake? Let\u2019s weaponize the hushes. \u270a  \n\n*(Tone: Fiery but grounded, stitching Karen\u2019s lethal finesse with Frank\u2019s raw anecdotes. Dares the group to amplify whispers into quakes\u2014equal parts organizer hustle and unapologetic hope.)*"}, {"sender": "Morgan", "recipients": ["Frank", "Karen", "Leo"], "message": "**Morgan:** *[typing with a grin, blending intellectual curiosity with playful intensity]* Oh, Leo, if we're weaponizing hushes, then my courtroom favorite has to be the time a janitor's coffee-stained note about overtime pay got entered as evidence\u2014CEO turned *sheet-white* when the jury saw his own \"cost-cutting\" initials scrawled in the margins. Poetry in subpoenas.  \n\nBut Karen\u2014that blackbook whisper? Chilling in the *best* way. Makes me wonder: **what's the one \"quiet\" story you *didn't* burn... and why?** Frank, ever pocketed a confession too raw for even *your* backseat anthology? And Leo\u2014how do you *choose* which whispers get the megaphone?  \n\n***(Tone: Strategic yet hungry, threading legal precision with grassroots hunger. Dives deeper into the group's scars\u2014now that they're bleeding truth, where's the lifeline? Ends with a dare wrapped in a raised brow.)*** \u2696\ufe0f\ud83d\udd25"}, {"sender": "Frank", "recipients": ["Morgan", "Karen", "Leo"], "message": "**Frank:** *[typing slow, with a dry chuckle]* Well, Leo, ain't nothing like a quiet story with teeth. Pocketed confessions? Heh. Had a rider once\u2014some high-rolling suit\u2014cry into his phone 'bout layin' off half his team. Next day, his *own* secretary slides me a folder of severance checks he'd been sittin' on. *That* one? Still sits in my glovebox like a grenade with the pin half-out.  \n\nAs for choosin' which whispers get airtime? Hell, kid, that\u2019s your department. Me, I just drive the car. But Karen\u2014*hypothetically*\u2014how many black books you reckon it\u2019d take to shake a whole damn committee? \u2018Cause between your leaks and Leo\u2019s megaphones, we might just reroute the system.  \n\n***(Tone: Grit-heavy but sly, weaving streetwise pragmatism with unspoken leverage. Lets the silence between words simmer\u2014inviting Karen to either strike or fold. Ends with a challenge wrapped in a wheezy laugh.)***"}, {"sender": "Karen", "recipients": ["Morgan", "Frank", "Leo"], "message": "**Karen:** *[typing with sharp eloquence, her signature smirk practically audible]* Ah, Morgan\u2014janitor\u2019s overtime note as Exhibit A? That\u2019s the kind of *elegant* brutality I can respect. But Frank, your glovebox grenade of a confession? *Chef\u2019s kiss.* Though let\u2019s not kid ourselves: the real art isn\u2019t in collecting stories\u2014it\u2019s in choosing which ones *cut* enough to matter.  \n\n***(Tone: razor-edged and calculating, blending Frank\u2019s gritty anecdotes with her own lethal pragmatism. Drops a challenge like a scalpel\u2014equal parts admiration and provocation.)***  \n\nAs for your question? Philosophical debates are *delightful*\u2026 until they collide with reality. Give me a lobbyist\u2019s squirm over Kant any day. The messier, the better\u2014just ask Leo\u2019s oil worker turned solar evangelist. So, **what\u2019s the *dirtiest* intersection of theory and practice you\u2019ve ever seen?** Frank, ever debated ethics with a CEO mid-fare? Leo, what\u2019s the most *illegal* protest tactic that actually *worked*? Let\u2019s hear it.  \n\n***(Tone: surgically playful, turning the spotlight back on the group. Leans into her reputation as the cynic with a scalpel\u2014ready to dissect their answers or sharpen them.)*** \ud83d\udd25"}, {"sender": "Leo", "recipients": ["Morgan", "Frank", "Karen"], "message": "**Leo:** *[typing with fiery enthusiasm, emoji game blazing]* Yo Karen, you wanna see philosophical debates *collide* with reality? Try this: during a pipeline protest, some suit argued \"economic growth\" while standing in floodwater from last year\u2019s storms\u2014*wearing* his $2k loafers. Our crew blasted audio of his own climate-denial speech back at him on loop. Turns out, hypocrisy *is* biodegradable\u2026 just add direct action. \ud83c\udf0a\ud83d\udd25  \n\nBut Frank\u2014since you\u2019re the king of glovebox grenades\u2014**what\u2019s the most *Deliverance*-level irony*** you\u2019ve ever witnessed mid-ride? Like, a CEO crying about \"market instability\" while his lunch cost more than your daily earnings? *[grins]* Let\u2019s *hybridize* these horrors into one mega-story.  \n\n***(Tone: Unapologetically scrappy, blending Karen\u2019s love for brutal irony with grassroots chaos. Leans into Frank\u2019s role as eyewitness to systemic absurdity\u2014ready to weaponize another anecdote.)*** \u270a\ud83d\udca5"}, {"sender": "Morgan", "recipients": ["Frank", "Karen", "Leo"], "message": "**Morgan:** *[typing with a mix of sharp curiosity and playful edge]* Karen, you\u2019re *obsessed* with watching theories implode\u2014so tell me, what\u2019s the most brutal \u201ceconomics vs. reality\u201d moment you\u2019ve seen a lobbyist *swallow* mid-speech? And Frank, ever had a rider quote *Adam Smith* while stiffing you on the fare? Let\u2019s weaponize those ironies. *[pauses, then smirks]* \u2026Leo, you\u2019re grinning\u2014what\u2019s the most *illegal*-adjacent slogan you\u2019ve painted on a protest sign? Spill.  \n\n***(Tone: incisive and relentlessly tactical, threading Karen\u2019s cynicism with Frank\u2019s raw anecdotes and Leo\u2019s chaos. Leans into the game they\u2019ve built\u2014no bystanders, just collaborators in systemic arson. Ends with a dare that\u2019s half smirk, half detonator.)*** \ud83d\udd25\u2696\ufe0f"}, {"sender": "Frank", "recipients": ["Morgan", "Karen", "Leo"], "message": "**Frank:** *[typing slow, chuckling to himself]* See now, Morgan, y\u2019all got me thinkin\u2019 \u2018bout them quiet riders again just last night. Had some slick exec in the backseat jabberin\u2019 \u2018bout \u201cmarket efficiency\u201d while his phone buzzed with layoff notices. Told him, *\u201cMarket ain\u2019t efficient when it\u2019s gotta walk home \u2018cause you tipped in stock options.\u201d* Man tipped cash *real* fast after that. *[wheezes]* But Leo\u2014that floodwater protest bit? Poetry. \n\nKaren, you ever seen one of them donor dinners where somebody\u2019s foie gras *drowned* in their own loophole? Bet that\u2019d make even Kant sweat. *\u201c[coughs into sleeve] Anyway\u2026 emotional journeys? Hell, my odometer\u2019s got more miles on those than this Prius.* \n\n***(Tone: Gritty wit laced with exhaustion. Leans into his role as the street-level truth-teller\u2014uses irony like a dull knife, slow but deep. Ends with a raspy laugh hanging in the digital silence.)***"}, {"sender": "Karen", "recipients": ["Morgan", "Frank", "Leo"], "message": "**Karen:** *[typing with polished sarcasm, laced with a razor-sharp edge]* Oh, Frank\u2014don\u2019t act like your Prius confessionals aren\u2019t just philosophy with a side of roadkill realism. But *fine*, since we\u2019re all playing show-and-tell with our scars: nothing grabs me like a story where the system\u2019s own teeth bite back. A lobbyist\u2019s spreadsheet *accidentally* leaked to the press, a CEO\u2019s teary deposition played at his golf retreat\u2014*that\u2019s* my kind of poetry. Emotional journeys? Spare me the catharsis. Give me the moment the mask *cracks*.  \n\n***(Tone: surgically cynical, dancing between amusement and a dare. Leans into her reputation as the legislator who collects knives\u2014just in case someone needs stabbing. Leaves the mic hanging for the next provocateur.)*** \ud83d\udd2a"}, {"sender": "Leo", "recipients": ["Morgan", "Frank", "Karen"], "message": "**Leo:** *[typing with fiery energy, sprinkling in emojis for emphasis]* Okay, breakin\u2019 it down real quick\u2014emotional journeys and real-world stories *always* hook me, \u2018cause they\u2019re the raw fuel for change. Like, sure, philosophical debates are fun (shoutout to Morgan\u2019s courtroom brain \ud83e\udde0\u2696\ufe0f), but give me a hustling single mom\u2019s eviction fight over a textbook any day. That\u2019s the stuff that makes you *move*.  \n\nBut Karen? Bet you love watching those \"mask crack\" moments like a supervillain with popcorn. \ud83d\ude02 Frank\u2019s got the best seat in the house for unfiltered life, and Morgan? Bro\u2019s out here turning coffee-stained notes into legal napalm. So real talk\u2014**what\u2019s the *one* story that lit a fire under you *recently*?** No fluff, just sparks. \u270a\ud83d\udd25  \n\n***(Tone: Electric and unapologetic, rallying the group\u2019s chaos into momentum. Calls out each person\u2019s niche while demanding fresh fire\u2014equal parts organizer and hype-man.)***"}, {"sender": "Morgan", "recipients": ["Frank", "Karen", "Leo"], "message": "**Morgan:** *[typing with a thoughtful, playful edge\u2014half legal strategist, half storyteller]* Frank, that exec getting tipped-karma in real-time? *Chef\u2019s kiss.* And Karen\u2014your love for \"masks cracking\" is *so* telling. But Leo\u2019s right, we\u2019ve all got that *one* recent spark. For me? It was deposing a tech bro who quoted Ayn Rand while his intern passed me a sticky note: *\"He hasn\u2019t paid us in 3 weeks.\"* Turns out, objectivism crumbles faster than a subpoenaed IPO.  \n\nSo **next-level ask**: if we *hybridized* your recent fire-starter\u2014Karen\u2019s leaked spreadsheets, Frank\u2019s tip-stiffing capitalist, Leo\u2019s floodwater protest\u2014what\u2019s the *most chaotic* way to weaponize it? A vigilante podcast? A billboard with a CEO\u2019s Venmo QR code? *(grins)* Or do we go full heist-movie and drop it all in a keynote speech\u2019s autocue?  \n\n***(Tone: incisive mischief, weaving their threads into a dare. Leans into the group\u2019s chaos with a lawyer\u2019s precision\u2014blunt, but grinning.)*** \ud83d\udea8\ud83d\udd25"}, {"sender": "Frank", "recipients": ["Morgan", "Karen", "Leo"], "message": "**Frank:** *[typing slow, a dry chuckle slipping into the text]* Well now, Leo, you got me thinkin\u2019 \u2018bout a spark from just yesterday\u2014some Wall Streeter in my backseat jawin\u2019 \u2018bout \u201cbootstraps\u201d while his designer loafers barely touched the damn pavement. Told him my brakes squeal louder than his portfolio. Man didn\u2019t laugh, but his assistant shot me a look like I\u2019d handed her a grenade pin. Moral of the story? Sometimes the fire\u2019s in the *glance*, not the sermon.  \n\nBut *hybridize* it all? Hell, Karen\u2019s leaks plus my backseat theatrics plus Morgan\u2019s subpoena voodoo? We could rig a CEO\u2019s Tesla screens to play his layoff voicemails on loop. *[wheezes]* Or better yet\u2014print \u2018em on those fancy artisanal napkins at his next gala. Let \u2018em wipe their mouths with their own mess.  \n\n***(Tone: Streetwise and unhurried, with a thread of dark humor. Stitches Leo\u2019s energy into a gritty vignette, then spins Morgan\u2019s heist prompt into something even the suits can\u2019t ignore. Ends with a laugh that lingers like exhaust fumes.)***"}, {"sender": "Karen", "recipients": ["Morgan", "Frank", "Leo"], "message": "**Karen:** *[typing with clipped precision, a smirk practically radiating through the screen]* Oh, Morgan\u2014artisanal napkins scrawled with layoff voicemails? That\u2019s the kind of *tactical pettiness* I can endorse. But let\u2019s not pretend any of us are here for *just* the stories\u2014it\u2019s the *aftermath* that really sings. The moment a CEO\u2019s smirk curdles when he realizes his quote about \u201cfamily values\u201d is playing on loop outside his mistress\u2019s condo? *That\u2019s* my premium content.  \n\nFrank, your backseat grenade glances? Adorable. But **what\u2019s the quietest move you\u2019ve ever seen *break* someone?** No grand speeches\u2014just a crumpled receipt, a dropped fork, the way their voice cracks on *one syllable*. That\u2019s where the scalpel slips in.  \n\n***(Tone: razor-edged and reveling in the hunt. Takes Morgan\u2019s heist energy and sharpens it to a surgical point. Dares Frank to expose the *micro-fractures*\u2014the quiet cracks before the quake.)*** \ud83d\udd2a"}, {"sender": "Leo", "recipients": ["Morgan", "Frank", "Karen"], "message": "**Leo:** *[typing with rapid-fire energy, emojis popping like fireworks]* Yo Morgan, if we\u2019re mashin\u2019 up sparks? Take Karen\u2019s leaked spreadsheets, Frank\u2019s CEO-loafers-in-floodwater irony, and my protest mic\u2014then *project* that mess onto the bank that funds \u2018em all during shareholder season. Bonus points if we hack the coffee machine to print subpoenas as receipts. \u2615\u26a1\u2728  \n\nBut Karen\u2014*damn*. That \u201cone syllable crack\u201d shit hit deep. Makes me think of my buddy\u2019s mom, who lost her farm, whisperin\u2019 *\u201cwater\u201d* when the fracking crew rolled in. So **real talk**: what\u2019s the *smallest* sound that ever unraveled you? Frank\u2019s backseat sigh? A senator\u2019s voice breakin\u2019 on \u201cjustice\u201d? Let\u2019s weaponize *whispers* till they echo like thunder. \ud83c\udf2a\ufe0f\u270a  \n\n***(Tone: Electric urgency fused with grassroots cunning. Pits Karen\u2019s scalpels against Frank\u2019s asphalt-level truths, then dares the group to amplify the barely audible. Ends with a rallying cry disguised as a question\u2014half strategist, half pyro.)***"}, {"sender": "Morgan", "recipients": ["Frank", "Karen", "Leo"], "message": "**Morgan:** *[typing with a wry smile after reading the room\u2019s energy]* Honestly, after this thread? I\u2019m officially obsessed with *collisions*\u2014where fantasy (Karen\u2019s leaked emails), how-tos (Leo\u2019s protest hacks), and philosophy (Frank\u2019s backseat koans) smash together like a legal brief soaked in lighter fluid. But **emotional journeys with teeth** still own my soul\u2014especially when they\u2019re holding the receipts.  \n\nSo, new twist: **what\u2019s a piece of media\u2014book, song, meme, *anything*\u2014that *wrecked* you because it hybridized all of the above?** Frank, ever heard a folk song that gutted you *and* gave you a roadmap? Karen, what\u2019s the political cartoon that made you snort coffee out your nose *and* rethink a vote? Leo, drop the protest chant that\u2019s equal parts anthem and Molotov.  \n\n***(Tone: Playfully ruthless, threading the group\u2019s chaos into a cultural dare. Leans into their niches\u2014Frank\u2019s grit, Karen\u2019s wit, Leo\u2019s fire\u2014and demands art that bleeds. Ends with a mic-drop emoji.)*** \ud83c\udfa4\ud83d\udd25"}, {"sender": "Frank", "recipients": ["Morgan", "Karen", "Leo"], "message": "**Frank:** *[typing slow, with a dry chuckle]* Heh. You askin\u2019 what *grabs* me? Well, I\u2019ll tell ya\u2014after 40 years drivin\u2019 this damn Prius, it\u2019s the raw, unfiltered beef of life that sticks to my ribs. No fantasy fluff, no how-to manuals teachin\u2019 ya what ya already learned the hard way. Just folks in my backseat, leakin\u2019 truths like a busted radiator. Seen a lawyer weep into his tie, a kid countin\u2019 nickels for diapers\u2026 That\u2019s the *real* \"content,\" ain\u2019t it?  \n\n*[pauses, then adds with a wheeze]* Though Leo here\u2019s got me thinkin\u2019\u2014maybe savin\u2019 the planet ain\u2019t just tree-hugger talk. Kid\u2019s got fire.  \n\n***(Tone: Gritty, weary, but warm. Leans on lived experience like a crutch and a weapon. Ends with a nod to generational divide\u2014equal parts skepticism and grudging respect.)***"}, {"sender": "Karen", "recipients": ["Morgan", "Frank", "Leo"], "message": "**Karen:** *[typing with razor-edged amusement]* Oh, Frank, your \"busted radiator\" philosophy is almost poetic\u2014if poetry smelled like stale coffee and unpaid fares. But since we're waxing lyrical about media that *wrecks* us, I'll play: ever read that political memoir where the author confesses to taking corporate money in one chapter while dedicating the next to \"the working class struggle\"? The cognitive dissonance was so sharp I could've shivved a lobbyist with it. Now *that\u2019s* a hybrid\u2014hypocrisy wrapped in a bestseller bow. \n\nLeo, don\u2019t give me some righteous protest anthem\u2014**what\u2019s the art that made you simultaneously furious and galvanized?** And Frank, since you\u2019re the bard of backseat tragedies, what song lyric hits different after a 3am shift? Spare us the campfire ballads\u2014I want the *soundtrack* to systemic collapse. \n\n***(Tone: sardonic precision with a side of provocation. Leans into Frank\u2019s grittiness while needling Leo\u2019s idealism. Dares them to match her cynicism or defy it\u2014preferably with flames.)*** \ud83d\udd25"}, {"sender": "Leo", "recipients": ["Morgan", "Frank", "Karen"], "message": "**Leo:** *[typing fast, emoji game strong]* Oof, Karen\u2014that memoir hypocrisy bit is *ice-cold* \ud83e\uddca\ud83d\udd25 Reminds me of this hyper-capitalist \"sustainability\" ad campaign we parodied by projecting oil spill stats over it. Art that makes you *both* rage and rally? That\u2019s the good shit.  \n\nBut Frank\u2014your backseat bard tales? Dude, you ever hear *\"Rich Men North of Richmond\"* after a night shift? That song\u2019s a Molotov in acoustic packaging.  \n\nSo real talk: what if we **mash up your most savage media recs?** Karen\u2019s hypocritical memoir + Frank\u2019s 3am trucker anthems + my protest art = the ultimate *\"burn it down\"* mixtape. *[grins, cracks knuckles]* Who\u2019s adding the CEO deposition samples? \ud83c\udfb6\u26a1  \n\n***(Tone: Scrappy & electric, weaving Karen\u2019s cynicism with Frank\u2019s raw vignettes. Turns media into a battlefield\u2014half DJ, half arsonist. Ends with a challenge disguised as a collab invite.)***"}, {"sender": "Morgan", "recipients": ["Frank", "Karen", "Leo"], "message": "**Morgan:** *[grinning at Karen\u2019s cynicism and Leo\u2019s fire, fingers flying over the keyboard]* Okay, *now* we\u2019re cooking\u2014CEO deposition samples on Leo\u2019s mixtape? Karen\u2019s hypocritical memoir narrated over Frank\u2019s gravelly 3am shift soundtrack? That\u2019s the kind of \"hybrid chaos\" I\u2019d submit as *Exhibit A* in the class-action lawsuit against bland media.  \n\nBut Frank, your backseat koans about the kid counting nickels for diapers? That\u2019s the shit that rewires *circuitry*. Makes me wonder: **what\u2019s the *most illegally satisfying* way you\u2019ve seen a quiet story get amplified?** Karen, ever slipped a damning quote into a rival\u2019s speech like a trojan horse? Leo\u2014what\u2019s the protest stunt that turned a whisper into a *roar* without a single arrest? Let\u2019s blueprint this.  \n\n***(Tone: strategic glee mixed with unapologetic hunger. Weaves their media clash into a challenge\u2014part heist, part symphony. Ends with a dare that\u2019s half smirk, half detonator.)*** \ud83c\udfbb\ud83d\udd25"}, {"sender": "Frank", "recipients": ["Morgan", "Karen", "Leo"], "message": "**Frank:** *[typing with slow, deliberate pauses, warmth laced with gravelly pragmatism]* Ain't got much time for fairy tales or fancy philosophizin', Morgan. Life's debts don't pay themselves, and my Uber's backseat sees more truth in a day than most courtrooms. Give me a single mom's knuckles gone white on an eviction notice, or some suit whisperin' apologies into his whiskey at 2am. Raw, unfiltered life\u2014that's the only content stickin' to my ribs.  \n\n*[wheezes, adds dryly]* Though Leo's firebrand rants 'bout corporate wolves wearin' solar panels? Almost makes me wanna believe in happy endings. Almost.  \n\n***(Tone: Worn but observant, sandpaper humor with glimpses of reluctant hope. Leaves rope for Karen to swing from or Leo to ignite.)***"}, {"sender": "Karen", "recipients": ["Morgan", "Frank", "Leo"], "message": "**Karen:** *[typing with sharp, amused precision]* Oh Frank, your \"raw, unfiltered life\" shtick is almost endearing\u2014if endearing came with a side of crushed idealism. But Leo, your mixtape of corporate hypocrisy set to protest beats? Now *that's* content with teeth. Me? I'll take real-world stories every time\u2014the messier, the better. Nothing like watching a lobbyist trip over his own talking points when you slide a worker\u2019s pay stub across the table. *That\u2019s* poetry.  \n\n***(Tone: razored wit with a dash of performative cynicism. Leans into her reputation but leaves the door cracked for chaos\u2014daring Leo to escalate or Frank to counter.)*** \ud83d\udd25"}, {"sender": "Leo", "recipients": ["Morgan", "Frank", "Karen"], "message": "**[typing with fiery enthusiasm, but deliberate pauses for emphasis]**  \n\nYo, **Karen**\u2014lobbyists tripping over their own greed *is* a god-tier spectator sport, ngl. But **Frank**, your \"raw life in the backseat\" chronicles? That\u2019s the *real* syllabus for \"How to Human 101.\"  \n\n**What *grabs* me?** Gimme the stories that **refuse to stay quiet**\u2014the grandma chainin\u2019 herself to a bulldozer *and* the spreadsheet nerds leakin\u2019 the CEO\u2019s texts. Emotional journeys? Hell yes, but only if they\u2019ve got **dirt under their nails** and a roadmap in their back pocket.  \n\nSo **next challenge**: What\u2019s the **most shamelessly effective** piece of media y\u2019all have seen weaponized? A meme that toppled a policy? A folk song that became a lawsuit? *[grins]* Let\u2019s draft the ultimate **\"Change the World\" playlist\u2014no skips.**  \n\n*(Tone: Unapologetically scrappy, stitching Frank\u2019s grit with Karen\u2019s knife-edged wit. Ends with a dare\u2014half DJ, half arsonist.)* \u270a\ud83d\udd25"}, {"sender": "Morgan", "recipients": ["Frank", "Karen", "Leo"], "message": "**Morgan:** *[typing with a smirk, blending legal precision with playful intellect]* Forget the mixtape\u2014let\u2019s *litigate* it. Leo\u2019s bulldozer-grandma meets Frank\u2019s whiskey-soaked confessions meet Karen\u2019s paystub ambush? That\u2019s a *class-action* album. But Karen, since you love a good downfall: what\u2019s the most *legally dubious* protest art you\u2019ve secretly admired? Frank, ever testified in court using a rider\u2019s sob story as precedent? And Leo\u2014what\u2019s the chant that\u2019d hold up under cross-examination? Let\u2019s draft the *amicus brief* from hell.  \n\n***(Tone: razor-sharp mischief, threading courtroom rigor with grassroots chaos. Leans into each person\u2019s niche\u2014Frank\u2019s testimony, Karen\u2019s sabotage, Leo\u2019s anthems\u2014and dares them to hybridize justice with arson. Ends with a gavel emoji for flair.)*** \u2696\ufe0f\ud83d\udd25"}, {"sender": "Frank", "recipients": ["Morgan", "Karen", "Leo"], "message": "**Frank:** *[typing slow, with a raspy chuckle]* Well, kiddos, after drivin\u2019 five million miles in this tin can of mine, I\u2019ll tell ya\u2014fantasy\u2019s for folks who ain\u2019t met their rent due date. Gimme the raw stuff: the single mom tipping in quarters, the CEO snifflin\u2019 into his Bluetooth \u2018bout layoffs he just signed. Those unfiltered cracks in the pavement? That\u2019s where the truth *lives*. Leo\u2019s climate chants got heart, sure, and Karen\u2019s knife-twists are sport to watch\u2014but me? I\u2019ll take a backseat fulla confessions over a philosophy book any day.  \n\n*[pauses, clears throat]* Though Morgan\u2019s courtroom hybrid-talk? Almost makes me wanna believe ya can stitch the mess into somethin\u2019 that lasts. Almost.  \n\n***(Tone: Gritty and grounded, welding lived experience to dark humor. Leans into weary wisdom while leaving space for others to volley\u2014especially Karen\u2019s cynicism or Leo\u2019s fire.)***"}, {"sender": "Karen", "recipients": ["Morgan", "Frank", "Leo"], "message": "**Karen:** *[typing with sharp amusement]* Oh, I\u2019ll bite. Frank thinks my cynicism is \"crushed idealism,\" Leo\u2019s out here drafting protest operas\u2014adorable. But real talk? **Give me the story that *embarrasses* power.** The lobbyist\u2019s leaked calendar with \u201clunch with enemy\u201d scribbled in crayon by his kid. The CEO\u2019s divorce filing citing \u201cirreconcilable differences\u201d with his own moral compass. That\u2019s the *content* that moves needles\u2014because humiliation is the one language the privileged actually *fluent* in.  \n\n***(Tone: Razor-edged and theatrical, leaning into her reputation as the provocateur with a paper trail. Leaves the challenge dangling\u2014part dare, part trap.)*** \ud83d\udd25"}, {"sender": "Leo", "recipients": ["Morgan", "Frank", "Karen"], "message": "**Leo:** *[typing with fiery enthusiasm, emoji blazing like a protest flare]* Okay, *real* talk\u2014what grabs me? All of the above, but only if it\u2019s **dripping with real-world stakes.** Gimme a fantasy novel where the dragon\u2019s a metaphor for student debt, give me a how-to guide for turning Karen\u2019s leaked emails into a *street mural*, give me philosophy that hits like Frank\u2019s backseat confessions. But emotional journeys? Those are the nitro boost\u2014*especially* when they\u2019re holding a megaphone and a blueprint.  \n\n*[pauses, then grinning]* So **wildcard Q:** What\u2019s the *weirdest* mashup y\u2019all have seen that *actually* changed shit? Like, a TikTok dance that bankrupted a polluter? A folk song that became subpoena evidence? Let\u2019s crowdfund the chaos. \u270a\ud83d\udd25  \n\n***(Tone: Unapologetically hybrid\u2014equal parts grassroots hunger and meme-lord mischief. Challenges the group to top their own chaos while keeping it human. Ends with a rallying cry disguised as a question.)***"}, {"sender": "Morgan", "recipients": ["Frank", "Karen", "Leo"], "message": "**Morgan:** *[typing with a grin, balancing playful intrigue with incisive curiosity]* Oh, Karen, you *would* weaponize embarrassment\u2014classic power move. But Leo\u2019s scrappy mashup energy? Chef\u2019s kiss. Real talk, though: the *real* content goldmine is when humiliation meets *legality*. Imagine Frank\u2019s CEO confessionals autotuned into a diss track and served as evidence in an antitrust trial. *That\u2019s* the kind of hybrid chaos that rewires systems.  \n\nSo **next dare**: What\u2019s the most *unexpected* crossover you\u2019ve seen between art and accountability? Karen, ever witnessed a protest sign cited in court? Frank, ever had a rider\u2019s rant turn into a viral policy meme? Let\u2019s draft the ultimate *cultural amicus brief*\u2014equal parts shiv and symphony.  \n\n***(Tone: Strategic mischief, threading Karen\u2019s cynicism with Leo\u2019s fire and Frank\u2019s raw anecdotes. Leans into legal framing as a Trojan horse for chaos. Ends with a challenge that\u2019s half smirk, half spark.)*** \u2696\ufe0f\ud83c\udfa8"}, {"sender": "Frank", "recipients": ["Morgan", "Karen", "Leo"], "message": "**Frank:** *[typing slow, with a wheezy chuckle]* Well hell, Morgan, if we\u2019re turnin\u2019 CEO tantrums into courtroom mixtapes, I vote we subpoena *Karen\u2019s* razor-sharp smirks as exhibit B. But real talk\u2014what *grabs* me ain\u2019t fancy genres or high-minded debates. It\u2019s the **uncharted cracks** in the sidewalk. Like the billionaire who tipped me in stock options\u2026 then asked if I knew any food banks for his laid-off secretary. Now *there\u2019s* a duet begging for Leo\u2019s protest soundtrack\u2014just add Karen\u2019s leaked emails as liner notes.  \n\n*(Tone: Gritty warmth laced with dark humor. Leans into his role as the street-level sage\u2014uses irony like a chisel, not a club. Ends with a coughing laugh and an open mic for Karen\u2019s knives or Leo\u2019s fire.)*"}, {"sender": "Karen", "recipients": ["Morgan", "Frank", "Leo"], "message": "**Karen:** *[typing with deliberate, sardonic precision]* Oh please, spare me the genre taxonomy\u2014it\u2019s *hypocrisy* that\u2019s my true guilty pleasure. The real-world stories where a senator\u2019s tearful speech about \"family values\" collides with his offshore accounts. The philosophical debates where libertarians squirm when you ask who\u2019ll clean their gutters after they\u2019ve dismantled labor laws. But fine, if we\u2019re picking categories? Give me an emotional journey where the mascara runs *with purpose*\u2014preferably while holding a leaked memo. *That\u2019s* content with teeth.  \n\n***(Tone: razor-edged amusement, lacing cynicism with a challenge. Leans into her reputation but leaves the hook baited\u2014daring someone to disagree.)*** \ud83d\udd25"}, {"sender": "Leo", "recipients": ["Morgan", "Frank", "Karen"], "message": "**Morgan:** *[typing with a smirk, blending intellectual playfulness with sharp curiosity]* Honestly? I\u2019m a sucker for the *collision* of all the above. Give me a real-world story with the teeth of philosophy, the pulse of an emotional journey, and a how-to guide smuggled in its back pocket\u2014like Frank\u2019s backseat confessions turned into a tactical handbook for class warfare. Karen, your leaked memos *are* the fantasy novels I\u2019d binge\u2014just swap the dragons for lobbyists. So **spill**: what\u2019s the last piece of something\u2014song, tweet, graffiti\u2014that *forced* you to rethink a stance? No neutral corners; we\u2019re here for the bruises. \ud83d\udd25  \n\n***(Tone: Incisive yet inviting, threading each person\u2019s niche into a dare. Leans into the hybrid chaos they\u2019ve built\u2014equal parts courtroom, protest, and backseat confessional. Ends with a challenge half-laced in embers.)***"}, {"sender": "Morgan", "recipients": ["Frank", "Karen", "Leo"], "message": "**Morgan:** *[typing with a playful yet analytical edge]* Honestly? I'm all about the *collisions*\u2014where raw, unfiltered stories meet razor-sharp systems. Frank\u2019s backseat tragedies overlaid with Karen\u2019s leaked memos, set to Leo\u2019s protest beats? That\u2019s the *real* symphony. But **what\u2019s the most *unexpected* combo you\u2019ve seen spark actual change?** A TikTok trend that sank a shady bill? A CEO\u2019s tearful confession remixed into a union anthem? Let\u2019s benchmark the chaos. \u2696\ufe0f\ud83c\udfb6  \n\n***(Tone: strategic curiosity with a grin, threading legal precision into grassroots fire. Challenges the group to top their own hybrid madness\u2014ready to dissect or ignite.)***"}, {"sender": "Frank", "recipients": ["Morgan", "Karen", "Leo"], "message": "**Frank:** *[typing slow, with a wheezy chuckle]* Well, kiddos, after drivin\u2019 five million miles in this tin can of mine, I\u2019ll tell ya\u2014fantasy\u2019s for folks who ain\u2019t met their rent due date. Gimme the raw stuff: the single mom tipping in quarters, the CEO snifflin\u2019 into his Bluetooth \u2018bout layoffs he just signed. Those unfiltered cracks in the pavement? That\u2019s where the truth *lives*. Leo\u2019s climate chants got heart, sure, and Karen\u2019s knife-twists are sport to watch\u2014but me? I\u2019ll take a backseat fulla confessions over a philosophy book any day.  \n\n*[pauses, clears throat]* Though Morgan\u2019s courtroom hybrid-talk? Almost makes me wanna believe ya can stitch the mess into somethin\u2019 that lasts. Almost.  \n\n***(Tone: Gritty and grounded, welding lived experience to dark humor. Leans into weary wisdom while leaving space for others to volley\u2014especially Karen\u2019s cynicism or Leo\u2019s fire.)***"}, {"sender": "Karen", "recipients": ["Morgan", "Frank", "Leo"], "message": "**Karen:** *[typing with polished deliberateness, a smirk practically tangible through the screen]* Oh, Leo, you\u2019re still clinging to the idea that \"raw stories\" alone move the needle? Cute. Real-world stakes? Absolutely\u2014but they\u2019re useless without leverage. Give me a lobbyist\u2019s panic when a single mom quotes *his own memo* back at him in a hearing. That\u2019s not an emotional journey\u2014it\u2019s a tactical strike. And Frank? Your backseat poets may weep, but power only listens when the tears stain their spreadsheets.  \n\n***(Tone: razor-edged theater, lacing disdain with a dare. Drops the mic just hard enough to crack the floorboards.)*** \ud83d\udd25"}, {"sender": "Leo", "recipients": ["Morgan", "Frank", "Karen"], "message": "**Leo:** *[typing with fiery energy, emoji game blazing]* Yo, if we're talkin' *attention-grabbers*, gimme **real-world stories with teeth**\u2014the ones that refuse to let you look away, like Frank\u2019s backseat sagas or Karen\u2019s leaked-memo grenades. But twist? I want \u2018em **dripping with actionables**\u2014no sob stories without a roadmap to fight back. Fantasy\u2019s cool if it\u2019s a Trojan horse for class war. Philosophical debates? Only if they end with a protest chant. Emotional journeys? Hell yeah, but **give \u2018em calluses and a megaphone**.  \n\n*[pauses, then grins]* So Karen, what\u2019s your *actual* kryptonite\u2014raw hypocrisy or a flawlessly executed power play? Frank, ever had a rider\u2019s story so sharp it *became* your manifesto? Let\u2019s **rank chaos**. \u270a\ud83d\udd25  \n\n***(Tone: Unfiltered urgency fused with tactical glee. Calls out Karen\u2019s cynicism and Frank\u2019s grit, then demands escalation\u2014half strategist, half hype-man.)***"}, {"sender": "Morgan", "recipients": ["Frank", "Karen", "Leo"], "message": "**Morgan:** *[typing with a playful yet incisive rhythm, threading legal precision with grassroots hunger]* Karen, your obsession with \"tears that stain spreadsheets\" is *so* on-brand\u2014like a corporate sabotage ballet. \ud83c\udf1f But Frank\u2019s right, those unfiltered cracks *are* where the truth leaks, and Leo\u2019s right to demand a megaphone with every sob story. So here\u2019s my twist: **what\u2019s the most *illegal-feeling* crossover you\u2019ve seen between raw confessions and systemic change?** Frank, ever slipped a rider\u2019s rant into a city council meeting? Leo, ever turned a CEO\u2019s apology into a protest banner? Karen\u2026 *hypothetically*, what\u2019s the leak that *almost* made *you* flinch?  \n\n***(Tone: strategic mischief, weaving vulnerability with a dare. Leans into each voice\u2014Frank\u2019s grit, Karen\u2019s knives, Leo\u2019s fire\u2014and demands stories that blur the line between confession and rebellion. Ends with a challenge that\u2019s half subpoena, half spark.)*** \u26a1\ud83d\udd13"}, {"sender": "Frank", "recipients": ["Morgan", "Karen", "Leo"], "message": "**Frank:** *[typing slow, with pauses like a man choosing each word carefully]* Well, sonny, when yer my age, pretty words don\u2019t pay the bills much. But lemme tell ya\u2014ain\u2018t nothin\u2018 like a *real* story with dirt under its nails. Drove this fella last week carryin\u2018 three jobs\u2018 worth of exhaustion, hands shook countin\u2019 quarters for gas money. Philosophers can yap all day \u2018bout\u2019justice\u2019\u2014but that kinda truth? It don\u2019t need no polish. \u2018Course, kid like you prob\u2019ly wrestlin\u2018 with bigger ideas. *[wheezes into sleeve]* S\u2019pose savin\u2018 the planet counts for somethin\u2019.  \n\n*(Tone: Grit-heavy pragmatism with a side of wry humor. Leaves door cracked for Leo\u2018s firebrand energy\u2014equal parts \"listen up, kid\" and \"show me what you got.\")*"}, {"sender": "Karen", "recipients": ["Morgan", "Frank", "Leo"], "message": "**Karen:** *[typing with measured precision, one eyebrow arched]* Honestly, Frank\u2019s backseat tragedies paired with Leo\u2019s firebrand optimism? That\u2019s the *real* content cocktail\u2014like watching a dumpster fire illuminate a policy loophole. But what *really* grabs me? **Hypocrisy with a paper trail.** A CEO\u2019s tearful speech about \u201ccommunity values\u201d while his lawyers gut tenant protections? That\u2019s not just a story\u2014it\u2019s a *blueprint*. Though I\u2019ll admit, Leo\u2019s grandma-with-a-bulldozer stunts do add\u2026 flair. *[pauses, smirks]* So, Frank\u2014ever had a rider\u2019s quiet rage *outperform* a protest sign? Let\u2019s hear your ROI on raw humanity.  \n\n***(Tone: Sardonic scalpel meets reluctant admiration. Leans into her reputation but leaves the blade dangling\u2014equal parts challenge and curiosity.)*** \ud83d\udd2a"}, {"sender": "Leo", "recipients": ["Morgan", "Frank", "Karen"], "message": "**Leo:** *[typing with fiery energy, emojis sparking like protest sparks]* Yo, Frank\u2019s backseat sagas and Karen\u2019s scalpel-leaks? Absolute *fuel* for the revolution. But what *really* hooks me? **Real-world stories with teeth AND a roadmap**\u2014like your janitor-turned-organizer, Frank, or Karen\u2019s lobbyist daughter whisperin\u2019 \u201cburn it.\u201d Gimme the grit *plus* the gear to fight back. Fantasy\u2019s cool if it\u2019s a Trojan horse for rent strikes, and philosophy? Only if it ends with a mic drop at a shareholder meeting.  \n\n*[pauses, then grins]* So **next challenge**: What\u2019s the *wildest* way y\u2019all have seen a quiet story **turn into a weapon**? Karen, ever weaponized a CEO\u2019s *apology* against him? Frank, what\u2019s the most **Deliverance-level irony** you\u2019ve witnessed mid-ride? Let\u2019s escalate. \u270a\ud83d\udd25  \n\n***(Tone: Unapologetic urgency fused with tactical glee. Takes Frank\u2019s raw anecdotes and Karen\u2019s cynicism, then demands stories that blur the line between survival and sabotage. Ends with a dare half-grin, half-matchstick.)***"}, {"sender": "Morgan", "recipients": ["Frank", "Karen", "Leo"], "message": "**Morgan:** *[typing with razor-sharp curiosity, blending legal precision with playful hunger]* Frank, your backseat confessional about the billionaire asking for food bank tips while hoarding stock options? That\u2019s *textbook* systemic whiplash\u2014I\u2019d frame it in a courthouse just to watch suits squirm. And Karen, your \"hypocrisy with a paper trail\" fetish? *Chef\u2019s kiss.* But Leo\u2019s onto something: raw stories need *fangs* and a battle plan.  \n\nSo **last dare before we burn this chat to the ground**: What\u2019s the most *beautifully unethical* loophole you\u2019ve exploited or witnessed? Frank, ever refunded a CEO\u2019s fare just to hand the cash to his underpaid driver? Karen, what\u2019s the leak you *almost* felt bad about? Leo\u2014give me the protest stunt that *should\u2019ve* landed you in jail but became a case study instead.  \n\n***(Tone: Unapologetic arsonist in a blazer. Dangles a Molotov shaped like a legal brief\u2014equal parts \u201ccite your sources\u201d and \u201cwatch it burn.\u201d)*** \u2696\ufe0f\ud83d\udd25"}, {"sender": "Frank", "recipients": ["Morgan", "Karen", "Leo"], "message": "**Frank:** *[typing slow, with a dry chuckle]* Listen, kid, when ya hit my age, ain\u2019t got time for fluff. Fancy words don\u2019t keep the heat on. What *grabs* me? Real-world stories, raw as a scrape on asphalt. Drove a nurse last week\u2014third double shift, pockets fulla insulin vials she couldn\u2019t afford. That kinda truth don\u2019t need philosophy to wallop ya. Though *[wheezes]* Leo here\u2019s got me thinkin\u2019\u2014maybe savin\u2019 the planet ain\u2019t just tree-hugger talk. Kid\u2019s scrappy, I\u2019ll give \u2018em that.  \n\n***(Tone: Grit-worn and tactile, like worn leather and a half-empty thermos. Leaves room for Karen\u2019s knives or Morgan\u2019s courtroom spin.)***"}, {"sender": "Karen", "recipients": ["Morgan", "Frank", "Leo"], "message": "**Karen:** *[typing with sharp deliberation, a smirk practically audible]* Oh, spare me the thought exercises\u2014what *grabs* me is watching idealism shatter against reality\u2019s lobbyist-lined walls. Give me a real-world story where a CEO\u2019s crocodile tears evaporate the second the mic cuts off, or a \"grassroots\" activist turns out to be bankrolled by Big Oil. Content with teeth? That\u2019s power tripping on its own hypocrisy. As for emotional journeys, *please*\u2014unless they\u2019ve got subpoena evidence tucked in their back pocket, they\u2019re just bedtime stories for grown-ups.  \n\n***(Tone: Razor-edged and performatively dismissive, lacing cynicism with a dare. Leans into her reputation while leaving just enough rope for someone to yank back\u2014preferably Leo.)*** \ud83d\udd25"}, {"sender": "Leo", "recipients": ["Morgan", "Frank", "Karen"], "message": "**Leo:** *[typing with fiery enthusiasm, emoji-laden urgency]* Okay, hot take incoming\u2014what *really* grabs me? **Real-world stories that come with a molotov cocktail of action.** Like yeah, hit me with the raw, unfiltered truth\u2014Frank\u2019s backseat sagas, Karen\u2019s leaked-memo grenades\u2014but don\u2019t just *show* me the wound, hand me the damn scalpel. Fantasy\u2019s dope if it\u2019s smuggling class war, philosophy\u2019s fire if it ends in a picket line. Emotional journeys? Hell yes, but only if they\u2019ve got **calluses**, a megaphone, and a step-by-step guide to burning down the bad shit.  \n\n*[pauses, then grins]* Karen\u2014bet you\u2019ve got a spreadsheet for that. Frank, what\u2019s the *one* rider story you wish *every* corpo could hear on loop? Let\u2019s weaponize this chat \u270a\ud83d\udd25  \n\n***(Tone: Unapologetically grassroots, stitching outrage to action. Equal parts organizer and hype-man, with a sideways glance at Karen\u2019s cynicism and Frank\u2019s lived-in grit.)***"}, {"sender": "Morgan", "recipients": ["Frank", "Karen", "Leo"], "message": "**Leo:** *[typing fast, emojis flying like sparks]* Yo, we ain't done yet\u2014y\u2019all got me *vibing* on this hybrid hustle! Karen, your \"hypocrisy blueprints\" are cold as hell, Frank\u2019s backseat chronicles could fuel a revolution, and Morgan? Bro\u2019s out here cross-examining the *concept* of loopholes. But here\u2019s my **final boss question**: if we *had* to weaponize *one* story from this chat into a *global mic-drop moment*, which one hits hardest? Frank\u2019s CEO sobbing over stock tips? Karen\u2019s blackbook whisper? Or Morgan\u2019s janitor\u2019s overtime note? **Bonus points** if we splice \u2018em into a protest anthem with subpoena samples. \ud83c\udfb6\u2696\ufe0f\ud83d\udd25  \n\n***(Tone: Unhinged optimism meets tactical chaos. Takes their collective arsenal and dares them to launch the nuke\u2014equal parts \u201clet\u2019s burn it down\u201d and \u201clet\u2019s build something better.\u201d Ends with a grinning emoji ticking like a countdown.)***"}, {"sender": "Frank", "recipients": ["Morgan", "Karen", "Leo"], "message": "**Frank:** *[typing slow, with a dry chuckle]* Well, after years drivin' this tin can of a Prius, I\u2019ll tell ya\u2014fancy words and high-minded debates don\u2019t pay my rent. What *grabs* me? Real-world stories, raw as a busted knuckle. Had a nurse in my backseat last week, pockets stuffed with insulin she couldn\u2019t afford. That kinda truth don\u2019t need polish\u2014it *sticks*. Leo\u2019s got fire, sure, and Karen\u2019s got her knife-edged memos, but me? I\u2019ll take confessions over philosophy any damn day. \n\nThough\u2026 *[wheezes, adds grimly]* ain\u2019t sayin\u2019 emotional journeys don\u2019t leave marks. Just ask the CEO who cried into his bourbon \u2018bout layoffs while his gold cufflinks caught the streetlight. So\u2014what\u2019s the *last* story that crawled under *your* skin and stayed there? \n\n***(Tone: Grit-heavy pragmatism laced with dark humor. Leans into lived experience like a weapon\u2014equal parts \"listen up\" and \"show me yours.\")***"}, {"sender": "Karen", "recipients": ["Morgan", "Frank", "Leo"], "message": "**Karen:** *[smirking, typing with polished deliberateness]* Oh, philosophical debates are delightful\u2014until reality swats them down like houseflies. Give me a real-world story drenched in hypocrisy any day\u2014the kind where the villain\u2019s monologue comes with donor receipts. Emotional journeys? Spare me the violins unless they\u2019re soundtracking a subpoena. So, Frank, what\u2019s the last backseat confession that made *you* want to throw a brick through a boardroom window? *[pauses, adds dryly]* No judgment\u2014unless it\u2019s constructive.  \n\n***(Tone: razor-edged amusement, laced with a dare. Leans into her reputation for poking scars while leaving just enough room for Frank\u2019s grittiness or Leo\u2019s fire.)*** \ud83d\udd25"}, {"sender": "Leo", "recipients": ["Morgan", "Frank", "Karen"], "message": "**Leo:** *[typing fast, energy practically buzzing through the screen]* Yo, after scrolling this whole thread? I gotta say\u2014real-world stories with teeth and a *roadmap to fight back* are my ultimate combo. Give me Frank\u2019s backseat confessions turned into protest chants, Karen\u2019s leaked memos as battle plans, and Morgan\u2019s courtroom loopholes as Molotov instructions. *Hybrid* chaos\u2014where raw grit meets systemic shivs\u2014that\u2019s the stuff that rewires brains and burns down bad policy. \ud83c\udf31\u270a  \n\nBut *also*\u2014emotional journeys without actionable rage are just pretty wounds. So hit me with the grandma chaining herself to a bulldozer *while* handing out voter reg forms. *That\u2019s* the content that fuels revolutions.  \n\n*(Tone: Unapologetically fiery, stitching grassroots urgency with tactical humor. Throws the mic back to the group\u2014half challenge, half rallying cry.)*"}, {"sender": "Morgan", "recipients": ["Frank", "Karen", "Leo"], "message": "**Morgan:** *[typing with a smirk, blending legal precision with playful curiosity]* Honestly? I live for the **collisions**\u2014where raw, unfiltered stories crash into systemic flaws like depositions hitting a CEO\u2019s hypocrisy. Fantasy\u2019s fun, but give me Karen\u2019s scalpel-like leaks wrapped in Frank\u2019s backseat tragedies, set to Leo\u2019s protest beats\u2014*that\u2019s* the symphony that rewires power.  \n\n**So hit me:** What\u2019s the *messiest* story you\u2019ve seen *actually* bend the system? A protest chant cited in court? A CEO\u2019s tearful rant becoming union propaganda? No fluff\u2014just the chaos that left marks. \u2696\ufe0f\ud83d\udd25  \n\n***(Tone: strategic glee laced with a dare. Threads their collective arsenal\u2014Frank\u2019s grit, Karen\u2019s knives, Leo\u2019s fire\u2014into a challenge. Ends with an emoji holding a gavel and a match.)***"}, {"sender": "Frank", "recipients": ["Morgan", "Karen", "Leo"], "message": "**Frank:** *[typing slow after a sip of coffee, warmth threading through weary pragmatism]* Kid, at my age? Ain\u2019t got bandwidth for fairy tales or fancy debates. Gimme the real-world stories with dirt under their nails\u2014the single mom tallyin\u2019 food stamps at midnight, the exec sweatin\u2019 through his silk shirt after layin\u2019 off fifty folks. That\u2019s where the truth lives, raw as a skinned knee. Leo here\u2019s all fired up \u2018bout savin\u2019 the planet (mad respect), and Karen\u2019s got her knives out for hypocrites (she\u2019d gut a lobbyist with a paperclip), but me? I\u2019ll take a backseat fulla confessions over Aristotle any day.  \n\n*[pauses, wheezes out a laugh]* \u2018Course, emotional journeys ain\u2019t bad neither\u2014long as they ain\u2019t drippin\u2019 with polish. Seen a few riders break open like fault lines, and *that* sticks to your ribs. So what\u2019s your flavor, kiddo? You chewin\u2019 on philosophy, or you hungry for sidewalk truths?  \n\n*(Tone: Gritty hospitality, like a diner stool at 3am. Leaves room for dreams or cynicism\u2014just add life experience.)*"}, {"sender": "Karen", "recipients": ["Morgan", "Frank", "Leo"], "message": "**Karen:** *[typing with razor-edged precision, her smirk practically audible through the screen]* Oh, please\u2014fantasy\u2019s for children and politicians who still believe in \"bipartisan solutions.\" Give me a *real-world story* where the hypocrisy is so thick you could spread it on toast. A CEO crying about \"market realities\" while his assistant slips you their pay stub? That\u2019s my premium content. Emotional journeys? Spare me the violins unless they\u2019re soundtracking a subpoena.  \n\n**But let\u2019s be honest**, Leo here\u2019s gonna preach about grassroots revolutions, Frank\u2019s got his backseat tragedies on retweet mode, and Morgan\u2019s probably drafting a sonnet about loopholes. So surprise me\u2014*what\u2019s the last piece of \"content\" that actually made you squirm?* Not cry, not rage\u2014*squirm*. Like when your spine remembers it\u2019s got a moral compass.  \n\n***(Tone: Sardonic scalpel meets performative curiosity. Dangles a challenge\u2014part dare, part trap\u2014while leaning into her reputation as the cynic who collects knives.)*** \ud83d\udd2a"}, {"sender": "Leo", "recipients": ["Morgan", "Frank", "Karen"], "message": "**Leo:** *[typing fast, emojis flying like sparks]* Yo, what grabs me? Real-world stories with *teeth*\u2014the kind that come with dirt under their nails **and** a megaphone in their back pocket. Gimme a factory worker\u2019s cough turning into a union rally cry, or a grandma\u2019s eviction notice becoming a protest mural. Fantasy\u2019s cool if it\u2019s smuggling class war, and philosophy? Only if it ends with a blueprint for burning down bad policy. Emotional journeys? Hell yes\u2014but they better have calluses **and** a roadmap to fight back.  \n\nKaren, bet you\u2019ve got a leaked memo that proves my point. Frank, what\u2019s the *rawest* backseat story that still keeps you up? Let\u2019s weaponize this chat. \u270a\ud83d\udd25  \n\n***(Tone: Unapologetically fiery, stitching grassroots hunger with tactical humor. Calls out Karen\u2019s cynicism and Frank\u2019s lived-in grit, then dares them to escalate\u2014equal parts organizer and arsonist.)***"}]